benchmark,pair_id,n,weight,seed,variant,S_fwd,S_rev,decision,correct
AN,1,1000,1.0,0,unnorm,0.02185086732088516,0.06682385041022179,True,1.0
AN,2,1000,1.0,0,unnorm,0.059300535284517376,0.08076001697861528,True,1.0
AN,3,1000,1.0,0,unnorm,0.03447071404787815,0.06292885764370727,True,1.0
AN,4,1000,1.0,0,unnorm,0.01629097558336648,0.07212387986249612,True,1.0
AN,5,1000,1.0,0,unnorm,0.027335440458291522,0.04962520222411482,True,1.0
AN,6,1000,1.0,0,unnorm,0.01760942648441506,0.062115846498131545,True,1.0
AN,7,1000,1.0,0,unnorm,0.009632434354016419,0.07124338119562201,True,1.0
AN,8,1000,1.0,0,unnorm,0.026934855313965746,0.0585163062258448,True,1.0
AN,9,1000,1.0,0,unnorm,0.01703090368854586,0.023690954846702403,True,1.0
AN,10,1000,1.0,0,unnorm,0.0048492271836305225,0.012402948772067905,True,1.0
AN,11,1000,1.0,0,unnorm,0.014535786514422841,0.02100146866040139,True,1.0
AN,12,1000,1.0,0,unnorm,0.02239674676669468,0.035192780235222994,True,1.0
AN,13,1000,1.0,0,unnorm,0.012606941187873949,0.03362240651852765,True,1.0
AN,14,1000,1.0,0,unnorm,0.006815287767529105,0.034768203659223305,True,1.0
AN,15,1000,1.0,0,unnorm,0.011489449167495577,0.03067209149079645,True,1.0
AN,16,1000,1.0,0,unnorm,0.022498462225104255,0.06448164242773868,True,1.0
AN,17,1000,1.0,0,unnorm,0.00999718706237788,0.06624151242294066,True,1.0
AN,18,1000,1.0,0,unnorm,0.01864710128705062,0.019552390260409037,True,1.0
AN,19,1000,1.0,0,unnorm,0.007573558127189794,0.028686417882522432,True,1.0
AN,20,1000,1.0,0,unnorm,0.017613315955954226,0.06850933005531235,True,1.0
AN,21,1000,1.0,0,unnorm,0.005884325262667552,0.017858575696728964,True,1.0
AN,22,1000,1.0,0,unnorm,0.01669422224277073,0.02868195373875347,True,1.0
AN,23,1000,1.0,0,unnorm,0.013217056272357506,0.018739536085016432,True,1.0
AN,24,1000,1.0,0,unnorm,0.01206316881359338,0.01733584415111778,True,1.0
AN,25,1000,1.0,0,unnorm,0.00696866285057559,0.044398105377375735,True,1.0
AN,26,1000,1.0,0,unnorm,0.042773826609516424,0.07617629204306016,True,1.0
AN,27,1000,1.0,0,unnorm,0.009812367645781382,0.032516758765300774,True,1.0
AN,28,1000,1.0,0,unnorm,0.01322411968040008,0.014814028542360153,True,1.0
AN,29,1000,1.0,0,unnorm,0.03504114532963513,0.047354193497908925,True,1.0
AN,30,1000,1.0,0,unnorm,0.025528711379930322,0.05056924306986733,True,1.0
AN,31,1000,1.0,0,unnorm,0.0049362617623040245,0.0251017350676575,True,1.0
AN,32,1000,1.0,0,unnorm,0.039839856616169636,0.07126858733560973,True,1.0
AN,33,1000,1.0,0,unnorm,0.021759739006932913,0.06206117060923798,True,1.0
AN,34,1000,1.0,0,unnorm,0.01816631875637477,0.05401210707145112,True,1.0
AN,35,1000,1.0,0,unnorm,0.006692004547165744,0.07227919539742382,True,1.0
AN,36,1000,1.0,0,unnorm,0.005966167645363893,0.017403910573977548,True,1.0
AN,37,1000,1.0,0,unnorm,0.015914170335025925,0.01916503174987331,True,1.0
AN,38,1000,1.0,0,unnorm,0.025792514594999632,0.03201115624459776,True,1.0
AN,39,1000,1.0,0,unnorm,0.03345221430999787,0.07101377120281818,True,1.0
AN,40,1000,1.0,0,unnorm,0.04295698979095312,0.0505911970596202,True,1.0
AN,41,1000,1.0,0,unnorm,0.02791440309619895,0.0536683889064817,True,1.0
AN,42,1000,1.0,0,unnorm,0.01304121380367922,0.033935967298112275,True,1.0
AN,43,1000,1.0,0,unnorm,0.0161831784374319,0.03166723604496507,True,1.0
AN,44,1000,1.0,0,unnorm,0.027892054752694403,0.06578128953069726,True,1.0
AN,45,1000,1.0,0,unnorm,0.012653823483360584,0.0383445349510063,True,1.0
AN,46,1000,1.0,0,unnorm,0.012855548780510722,0.06673347407622766,True,1.0
AN,47,1000,1.0,0,unnorm,0.016837752347292883,0.04551309719487793,True,1.0
AN,48,1000,1.0,0,unnorm,0.019042992245716622,0.03618291815218043,True,1.0
AN,49,1000,1.0,0,unnorm,0.010946198496512238,0.016488748872306294,True,1.0
AN,50,1000,1.0,0,unnorm,0.0067221006449624,0.016451355191816733,True,1.0
AN,51,1000,1.0,0,unnorm,0.0162073926886635,0.0801695397666889,True,1.0
AN,52,1000,1.0,0,unnorm,0.01389661075640977,0.05439664424550832,True,1.0
AN,53,1000,1.0,0,unnorm,0.011216104197345552,0.08093450928573345,True,1.0
AN,54,1000,1.0,0,unnorm,0.005902352011279153,0.047140286328120735,True,1.0
AN,55,1000,1.0,0,unnorm,0.008173186141146715,0.07668092500252023,True,1.0
AN,56,1000,1.0,0,unnorm,0.025945489448555816,0.0611937266863994,True,1.0
AN,57,1000,1.0,0,unnorm,0.031986412958938046,0.06103119802975144,True,1.0
AN,58,1000,1.0,0,unnorm,0.04856785680624991,0.07265627389523363,True,1.0
AN,59,1000,1.0,0,unnorm,0.013258619446118154,0.015773117766027002,True,1.0
AN,60,1000,1.0,0,unnorm,0.029874250911379397,0.08035482598991715,True,1.0
AN,61,1000,1.0,0,unnorm,0.014321537720462947,0.016737114443912158,True,1.0
AN,62,1000,1.0,0,unnorm,0.022493409149704487,0.06911912364445202,True,1.0
AN,63,1000,1.0,0,unnorm,0.045831835831148,0.07474617412400766,True,1.0
AN,64,1000,1.0,0,unnorm,0.005338607667863413,0.04759321080142652,True,1.0
AN,65,1000,1.0,0,unnorm,0.008503643445201698,0.0680964230763139,True,1.0
AN,66,1000,1.0,0,unnorm,0.007345702521373836,0.05339527405473513,True,1.0
AN,67,1000,1.0,0,unnorm,0.009577653019082876,0.03438290681348044,True,1.0
AN,68,1000,1.0,0,unnorm,0.020378562284048052,0.061508000387023275,True,1.0
AN,69,1000,1.0,0,unnorm,0.009203418025006276,0.04099364297315776,True,1.0
AN,70,1000,1.0,0,unnorm,0.019013591685525525,0.04297444324090937,True,1.0
AN,71,1000,1.0,0,unnorm,0.008298474015041347,0.07326227724789447,True,1.0
AN,72,1000,1.0,0,unnorm,0.022581622789598806,0.07290226687434583,True,1.0
AN,73,1000,1.0,0,unnorm,0.008002638535057647,0.05218534576355774,True,1.0
AN,74,1000,1.0,0,unnorm,0.022954130506187713,0.03432766198161275,True,1.0
AN,75,1000,1.0,0,unnorm,0.011567082534287539,0.05457384421589382,True,1.0
AN,76,1000,1.0,0,unnorm,0.020199876254123856,0.024301970325196,True,1.0
AN,77,1000,1.0,0,unnorm,0.008155872165515927,0.031487394122971045,True,1.0
AN,78,1000,1.0,0,unnorm,0.030515231382747632,0.06426822338821216,True,1.0
AN,79,1000,1.0,0,unnorm,0.00776330791323187,0.06274566744616536,True,1.0
AN,80,1000,1.0,0,unnorm,0.016407178725126106,0.03384126111961348,True,1.0
AN,81,1000,1.0,0,unnorm,0.008651708497622475,0.021166935217523643,True,1.0
AN,82,1000,1.0,0,unnorm,0.02311686181181302,0.07282546292422779,True,1.0
AN,83,1000,1.0,0,unnorm,0.017684729580628274,0.07287702364120503,True,1.0
AN,84,1000,1.0,0,unnorm,0.007148351621160564,0.016199327670600058,True,1.0
AN,85,1000,1.0,0,unnorm,0.041772157455696214,0.05861068149820337,True,1.0
AN,86,1000,1.0,0,unnorm,0.009747632353808825,0.012526798851621165,True,1.0
AN,87,1000,1.0,0,unnorm,0.041006782358735706,0.07788035829373126,True,1.0
AN,88,1000,1.0,0,unnorm,0.011690825631736996,0.05995300274712639,True,1.0
AN,89,1000,1.0,0,unnorm,0.013251303367566325,0.029394783530047087,True,1.0
AN,90,1000,1.0,0,unnorm,0.011767690259245645,0.07773269700600657,True,1.0
AN,91,1000,1.0,0,unnorm,0.016455846577412107,0.060881163622112176,True,1.0
AN,92,1000,1.0,0,unnorm,0.023010456165046794,0.0755704879369793,True,1.0
AN,93,1000,1.0,0,unnorm,0.010220696765650704,0.020734008213818475,True,1.0
AN,94,1000,1.0,0,unnorm,0.02058036290782906,0.049994106028629,True,1.0
AN,95,1000,1.0,0,unnorm,0.01390631971401189,0.034416942178765064,True,1.0
AN,96,1000,1.0,0,unnorm,0.008227974988727843,0.05634358514135527,True,1.0
AN,97,1000,1.0,0,unnorm,0.015256724103520244,0.02717469915313284,True,1.0
AN,98,1000,1.0,0,unnorm,0.010678142425297986,0.047625572662157334,True,1.0
AN,99,1000,1.0,0,unnorm,0.014876121566768222,0.06081214357997682,True,1.0
AN,100,1000,1.0,0,unnorm,0.012025640138727693,0.018308308819359218,True,1.0
AN-s,1,1000,1.0,0,unnorm,0.03269066905503449,0.03287386272128688,True,1.0
AN-s,2,1000,1.0,0,unnorm,0.03168229863213434,0.031504022478024356,False,0.0
AN-s,3,1000,1.0,0,unnorm,0.02799734598629577,0.02802435468300445,True,1.0
AN-s,4,1000,1.0,0,unnorm,0.031548507317802635,0.0319626059043355,True,1.0
AN-s,5,1000,1.0,0,unnorm,0.021620166781617847,0.021776637771789596,True,1.0
AN-s,6,1000,1.0,0,unnorm,0.029284003498881935,0.030020220384301962,True,1.0
AN-s,7,1000,1.0,0,unnorm,0.03774885796621781,0.03830729091882889,True,1.0
AN-s,8,1000,1.0,0,unnorm,0.012065659297251214,0.012500323869744158,True,1.0
AN-s,9,1000,1.0,0,unnorm,0.03284222983259323,0.032777348632056336,False,0.0
AN-s,10,1000,1.0,0,unnorm,0.036869522216750036,0.03779041440265951,True,1.0
AN-s,11,1000,1.0,0,unnorm,0.0341324112078505,0.035046505766289475,True,1.0
AN-s,12,1000,1.0,0,unnorm,0.010915480514384346,0.0108632961431562,False,0.0
AN-s,13,1000,1.0,0,unnorm,0.04554148887667543,0.046365376971362574,True,1.0
AN-s,14,1000,1.0,0,unnorm,0.029529267601668213,0.029760887915938162,True,1.0
AN-s,15,1000,1.0,0,unnorm,0.014224319841416271,0.014099626567281386,False,0.0
AN-s,16,1000,1.0,0,unnorm,0.019172600664481194,0.019772204188112277,True,1.0
AN-s,17,1000,1.0,0,unnorm,0.03363589352721484,0.033952697624326386,True,1.0
AN-s,18,1000,1.0,0,unnorm,0.018376848076549216,0.01842603652272841,True,1.0
AN-s,19,1000,1.0,0,unnorm,0.02869298344366411,0.02935008368356832,True,1.0
AN-s,20,1000,1.0,0,unnorm,0.04897387785539258,0.05071815003855278,True,1.0
AN-s,21,1000,1.0,0,unnorm,0.01938957918524643,0.0196910698508768,True,1.0
AN-s,22,1000,1.0,0,unnorm,0.010687479319423872,0.011062370567879693,True,1.0
AN-s,23,1000,1.0,0,unnorm,0.010196373990573673,0.010209767800542417,True,1.0
AN-s,24,1000,1.0,0,unnorm,0.014613601141928795,0.014872426910844762,True,1.0
AN-s,25,1000,1.0,0,unnorm,0.04452648054095348,0.04550868432910368,True,1.0
AN-s,26,1000,1.0,0,unnorm,0.04048003944012366,0.04055612840325304,True,1.0
AN-s,27,1000,1.0,0,unnorm,0.03577998824942236,0.0366771962628271,True,1.0
AN-s,28,1000,1.0,0,unnorm,0.050449274191025295,0.05219750241300157,True,1.0
AN-s,29,1000,1.0,0,unnorm,0.01540969703695888,0.015666213497285444,True,1.0
AN-s,30,1000,1.0,0,unnorm,0.015357466724537527,0.01536511543244426,True,1.0
AN-s,31,1000,1.0,0,unnorm,0.03361694952617606,0.03438402394627067,True,1.0
AN-s,32,1000,1.0,0,unnorm,0.021217371590307007,0.021174073946730248,False,0.0
AN-s,33,1000,1.0,0,unnorm,0.04616415688519635,0.047121064729211494,True,1.0
AN-s,34,1000,1.0,0,unnorm,0.036797178916808435,0.03800646490645729,True,1.0
AN-s,35,1000,1.0,0,unnorm,0.013197955636854821,0.013166749210324187,False,0.0
AN-s,36,1000,1.0,0,unnorm,0.05115716444841007,0.051736723068845074,True,1.0
AN-s,37,1000,1.0,0,unnorm,0.016115594853083243,0.01648624732504864,True,1.0
AN-s,38,1000,1.0,0,unnorm,0.02563620183743474,0.025689903312621873,True,1.0
AN-s,39,1000,1.0,0,unnorm,0.025502903581839285,0.026073822509119507,True,1.0
AN-s,40,1000,1.0,0,unnorm,0.037557218226673385,0.038303106858897026,True,1.0
AN-s,41,1000,1.0,0,unnorm,0.010822596332686925,0.010770710510378126,False,0.0
AN-s,42,1000,1.0,0,unnorm,0.0177890265761367,0.01801075994784255,True,1.0
AN-s,43,1000,1.0,0,unnorm,0.036871213882208424,0.03680753053010809,False,0.0
AN-s,44,1000,1.0,0,unnorm,0.035636235472341446,0.03636057787662122,True,1.0
AN-s,45,1000,1.0,0,unnorm,0.010224149963077795,0.01033964211208452,True,1.0
AN-s,46,1000,1.0,0,unnorm,0.051888937710642076,0.05301095495572614,True,1.0
AN-s,47,1000,1.0,0,unnorm,0.030428079804479955,0.030855415094487342,True,1.0
AN-s,48,1000,1.0,0,unnorm,0.0263258615992966,0.02671829311819956,True,1.0
AN-s,49,1000,1.0,0,unnorm,0.044087492907455596,0.04446365138884355,True,1.0
AN-s,50,1000,1.0,0,unnorm,0.01852421804861632,0.018421260594713756,False,0.0
AN-s,51,1000,1.0,0,unnorm,0.02804600705217248,0.028813558191311338,True,1.0
AN-s,52,1000,1.0,0,unnorm,0.042700401411073986,0.04279092407781576,True,1.0
AN-s,53,1000,1.0,0,unnorm,0.04012738989930124,0.04057105780010695,True,1.0
AN-s,54,1000,1.0,0,unnorm,0.03236382735250255,0.032799485392678907,True,1.0
AN-s,55,1000,1.0,0,unnorm,0.010024912227542666,0.010026442381507763,True,1.0
AN-s,56,1000,1.0,0,unnorm,0.010508283815403443,0.010559453608831076,True,1.0
AN-s,57,1000,1.0,0,unnorm,0.026620773455076064,0.026866766784765878,True,1.0
AN-s,58,1000,1.0,0,unnorm,0.018289397770861693,0.018658993674271974,True,1.0
AN-s,59,1000,1.0,0,unnorm,0.03379883601685631,0.034616193433942566,True,1.0
AN-s,60,1000,1.0,0,unnorm,0.04265233627136214,0.042769385736251254,True,1.0
AN-s,61,1000,1.0,0,unnorm,0.027305571785797803,0.028726392144104808,True,1.0
AN-s,62,1000,1.0,0,unnorm,0.016779591292599316,0.016838195830665433,True,1.0
AN-s,63,1000,1.0,0,unnorm,0.04699476402737333,0.047189862247314585,True,1.0
AN-s,64,1000,1.0,0,unnorm,0.03591031904531494,0.036033874482953455,True,1.0
AN-s,65,1000,1.0,0,unnorm,0.02602769026955934,0.026537821381279074,True,1.0
AN-s,66,1000,1.0,0,unnorm,0.026789786614032113,0.026260592133087794,False,0.0
AN-s,67,1000,1.0,0,unnorm,0.0399814948587966,0.0396997937963765,False,0.0
AN-s,68,1000,1.0,0,unnorm,0.012355564819323196,0.012189469654657241,False,0.0
AN-s,69,1000,1.0,0,unnorm,0.008843287324452238,0.008826275171195446,False,0.0
AN-s,70,1000,1.0,0,unnorm,0.03010134916191438,0.030122566289209115,True,1.0
AN-s,71,1000,1.0,0,unnorm,0.044366265916262144,0.04522389126297139,True,1.0
AN-s,72,1000,1.0,0,unnorm,0.03884172795716666,0.03942763260612533,True,1.0
AN-s,73,1000,1.0,0,unnorm,0.009000170606253367,0.008973937961615608,False,0.0
AN-s,74,1000,1.0,0,unnorm,0.017734881985440227,0.018243480934519895,True,1.0
AN-s,75,1000,1.0,0,unnorm,0.01891563761786335,0.019215673459437692,True,1.0
AN-s,76,1000,1.0,0,unnorm,0.014929136152714793,0.015157755308450252,True,1.0
AN-s,77,1000,1.0,0,unnorm,0.039292111357131454,0.040554345963668116,True,1.0
AN-s,78,1000,1.0,0,unnorm,0.024848771478903655,0.026366537084854303,True,1.0
AN-s,79,1000,1.0,0,unnorm,0.05776588088500184,0.05779070047726403,True,1.0
AN-s,80,1000,1.0,0,unnorm,0.022645677224850554,0.023159866539432,True,1.0
AN-s,81,1000,1.0,0,unnorm,0.03479713514929122,0.0354498904146009,True,1.0
AN-s,82,1000,1.0,0,unnorm,0.013133797712333481,0.01304850810907666,False,0.0
AN-s,83,1000,1.0,0,unnorm,0.037453990276363695,0.03827719704983436,True,1.0
AN-s,84,1000,1.0,0,unnorm,0.043104427815783435,0.0435045002147815,True,1.0
AN-s,85,1000,1.0,0,unnorm,0.01563058589781238,0.015942586333572532,True,1.0
AN-s,86,1000,1.0,0,unnorm,0.015050236466806009,0.015486035896493212,True,1.0
AN-s,87,1000,1.0,0,unnorm,0.016300025636464745,0.016528929329832534,True,1.0
AN-s,88,1000,1.0,0,unnorm,0.03542348411775768,0.03542332819142395,False,0.0
AN-s,89,1000,1.0,0,unnorm,0.046629431467462804,0.04806436511721053,True,1.0
AN-s,90,1000,1.0,0,unnorm,0.0405151434385157,0.040784020041810067,True,1.0
AN-s,91,1000,1.0,0,unnorm,0.049557052222742495,0.05147680322746154,True,1.0
AN-s,92,1000,1.0,0,unnorm,0.015499720062863365,0.015684226929377692,True,1.0
AN-s,93,1000,1.0,0,unnorm,0.01960929849108986,0.01960427741201195,False,0.0
AN-s,94,1000,1.0,0,unnorm,0.02715987401163602,0.027541887179749768,True,1.0
AN-s,95,1000,1.0,0,unnorm,0.055687781886464525,0.05747557272090225,True,1.0
AN-s,96,1000,1.0,0,unnorm,0.009561103862694502,0.009587943564807973,True,1.0
AN-s,97,1000,1.0,0,unnorm,0.05385788050895743,0.05461310238263267,True,1.0
AN-s,98,1000,1.0,0,unnorm,0.027375562043202305,0.027664821807067044,True,1.0
AN-s,99,1000,1.0,0,unnorm,0.025090243730780646,0.026193394574867176,True,1.0
AN-s,100,1000,1.0,0,unnorm,0.04197512252853262,0.04208596201538673,True,1.0
LS,1,1000,1.0,0,unnorm,0.04225562670523619,0.07172097290443907,True,1.0
LS,2,1000,1.0,0,unnorm,0.0360360078415282,0.060539459778246506,True,1.0
LS,3,1000,1.0,0,unnorm,0.005409124807035841,0.07159000022244262,True,1.0
LS,4,1000,1.0,0,unnorm,0.03529493934287424,0.06940048737296861,True,1.0
LS,5,1000,1.0,0,unnorm,0.020121699963819555,0.08089852289983974,True,1.0
LS,6,1000,1.0,0,unnorm,0.008606948426127426,0.01664973073998385,True,1.0
LS,7,1000,1.0,0,unnorm,0.03603129256487494,0.07172655695771203,True,1.0
LS,8,1000,1.0,0,unnorm,0.006124401709087003,0.03975838061030198,True,1.0
LS,9,1000,1.0,0,unnorm,0.01448031655887487,0.05951326846069618,True,1.0
LS,10,1000,1.0,0,unnorm,0.014008402686262031,0.050835592045415476,True,1.0
LS,11,1000,1.0,0,unnorm,0.021168218641268183,0.07154943834431657,True,1.0
LS,12,1000,1.0,0,unnorm,0.018851509070754092,0.06537606948456101,True,1.0
LS,13,1000,1.0,0,unnorm,0.060755153855681095,0.06329880015969531,True,1.0
LS,14,1000,1.0,0,unnorm,0.005877483418574781,0.022378632889700045,True,1.0
LS,15,1000,1.0,0,unnorm,0.05463138125593553,0.06116787027146654,True,1.0
LS,16,1000,1.0,0,unnorm,0.032934014847678494,0.07334900148360224,True,1.0
LS,17,1000,1.0,0,unnorm,0.029029305877191765,0.05683508195502778,True,1.0
LS,18,1000,1.0,0,unnorm,0.012482888787317785,0.01559642357581635,True,1.0
LS,19,1000,1.0,0,unnorm,0.01385635305122499,0.03940609919681297,True,1.0
LS,20,1000,1.0,0,unnorm,0.014911020509926147,0.02107192862839294,True,1.0
LS,21,1000,1.0,0,unnorm,0.01326965738515586,0.050930654009530986,True,1.0
LS,22,1000,1.0,0,unnorm,0.018129415282191513,0.040465292883150046,True,1.0
LS,23,1000,1.0,0,unnorm,0.022461051276872753,0.03155401763575073,True,1.0
LS,24,1000,1.0,0,unnorm,0.007755360781673391,0.07335208592960417,True,1.0
LS,25,1000,1.0,0,unnorm,0.02452945840489382,0.051284593194152704,True,1.0
LS,26,1000,1.0,0,unnorm,0.007599169797809711,0.05033255552551765,True,1.0
LS,27,1000,1.0,0,unnorm,0.02153180926044525,0.0661416197594912,True,1.0
LS,28,1000,1.0,0,unnorm,0.023849024390823412,0.06895764047767115,True,1.0
LS,29,1000,1.0,0,unnorm,0.04272196534227744,0.07236466676034828,True,1.0
LS,30,1000,1.0,0,unnorm,0.020999795997591032,0.04499835539310133,True,1.0
LS,31,1000,1.0,0,unnorm,0.013944805535772658,0.04729300592860717,True,1.0
LS,32,1000,1.0,0,unnorm,0.023983133115123147,0.04702719148512647,True,1.0
LS,33,1000,1.0,0,unnorm,0.025769968762009668,0.034456701388629614,True,1.0
LS,34,1000,1.0,0,unnorm,0.020932056825146806,0.05749512660610103,True,1.0
LS,35,1000,1.0,0,unnorm,0.03130541408460748,0.0702711584586056,True,1.0
LS,36,1000,1.0,0,unnorm,0.046550915717040356,0.05793734457708545,True,1.0
LS,37,1000,1.0,0,unnorm,0.02247181884169898,0.05752178931243171,True,1.0
LS,38,1000,1.0,0,unnorm,0.0074170380995050925,0.026227168629977714,True,1.0
LS,39,1000,1.0,0,unnorm,0.011768909534068846,0.06936949038264492,True,1.0
LS,40,1000,1.0,0,unnorm,0.06005531297553307,0.07652885338960831,True,1.0
LS,41,1000,1.0,0,unnorm,0.04725846951873496,0.0679602730761377,True,1.0
LS,42,1000,1.0,0,unnorm,0.009730270763299671,0.023991968171469823,True,1.0
LS,43,1000,1.0,0,unnorm,0.011891489761885086,0.039114487819564774,True,1.0
LS,44,1000,1.0,0,unnorm,0.011140555252377607,0.03204114626659293,True,1.0
LS,45,1000,1.0,0,unnorm,0.03664051336862618,0.05402288083686064,True,1.0
LS,46,1000,1.0,0,unnorm,0.008589742167817983,0.023756100336570732,True,1.0
LS,47,1000,1.0,0,unnorm,0.02113042648469625,0.03783425326043034,True,1.0
LS,48,1000,1.0,0,unnorm,0.019546757281157484,0.027204372755244746,True,1.0
LS,49,1000,1.0,0,unnorm,0.025217189661521092,0.0494202019327628,True,1.0
LS,50,1000,1.0,0,unnorm,0.02620154387273554,0.06065119634271754,True,1.0
LS,51,1000,1.0,0,unnorm,0.022163767824071846,0.030658067840321025,True,1.0
LS,52,1000,1.0,0,unnorm,0.017046910563077767,0.05063165801966525,True,1.0
LS,53,1000,1.0,0,unnorm,0.042189562784183544,0.07620792101786553,True,1.0
LS,54,1000,1.0,0,unnorm,0.04654365797725336,0.0794039411148299,True,1.0
LS,55,1000,1.0,0,unnorm,0.04828520259293335,0.0549003569532847,True,1.0
LS,56,1000,1.0,0,unnorm,0.020521883211993823,0.03972426825491373,True,1.0
LS,57,1000,1.0,0,unnorm,0.04530704784556027,0.07222675364983748,True,1.0
LS,58,1000,1.0,0,unnorm,0.013521637381143755,0.034768078123640786,True,1.0
LS,59,1000,1.0,0,unnorm,0.025549237904949975,0.07033974093739626,True,1.0
LS,60,1000,1.0,0,unnorm,0.057744307783904665,0.06265405368234823,True,1.0
LS,61,1000,1.0,0,unnorm,0.048168414816999384,0.06745212576476974,True,1.0
LS,62,1000,1.0,0,unnorm,0.01864774104139666,0.05129259376187318,True,1.0
LS,63,1000,1.0,0,unnorm,0.00825041173522659,0.03371972835486429,True,1.0
LS,64,1000,1.0,0,unnorm,0.007417448201832734,0.06568913163325923,True,1.0
LS,65,1000,1.0,0,unnorm,0.009353398098783525,0.07383668677980416,True,1.0
LS,66,1000,1.0,0,unnorm,0.02984447639623592,0.06113588280990791,True,1.0
LS,67,1000,1.0,0,unnorm,0.013781301242687616,0.05707207393805422,True,1.0
LS,68,1000,1.0,0,unnorm,0.012867543649045082,0.07500041691875074,True,1.0
LS,69,1000,1.0,0,unnorm,0.012189692672433756,0.05811541712231767,True,1.0
LS,70,1000,1.0,0,unnorm,0.008424181270106952,0.06257895337310092,True,1.0
LS,71,1000,1.0,0,unnorm,0.017363413115473614,0.0283463168004899,True,1.0
LS,72,1000,1.0,0,unnorm,0.0075254251623564205,0.055322224338544904,True,1.0
LS,73,1000,1.0,0,unnorm,0.03743713615451119,0.06805534462454314,True,1.0
LS,74,1000,1.0,0,unnorm,0.011576543104691443,0.033242180983253156,True,1.0
LS,75,1000,1.0,0,unnorm,0.01388919818904475,0.04241044580590186,True,1.0
LS,76,1000,1.0,0,unnorm,0.03718819724039698,0.04408179699222343,True,1.0
LS,77,1000,1.0,0,unnorm,0.019007100038108106,0.0649646661249581,True,1.0
LS,78,1000,1.0,0,unnorm,0.02963647400265416,0.06243332954474159,True,1.0
LS,79,1000,1.0,0,unnorm,0.02357367224488045,0.06058292583810248,True,1.0
LS,80,1000,1.0,0,unnorm,0.01395073435047114,0.06036722226400304,True,1.0
LS,81,1000,1.0,0,unnorm,0.02394533378247509,0.02864178486819119,True,1.0
LS,82,1000,1.0,0,unnorm,0.006374651165713537,0.05707960856027626,True,1.0
LS,83,1000,1.0,0,unnorm,0.02564967439664898,0.061240109688163145,True,1.0
LS,84,1000,1.0,0,unnorm,0.016727927853079017,0.06723216937141918,True,1.0
LS,85,1000,1.0,0,unnorm,0.007248334536576262,0.032446521258219965,True,1.0
LS,86,1000,1.0,0,unnorm,0.028814896409012396,0.08069817126747555,True,1.0
LS,87,1000,1.0,0,unnorm,0.009985967418506542,0.07056953446251714,True,1.0
LS,88,1000,1.0,0,unnorm,0.00637159697168379,0.04846373504146416,True,1.0
LS,89,1000,1.0,0,unnorm,0.0159337284658274,0.01993754086388103,True,1.0
LS,90,1000,1.0,0,unnorm,0.03362255237769084,0.0556768030246967,True,1.0
LS,91,1000,1.0,0,unnorm,0.019660774527566826,0.051836534440089344,True,1.0
LS,92,1000,1.0,0,unnorm,0.00868324812320114,0.06433062554190569,True,1.0
LS,93,1000,1.0,0,unnorm,0.03613374053997989,0.05054224533584142,True,1.0
LS,94,1000,1.0,0,unnorm,0.01152212169308485,0.06490399096074853,True,1.0
LS,95,1000,1.0,0,unnorm,0.03160005614154252,0.06744157930321398,True,1.0
LS,96,1000,1.0,0,unnorm,0.008711801483401834,0.0538185403296151,True,1.0
LS,97,1000,1.0,0,unnorm,0.023521054305794153,0.04285099097711267,True,1.0
LS,98,1000,1.0,0,unnorm,0.058499732488702536,0.0683754742054377,True,1.0
LS,99,1000,1.0,0,unnorm,0.02983170383234219,0.050111961841338724,True,1.0
LS,100,1000,1.0,0,unnorm,0.012017344215751395,0.020685836134251526,True,1.0
LS-s,1,1000,1.0,0,unnorm,0.008029397059223706,0.008248589030692527,True,1.0
LS-s,2,1000,1.0,0,unnorm,0.009471085709189676,0.009529742401341738,True,1.0
LS-s,3,1000,1.0,0,unnorm,0.04006112046848015,0.04338518005773381,True,1.0
LS-s,4,1000,1.0,0,unnorm,0.006470531023372874,0.006459744466590867,False,0.0
LS-s,5,1000,1.0,0,unnorm,0.013830147126815021,0.014515338728371687,True,1.0
LS-s,6,1000,1.0,0,unnorm,0.047914729818188624,0.05097350270907869,True,1.0
LS-s,7,1000,1.0,0,unnorm,0.008325731198898822,0.00849723300428813,True,1.0
LS-s,8,1000,1.0,0,unnorm,0.007342216158294419,0.0077225416742285925,True,1.0
LS-s,9,1000,1.0,0,unnorm,0.006901022356810552,0.0067898076841143235,False,0.0
LS-s,10,1000,1.0,0,unnorm,0.01601239655809961,0.016639630571988296,True,1.0
LS-s,11,1000,1.0,0,unnorm,0.009171912937030027,0.009310762321246372,True,1.0
LS-s,12,1000,1.0,0,unnorm,0.038023674766509204,0.040492216533000905,True,1.0
LS-s,13,1000,1.0,0,unnorm,0.04785323320843184,0.051226719080766085,True,1.0
LS-s,14,1000,1.0,0,unnorm,0.008074170498598661,0.008055551348285525,False,0.0
LS-s,15,1000,1.0,0,unnorm,0.007132152816848177,0.007296857426133176,True,1.0
LS-s,16,1000,1.0,0,unnorm,0.05709384948239693,0.061107437566119326,True,1.0
LS-s,17,1000,1.0,0,unnorm,0.024573089136833405,0.026504929648492343,True,1.0
LS-s,18,1000,1.0,0,unnorm,0.012018058390546208,0.012687654151293495,True,1.0
LS-s,19,1000,1.0,0,unnorm,0.04810174858076568,0.05013648388523502,True,1.0
LS-s,20,1000,1.0,0,unnorm,0.007625386853269142,0.007597808896856458,False,0.0
LS-s,21,1000,1.0,0,unnorm,0.05493310535671592,0.05937311491971399,True,1.0
LS-s,22,1000,1.0,0,unnorm,0.048852878337565735,0.05151581011268751,True,1.0
LS-s,23,1000,1.0,0,unnorm,0.04751758140450327,0.050388828157597765,True,1.0
LS-s,24,1000,1.0,0,unnorm,0.03209403923975012,0.035470270304115814,True,1.0
LS-s,25,1000,1.0,0,unnorm,0.009612942902170638,0.009707430798419446,True,1.0
LS-s,26,1000,1.0,0,unnorm,0.018454831444748014,0.01968991580472449,True,1.0
LS-s,27,1000,1.0,0,unnorm,0.013941862356908993,0.014720974116551936,True,1.0
LS-s,28,1000,1.0,0,unnorm,0.03940413235325595,0.042567615393441505,True,1.0
LS-s,29,1000,1.0,0,unnorm,0.010954559820511418,0.011542826321638505,True,1.0
LS-s,30,1000,1.0,0,unnorm,0.008136881466431845,0.008156514139082863,True,1.0
LS-s,31,1000,1.0,0,unnorm,0.017129152532263613,0.018154713005774713,True,1.0
LS-s,32,1000,1.0,0,unnorm,0.006025400948116887,0.00605087907340017,True,1.0
LS-s,33,1000,1.0,0,unnorm,0.01258416441610524,0.01328643640480091,True,1.0
LS-s,34,1000,1.0,0,unnorm,0.053477256459793045,0.05690128517370472,True,1.0
LS-s,35,1000,1.0,0,unnorm,0.02603174279162328,0.02763209042520211,True,1.0
LS-s,36,1000,1.0,0,unnorm,0.007349956178573355,0.00732938791742315,False,0.0
LS-s,37,1000,1.0,0,unnorm,0.010521001436772872,0.010875043481922949,True,1.0
LS-s,38,1000,1.0,0,unnorm,0.014574228527997174,0.014982596000844608,True,1.0
LS-s,39,1000,1.0,0,unnorm,0.03759275864091993,0.04009609872832788,True,1.0
LS-s,40,1000,1.0,0,unnorm,0.008466644435734836,0.008824486471142833,True,1.0
LS-s,41,1000,1.0,0,unnorm,0.007269237044629026,0.007993186645685116,True,1.0
LS-s,42,1000,1.0,0,unnorm,0.03754527926469511,0.04060433897117073,True,1.0
LS-s,43,1000,1.0,0,unnorm,0.008885666309057592,0.008868382567456994,False,0.0
LS-s,44,1000,1.0,0,unnorm,0.005262209563859334,0.005381736376003293,True,1.0
LS-s,45,1000,1.0,0,unnorm,0.0095045411870776,0.009679457909837364,True,1.0
LS-s,46,1000,1.0,0,unnorm,0.04717443126423404,0.05111992433628505,True,1.0
LS-s,47,1000,1.0,0,unnorm,0.04691279001431488,0.05097231418951054,True,1.0
LS-s,48,1000,1.0,0,unnorm,0.0060572703367080104,0.006292317815598207,True,1.0
LS-s,49,1000,1.0,0,unnorm,0.01112356012066427,0.011189398208754154,True,1.0
LS-s,50,1000,1.0,0,unnorm,0.0060729407687308825,0.006265652733595563,True,1.0
LS-s,51,1000,1.0,0,unnorm,0.01029388594251128,0.010271691579515322,False,0.0
LS-s,52,1000,1.0,0,unnorm,0.007858981647813675,0.008132258927299128,True,1.0
LS-s,53,1000,1.0,0,unnorm,0.010350484899729685,0.010765975480785067,True,1.0
LS-s,54,1000,1.0,0,unnorm,0.0063324150081067,0.006427682744680465,True,1.0
LS-s,55,1000,1.0,0,unnorm,0.025841911691647894,0.028137077337919772,True,1.0
LS-s,56,1000,1.0,0,unnorm,0.04539829388482414,0.04812702067613198,True,1.0
LS-s,57,1000,1.0,0,unnorm,0.03440653579106514,0.035559745688836644,True,1.0
LS-s,58,1000,1.0,0,unnorm,0.009718914084652757,0.010001715927196373,True,1.0
LS-s,59,1000,1.0,0,unnorm,0.05539606368246216,0.05882684775934286,True,1.0
LS-s,60,1000,1.0,0,unnorm,0.011184178809828207,0.011415105828966788,True,1.0
LS-s,61,1000,1.0,0,unnorm,0.025026913907014225,0.027200145962600824,True,1.0
LS-s,62,1000,1.0,0,unnorm,0.00671928127164619,0.00673462974531461,True,1.0
LS-s,63,1000,1.0,0,unnorm,0.006773917903228991,0.006607606875079419,False,0.0
LS-s,64,1000,1.0,0,unnorm,0.037009914424879296,0.03929146301268352,True,1.0
LS-s,65,1000,1.0,0,unnorm,0.028006236236310433,0.029988357901776643,True,1.0
LS-s,66,1000,1.0,0,unnorm,0.03350868676532884,0.035348823429845855,True,1.0
LS-s,67,1000,1.0,0,unnorm,0.01053813658389057,0.010401762149589239,False,0.0
LS-s,68,1000,1.0,0,unnorm,0.028776456018973617,0.030948613394686353,True,1.0
LS-s,69,1000,1.0,0,unnorm,0.009238636270654636,0.009323146873752465,True,1.0
LS-s,70,1000,1.0,0,unnorm,0.008049333519560647,0.008437285590493532,True,1.0
LS-s,71,1000,1.0,0,unnorm,0.029978216131828817,0.03149725812192175,True,1.0
LS-s,72,1000,1.0,0,unnorm,0.005617114903678672,0.005666728528661656,True,1.0
LS-s,73,1000,1.0,0,unnorm,0.005643721765754341,0.005834499383368014,True,1.0
LS-s,74,1000,1.0,0,unnorm,0.00874574979475741,0.008685338380073168,False,0.0
LS-s,75,1000,1.0,0,unnorm,0.009184274587870833,0.00951187638288146,True,1.0
LS-s,76,1000,1.0,0,unnorm,0.022350464781803053,0.02443334542805305,True,1.0
LS-s,77,1000,1.0,0,unnorm,0.04558511764110993,0.049872702893525196,True,1.0
LS-s,78,1000,1.0,0,unnorm,0.016512254071010923,0.01744621671995094,True,1.0
LS-s,79,1000,1.0,0,unnorm,0.006370243288276743,0.006495871190210731,True,1.0
LS-s,80,1000,1.0,0,unnorm,0.036432953952856055,0.03908027074115962,True,1.0
LS-s,81,1000,1.0,0,unnorm,0.005556296148062727,0.005682508793895538,True,1.0
LS-s,82,1000,1.0,0,unnorm,0.006298276581843737,0.006264470655737509,False,0.0
LS-s,83,1000,1.0,0,unnorm,0.01070450424437792,0.01084390752149807,True,1.0
LS-s,84,1000,1.0,0,unnorm,0.006480090819029232,0.006389018040342039,False,0.0
LS-s,85,1000,1.0,0,unnorm,0.030773338454092566,0.03339678934019708,True,1.0
LS-s,86,1000,1.0,0,unnorm,0.0444994582266004,0.04714155454747502,True,1.0
LS-s,87,1000,1.0,0,unnorm,0.01368353688804292,0.014905101878707371,True,1.0
LS-s,88,1000,1.0,0,unnorm,0.010039404742531751,0.010016517965687144,False,0.0
LS-s,89,1000,1.0,0,unnorm,0.01391266337066507,0.014204684386001929,True,1.0
LS-s,90,1000,1.0,0,unnorm,0.009439533284133052,0.009831070463915037,True,1.0
LS-s,91,1000,1.0,0,unnorm,0.006899869472904199,0.007040380716896475,True,1.0
LS-s,92,1000,1.0,0,unnorm,0.029275990952635837,0.032792366342903764,True,1.0
LS-s,93,1000,1.0,0,unnorm,0.010103801569470381,0.009930275916456746,False,0.0
LS-s,94,1000,1.0,0,unnorm,0.013689848023183147,0.013622067963975122,False,0.0
LS-s,95,1000,1.0,0,unnorm,0.04887971558478235,0.0523326089658471,True,1.0
LS-s,96,1000,1.0,0,unnorm,0.007617483974844574,0.007720766317656485,True,1.0
LS-s,97,1000,1.0,0,unnorm,0.030946130049332145,0.03285989928588667,True,1.0
LS-s,98,1000,1.0,0,unnorm,0.01175683946108046,0.011895087219043044,True,1.0
LS-s,99,1000,1.0,0,unnorm,0.006456433578323052,0.006409514920697049,False,0.0
LS-s,100,1000,1.0,0,unnorm,0.007622375060797908,0.007801006462689408,True,1.0
MN-U,1,1000,1.0,0,unnorm,0.04533702901644732,0.04760704673313967,True,1.0
MN-U,2,1000,1.0,0,unnorm,0.02616992795418752,0.027643098919593333,True,1.0
MN-U,3,1000,1.0,0,unnorm,0.021552622318668502,0.023524250049543824,True,1.0
MN-U,4,1000,1.0,0,unnorm,0.05918876877022274,0.061794243881985435,True,1.0
MN-U,5,1000,1.0,0,unnorm,0.02634104937069586,0.02720540296528054,True,1.0
MN-U,6,1000,1.0,0,unnorm,0.054408404994607966,0.057607476722275175,True,1.0
MN-U,7,1000,1.0,0,unnorm,0.01841707805256953,0.01942272829918977,True,1.0
MN-U,8,1000,1.0,0,unnorm,0.02488253271777807,0.026009125167847976,True,1.0
MN-U,9,1000,1.0,0,unnorm,0.054532605660801176,0.05611167089650998,True,1.0
MN-U,10,1000,1.0,0,unnorm,0.04604274225528365,0.04957794257686879,True,1.0
MN-U,11,1000,1.0,0,unnorm,0.049018024645679295,0.05008376175090038,True,1.0
MN-U,12,1000,1.0,0,unnorm,0.03991375104184942,0.04394385150467389,True,1.0
MN-U,13,1000,1.0,0,unnorm,0.016756668885523806,0.01866891213158114,True,1.0
MN-U,14,1000,1.0,0,unnorm,0.01668646343866817,0.01804449342605568,True,1.0
MN-U,15,1000,1.0,0,unnorm,0.05285827327720376,0.05429700142665694,True,1.0
MN-U,16,1000,1.0,0,unnorm,0.022104400615182436,0.023466694603504597,True,1.0
MN-U,17,1000,1.0,0,unnorm,0.015926100913922436,0.01713852381926515,True,1.0
MN-U,18,1000,1.0,0,unnorm,0.03057929682300133,0.03279205574836135,True,1.0
MN-U,19,1000,1.0,0,unnorm,0.02713803296343132,0.029928488362734432,True,1.0
MN-U,20,1000,1.0,0,unnorm,0.014920149900029149,0.016242910477816067,True,1.0
MN-U,21,1000,1.0,0,unnorm,0.03276702950701569,0.03479856543501029,True,1.0
MN-U,22,1000,1.0,0,unnorm,0.01599265655741247,0.01743044364415737,True,1.0
MN-U,23,1000,1.0,0,unnorm,0.014687458010211898,0.01633730349920827,True,1.0
MN-U,24,1000,1.0,0,unnorm,0.043769662332983704,0.046887455926557776,True,1.0
MN-U,25,1000,1.0,0,unnorm,0.02551565570939489,0.027019389429736942,True,1.0
MN-U,26,1000,1.0,0,unnorm,0.029290783219604245,0.03095369620300511,True,1.0
MN-U,27,1000,1.0,0,unnorm,0.036341793084352696,0.03795350413762172,True,1.0
MN-U,28,1000,1.0,0,unnorm,0.06135778747934016,0.06298715224330953,True,1.0
MN-U,29,1000,1.0,0,unnorm,0.01462519886151186,0.015903537033986438,True,1.0
MN-U,30,1000,1.0,0,unnorm,0.01704617700102971,0.01835181269230946,True,1.0
MN-U,31,1000,1.0,0,unnorm,0.04119935202632712,0.043431316279505985,True,1.0
MN-U,32,1000,1.0,0,unnorm,0.018376667056481534,0.019832705099172045,True,1.0
MN-U,33,1000,1.0,0,unnorm,0.02204749074523215,0.023587768173847973,True,1.0
MN-U,34,1000,1.0,0,unnorm,0.014705306295342127,0.015531290496748486,True,1.0
MN-U,35,1000,1.0,0,unnorm,0.014643617993654566,0.016147868010454727,True,1.0
MN-U,36,1000,1.0,0,unnorm,0.02274779950321563,0.024106191664718796,True,1.0
MN-U,37,1000,1.0,0,unnorm,0.04872395013395106,0.05145793159778636,True,1.0
MN-U,38,1000,1.0,0,unnorm,0.0467113831459989,0.04887036963328074,True,1.0
MN-U,39,1000,1.0,0,unnorm,0.02636613915283869,0.028833180843762733,True,1.0
MN-U,40,1000,1.0,0,unnorm,0.021151324748514517,0.023546472599899365,True,1.0
MN-U,41,1000,1.0,0,unnorm,0.044284924208006345,0.0460505530950105,True,1.0
MN-U,42,1000,1.0,0,unnorm,0.027420154335616606,0.028905148970508665,True,1.0
MN-U,43,1000,1.0,0,unnorm,0.05431764388538532,0.056283467057137666,True,1.0
MN-U,44,1000,1.0,0,unnorm,0.013900107957933505,0.015025442563000152,True,1.0
MN-U,45,1000,1.0,0,unnorm,0.022649266537557215,0.0245404685038523,True,1.0
MN-U,46,1000,1.0,0,unnorm,0.01453635874193273,0.015687857692049747,True,1.0
MN-U,47,1000,1.0,0,unnorm,0.025052255324002272,0.026268779486727706,True,1.0
MN-U,48,1000,1.0,0,unnorm,0.05083998065338637,0.052134741463035705,True,1.0
MN-U,49,1000,1.0,0,unnorm,0.028057594546099573,0.03033847996838524,True,1.0
MN-U,50,1000,1.0,0,unnorm,0.028441759446087175,0.030228606915468907,True,1.0
MN-U,51,1000,1.0,0,unnorm,0.044415625290695974,0.04756303908495639,True,1.0
MN-U,52,1000,1.0,0,unnorm,0.02882030392349437,0.0311918839447985,True,1.0
MN-U,53,1000,1.0,0,unnorm,0.040601580194839976,0.04307082397169173,True,1.0
MN-U,54,1000,1.0,0,unnorm,0.04588796054642935,0.046360488425482925,True,1.0
MN-U,55,1000,1.0,0,unnorm,0.03590941249197248,0.0374970083031217,True,1.0
MN-U,56,1000,1.0,0,unnorm,0.020110506077942392,0.0212934883248359,True,1.0
MN-U,57,1000,1.0,0,unnorm,0.03579843373997355,0.03818928156176697,True,1.0
MN-U,58,1000,1.0,0,unnorm,0.013304161578805483,0.014171208681426784,True,1.0
MN-U,59,1000,1.0,0,unnorm,0.0400048832171697,0.042157318769502065,True,1.0
MN-U,60,1000,1.0,0,unnorm,0.024207426087393076,0.025924827242286577,True,1.0
MN-U,61,1000,1.0,0,unnorm,0.036136330033254976,0.03838897821121594,True,1.0
MN-U,62,1000,1.0,0,unnorm,0.037870596448545214,0.04169959291844898,True,1.0
MN-U,63,1000,1.0,0,unnorm,0.044985436945482155,0.04923504607336282,True,1.0
MN-U,64,1000,1.0,0,unnorm,0.05393442667320136,0.056044664092209436,True,1.0
MN-U,65,1000,1.0,0,unnorm,0.057548946730317345,0.061032292738523605,True,1.0
MN-U,66,1000,1.0,0,unnorm,0.04942391092293081,0.05188677620065797,True,1.0
MN-U,67,1000,1.0,0,unnorm,0.015873351100452376,0.01759422764561549,True,1.0
MN-U,68,1000,1.0,0,unnorm,0.042223356394670904,0.044897766334067286,True,1.0
MN-U,69,1000,1.0,0,unnorm,0.0599989278753542,0.06286630765194565,True,1.0
MN-U,70,1000,1.0,0,unnorm,0.024966303755058854,0.027110100839343804,True,1.0
MN-U,71,1000,1.0,0,unnorm,0.012683292431145859,0.013672237852888678,True,1.0
MN-U,72,1000,1.0,0,unnorm,0.017435465500763747,0.018802696342079858,True,1.0
MN-U,73,1000,1.0,0,unnorm,0.03006202794390982,0.031692549220760535,True,1.0
MN-U,74,1000,1.0,0,unnorm,0.029033743730414466,0.030072290447844686,True,1.0
MN-U,75,1000,1.0,0,unnorm,0.02645094072386909,0.027860217582538496,True,1.0
MN-U,76,1000,1.0,0,unnorm,0.02448214149153106,0.026535104492766196,True,1.0
MN-U,77,1000,1.0,0,unnorm,0.05617168585768257,0.05855160313360975,True,1.0
MN-U,78,1000,1.0,0,unnorm,0.029926119667311596,0.031214032019750183,True,1.0
MN-U,79,1000,1.0,0,unnorm,0.04626860779713746,0.048227322433462845,True,1.0
MN-U,80,1000,1.0,0,unnorm,0.04795419466536514,0.04932883868314534,True,1.0
MN-U,81,1000,1.0,0,unnorm,0.06152531397071822,0.06162578365779168,True,1.0
MN-U,82,1000,1.0,0,unnorm,0.03626942622225178,0.03768186887459231,True,1.0
MN-U,83,1000,1.0,0,unnorm,0.015889759407205332,0.01740103080448388,True,1.0
MN-U,84,1000,1.0,0,unnorm,0.04484339209470979,0.046592166399570555,True,1.0
MN-U,85,1000,1.0,0,unnorm,0.028144845286424077,0.02946070619381908,True,1.0
MN-U,86,1000,1.0,0,unnorm,0.054591681856017114,0.05516503050678281,True,1.0
MN-U,87,1000,1.0,0,unnorm,0.041750715719073773,0.042668307712529926,True,1.0
MN-U,88,1000,1.0,0,unnorm,0.02325682351465533,0.025166739166004176,True,1.0
MN-U,89,1000,1.0,0,unnorm,0.018039042610520323,0.019399117078846808,True,1.0
MN-U,90,1000,1.0,0,unnorm,0.03788505742124483,0.039561681696289576,True,1.0
MN-U,91,1000,1.0,0,unnorm,0.018805914789811872,0.020860348231772952,True,1.0
MN-U,92,1000,1.0,0,unnorm,0.019847319072726657,0.021282301611608163,True,1.0
MN-U,93,1000,1.0,0,unnorm,0.04308065942984354,0.0435909991021046,True,1.0
MN-U,94,1000,1.0,0,unnorm,0.021719092266297157,0.023378452417056023,True,1.0
MN-U,95,1000,1.0,0,unnorm,0.015993053402239735,0.017844853806673007,True,1.0
MN-U,96,1000,1.0,0,unnorm,0.06392996693668443,0.0646184907884889,True,1.0
MN-U,97,1000,1.0,0,unnorm,0.02298815327915442,0.025237318510745118,True,1.0
MN-U,98,1000,1.0,0,unnorm,0.020933639885099064,0.021827896275313834,True,1.0
MN-U,99,1000,1.0,0,unnorm,0.049881714073166585,0.052255865576105454,True,1.0
MN-U,100,1000,1.0,0,unnorm,0.03012743674729287,0.032124806477846025,True,1.0
SIM,1,1000,1.0,0,unnorm,0.03021557546682395,0.02998042906542881,False,0.0
SIM,2,1000,1.0,0,unnorm,0.0031611150265214074,0.0031665745423186354,True,1.0
SIM,3,1000,1.0,0,unnorm,0.01014161288592328,0.010387392586636412,True,1.0
SIM,4,1000,1.0,0,unnorm,0.014756402070660682,0.015063258772171679,True,1.0
SIM,5,1000,1.0,0,unnorm,0.031958861019388565,0.03341056187607712,True,1.0
SIM,6,1000,1.0,0,unnorm,0.016551788178802877,0.06655723491934143,True,1.0
SIM,7,1000,1.0,0,unnorm,0.00618679987688282,0.006280536895286631,True,1.0
SIM,8,1000,1.0,0,unnorm,0.07473151056357748,0.0734528902250645,False,0.0
SIM,9,1000,1.0,0,unnorm,0.05158672704151343,0.04843770955469173,False,0.0
SIM,10,1000,1.0,0,unnorm,0.06927540195706845,0.06906321935388826,False,0.0
SIM,11,1000,1.0,0,unnorm,0.011723075154268741,0.011811387056459496,True,1.0
SIM,12,1000,1.0,0,unnorm,0.03956688765414266,0.03910740603844245,False,0.0
SIM,13,1000,1.0,0,unnorm,0.04961489845762684,0.0500668474783949,True,1.0
SIM,14,1000,1.0,0,unnorm,0.023559454246741295,0.02331012813145836,False,0.0
SIM,15,1000,1.0,0,unnorm,0.06425428706636069,0.06143796525787898,False,0.0
SIM,16,1000,1.0,0,unnorm,0.03368630113528276,0.03216473024467878,False,0.0
SIM,17,1000,1.0,0,unnorm,0.014699636058959796,0.01617504490466117,True,1.0
SIM,18,1000,1.0,0,unnorm,0.06143780468382625,0.05857715057039667,False,0.0
SIM,19,1000,1.0,0,unnorm,0.04780640107046466,0.05086843263185072,True,1.0
SIM,20,1000,1.0,0,unnorm,0.006844424510284627,0.0068675703349010435,True,1.0
SIM,21,1000,1.0,0,unnorm,0.049591294027283274,0.04400837719977478,False,0.0
SIM,22,1000,1.0,0,unnorm,0.026227165327664472,0.027104615956028543,True,1.0
SIM,23,1000,1.0,0,unnorm,0.029195006756731208,0.03284982638050173,True,1.0
SIM,24,1000,1.0,0,unnorm,0.011369786801048576,0.01114988845737802,False,0.0
SIM,25,1000,1.0,0,unnorm,0.007259596368283168,0.01784826777395625,True,1.0
SIM,26,1000,1.0,0,unnorm,0.022276222315947183,0.021288190258441746,False,0.0
SIM,27,1000,1.0,0,unnorm,0.016485093012147237,0.018305312523093482,True,1.0
SIM,28,1000,1.0,0,unnorm,0.01114602707285516,0.011351983116587801,True,1.0
SIM,29,1000,1.0,0,unnorm,0.033834810700884975,0.054073795155373576,True,1.0
SIM,30,1000,1.0,0,unnorm,0.03155755640534482,0.037105448994599284,True,1.0
SIM,31,1000,1.0,0,unnorm,0.009733285419464855,0.0097446708306503,True,1.0
SIM,32,1000,1.0,0,unnorm,0.05306482058713628,0.046330340006971144,False,0.0
SIM,33,1000,1.0,0,unnorm,0.0069258554988066495,0.023085917297125023,True,1.0
SIM,34,1000,1.0,0,unnorm,0.007852542572815488,0.007917636498533085,True,1.0
SIM,35,1000,1.0,0,unnorm,0.017296309423498083,0.017470433633956905,True,1.0
SIM,36,1000,1.0,0,unnorm,0.028001608754913924,0.027732596088174768,False,0.0
SIM,37,1000,1.0,0,unnorm,0.049653368172331694,0.0503541892098496,True,1.0
SIM,38,1000,1.0,0,unnorm,0.013886518652074098,0.026874973659782853,True,1.0
SIM,39,1000,1.0,0,unnorm,0.014836997844670066,0.01400986583857776,False,0.0
SIM,40,1000,1.0,0,unnorm,0.00843867936780859,0.008451418125868434,True,1.0
SIM,41,1000,1.0,0,unnorm,0.04342362728305479,0.041017403378910945,False,0.0
SIM,42,1000,1.0,0,unnorm,0.015453549902652778,0.01606360050382183,True,1.0
SIM,43,1000,1.0,0,unnorm,0.007931665029295458,0.019491544752295864,True,1.0
SIM,44,1000,1.0,0,unnorm,0.02223938697484414,0.03146435171362308,True,1.0
SIM,45,1000,1.0,0,unnorm,0.012644237542238162,0.012710672518208479,True,1.0
SIM,46,1000,1.0,0,unnorm,0.024713975779801185,0.025874052945018232,True,1.0
SIM,47,1000,1.0,0,unnorm,0.06355576787894851,0.047361210230908744,False,0.0
SIM,48,1000,1.0,0,unnorm,0.030910298653888817,0.03308172404206522,True,1.0
SIM,49,1000,1.0,0,unnorm,0.03723103182233485,0.03786005141614611,True,1.0
SIM,50,1000,1.0,0,unnorm,0.06765282111505977,0.06759757279085336,False,0.0
SIM,51,1000,1.0,0,unnorm,0.05222139598805907,0.05686031630723943,True,1.0
SIM,52,1000,1.0,0,unnorm,0.0147554142904293,0.015876251301719407,True,1.0
SIM,53,1000,1.0,0,unnorm,0.004261196993432301,0.00449159490613586,True,1.0
SIM,54,1000,1.0,0,unnorm,0.05477425402928281,0.05781535435782178,True,1.0
SIM,55,1000,1.0,0,unnorm,0.04111103566288265,0.04176059037896208,True,1.0
SIM,56,1000,1.0,0,unnorm,0.028620896205009114,0.027774545749898964,False,0.0
SIM,57,1000,1.0,0,unnorm,0.021002983253667028,0.020274423029617974,False,0.0
SIM,58,1000,1.0,0,unnorm,0.012340391795139054,0.017321967745464042,True,1.0
SIM,59,1000,1.0,0,unnorm,0.013772909868976587,0.013858234703768875,True,1.0
SIM,60,1000,1.0,0,unnorm,0.008171531016504413,0.008193379027891488,True,1.0
SIM,61,1000,1.0,0,unnorm,0.011505503931721122,0.011776340996224415,True,1.0
SIM,62,1000,1.0,0,unnorm,0.024436625527732046,0.019868207324134655,False,0.0
SIM,63,1000,1.0,0,unnorm,0.06230280182107611,0.06891937931447288,True,1.0
SIM,64,1000,1.0,0,unnorm,0.07913338875268328,0.07288308003727323,False,0.0
SIM,65,1000,1.0,0,unnorm,0.04634121917980451,0.046619102778438594,True,1.0
SIM,66,1000,1.0,0,unnorm,0.008506558900302557,0.008528815635641136,True,1.0
SIM,67,1000,1.0,0,unnorm,0.042081958669873576,0.0652608816560431,True,1.0
SIM,68,1000,1.0,0,unnorm,0.012066200109479966,0.012014821296541222,False,0.0
SIM,69,1000,1.0,0,unnorm,0.034938660951760396,0.03786891597918684,True,1.0
SIM,70,1000,1.0,0,unnorm,0.011836262004921364,0.012068880348300877,True,1.0
SIM,71,1000,1.0,0,unnorm,0.011118908574868386,0.01128985044105267,True,1.0
SIM,72,1000,1.0,0,unnorm,0.01186161036091961,0.011640330817312427,False,0.0
SIM,73,1000,1.0,0,unnorm,0.008786723230521069,0.008653841369581328,False,0.0
SIM,74,1000,1.0,0,unnorm,0.036847471965877565,0.03552361657704652,False,0.0
SIM,75,1000,1.0,0,unnorm,0.0751950997315147,0.07241374238416481,False,0.0
SIM,76,1000,1.0,0,unnorm,0.008767129788757662,0.009002103993555995,True,1.0
SIM,77,1000,1.0,0,unnorm,0.019572623718968344,0.020108401323220167,True,1.0
SIM,78,1000,1.0,0,unnorm,0.0037177169901122875,0.006113526942174715,True,1.0
SIM,79,1000,1.0,0,unnorm,0.0458351810034466,0.06375542431125904,True,1.0
SIM,80,1000,1.0,0,unnorm,0.017302398162637466,0.0373436613994912,True,1.0
SIM,81,1000,1.0,0,unnorm,0.0559223461534831,0.06117473405642494,True,1.0
SIM,82,1000,1.0,0,unnorm,0.04272148295750088,0.04572113930674396,True,1.0
SIM,83,1000,1.0,0,unnorm,0.041004034830214565,0.04507120557859667,True,1.0
SIM,84,1000,1.0,0,unnorm,0.006631590613591213,0.006659588064870867,True,1.0
SIM,85,1000,1.0,0,unnorm,0.033458842182611345,0.03287710847007976,False,0.0
SIM,86,1000,1.0,0,unnorm,0.004401395663412172,0.004383608753322198,False,0.0
SIM,87,1000,1.0,0,unnorm,0.02383596018992157,0.023767973639061565,False,0.0
SIM,88,1000,1.0,0,unnorm,0.003735612158439232,0.0037034432616969686,False,0.0
SIM,89,1000,1.0,0,unnorm,0.009131633421393762,0.009397536102540219,True,1.0
SIM,90,1000,1.0,0,unnorm,0.025159315809962675,0.025818979132830308,True,1.0
SIM,91,1000,1.0,0,unnorm,0.053160951483059334,0.05206916582596712,False,0.0
SIM,92,1000,1.0,0,unnorm,0.007419216460158876,0.007371748091137611,False,0.0
SIM,93,1000,1.0,0,unnorm,0.013184830860769298,0.0337119596441256,True,1.0
SIM,94,1000,1.0,0,unnorm,0.0475449826705951,0.050734756277745686,True,1.0
SIM,95,1000,1.0,0,unnorm,0.023245783388011608,0.018574615721743373,False,0.0
SIM,96,1000,1.0,0,unnorm,0.03396006604528465,0.0340761785728462,True,1.0
SIM,97,1000,1.0,0,unnorm,0.06820883712945443,0.0634328911812582,False,0.0
SIM,98,1000,1.0,0,unnorm,0.020462894977986635,0.020645462602474206,True,1.0
SIM,99,1000,1.0,0,unnorm,0.03143996767272439,0.03212599023715042,True,1.0
SIM,100,1000,1.0,0,unnorm,0.010695098615079321,0.010715813150007724,True,1.0
SIM-c,1,1000,1.0,0,unnorm,0.04201645973394103,0.03694317420196459,False,0.0
SIM-c,2,1000,1.0,0,unnorm,0.0726963784239704,0.07208257140382805,False,0.0
SIM-c,3,1000,1.0,0,unnorm,0.031023271435918515,0.0346432761196973,True,1.0
SIM-c,4,1000,1.0,0,unnorm,0.057347364965941006,0.06822604666666154,True,1.0
SIM-c,5,1000,1.0,0,unnorm,0.06916803906012496,0.06301965791663304,False,0.0
SIM-c,6,1000,1.0,0,unnorm,0.03100275701423206,0.031208609232866447,True,1.0
SIM-c,7,1000,1.0,0,unnorm,0.03593732983872947,0.05073939368108347,True,1.0
SIM-c,8,1000,1.0,0,unnorm,0.045097757573053836,0.04925851341038555,True,1.0
SIM-c,9,1000,1.0,0,unnorm,0.041356173619730006,0.04221999516917449,True,1.0
SIM-c,10,1000,1.0,0,unnorm,0.020764215403022247,0.020521716552160237,False,0.0
SIM-c,11,1000,1.0,0,unnorm,0.06791092149687188,0.038000638851213416,False,0.0
SIM-c,12,1000,1.0,0,unnorm,0.009428628424982951,0.009903291619996675,True,1.0
SIM-c,13,1000,1.0,0,unnorm,0.02551948437508737,0.02534462111791235,False,0.0
SIM-c,14,1000,1.0,0,unnorm,0.06187625696367576,0.0627098102972932,True,1.0
SIM-c,15,1000,1.0,0,unnorm,0.01066575830254226,0.011278377650007856,True,1.0
SIM-c,16,1000,1.0,0,unnorm,0.019023484035199174,0.01953245157663864,True,1.0
SIM-c,17,1000,1.0,0,unnorm,0.035488107672726275,0.038621946909644066,True,1.0
SIM-c,18,1000,1.0,0,unnorm,0.008686333802003112,0.008697660673576026,True,1.0
SIM-c,19,1000,1.0,0,unnorm,0.020721154187767533,0.038245553703205495,True,1.0
SIM-c,20,1000,1.0,0,unnorm,0.003178071115584403,0.003180287954504438,True,1.0
SIM-c,21,1000,1.0,0,unnorm,0.034141750805045085,0.03464292260808687,True,1.0
SIM-c,22,1000,1.0,0,unnorm,0.0671028232316892,0.06857406893901587,True,1.0
SIM-c,23,1000,1.0,0,unnorm,0.04922642922834067,0.05095572134587301,True,1.0
SIM-c,24,1000,1.0,0,unnorm,0.04559432334212018,0.04510798829273206,False,0.0
SIM-c,25,1000,1.0,0,unnorm,0.018766411768537942,0.05548770394361583,True,1.0
SIM-c,26,1000,1.0,0,unnorm,0.0172381809572987,0.017134327985464933,False,0.0
SIM-c,27,1000,1.0,0,unnorm,0.06623059403959071,0.06490344036247866,False,0.0
SIM-c,28,1000,1.0,0,unnorm,0.05820129203576899,0.07048162110383924,True,1.0
SIM-c,29,1000,1.0,0,unnorm,0.03660678567478946,0.04049026056710635,True,1.0
SIM-c,30,1000,1.0,0,unnorm,0.0243654466163189,0.024295090689760827,False,0.0
SIM-c,31,1000,1.0,0,unnorm,0.05386286942273807,0.06328471028588818,True,1.0
SIM-c,32,1000,1.0,0,unnorm,0.004130534546783795,0.004155498445587051,True,1.0
SIM-c,33,1000,1.0,0,unnorm,0.019242268736421,0.01984897604141505,True,1.0
SIM-c,34,1000,1.0,0,unnorm,0.0369809966681091,0.036496364225129654,False,0.0
SIM-c,35,1000,1.0,0,unnorm,0.034575204229459804,0.07711972172400211,True,1.0
SIM-c,36,1000,1.0,0,unnorm,0.024625844645849472,0.025069543959720914,True,1.0
SIM-c,37,1000,1.0,0,unnorm,0.009422231402673217,0.010064877039813055,True,1.0
SIM-c,38,1000,1.0,0,unnorm,0.055369335659464516,0.05945840327642515,True,1.0
SIM-c,39,1000,1.0,0,unnorm,0.03972873895568462,0.042008846886134946,True,1.0
SIM-c,40,1000,1.0,0,unnorm,0.011200593011804738,0.01083197210016241,False,0.0
SIM-c,41,1000,1.0,0,unnorm,0.06564531817617306,0.06876450271126547,True,1.0
SIM-c,42,1000,1.0,0,unnorm,0.011927056041303202,0.012767015023035455,True,1.0
SIM-c,43,1000,1.0,0,unnorm,0.013724883094362763,0.013704820727499846,False,0.0
SIM-c,44,1000,1.0,0,unnorm,0.05029674985729207,0.048916797420434796,False,0.0
SIM-c,45,1000,1.0,0,unnorm,0.01716755259488311,0.01842195898759787,True,1.0
SIM-c,46,1000,1.0,0,unnorm,0.007259001695859152,0.01001494968063534,True,1.0
SIM-c,47,1000,1.0,0,unnorm,0.0521837567857624,0.05172948601841154,False,0.0
SIM-c,48,1000,1.0,0,unnorm,0.009223142881333236,0.018021976343489756,True,1.0
SIM-c,49,1000,1.0,0,unnorm,0.007519328430836111,0.007538583533775768,True,1.0
SIM-c,50,1000,1.0,0,unnorm,0.035451834811526244,0.07391959147644454,True,1.0
SIM-c,51,1000,1.0,0,unnorm,0.021100682964311234,0.02126062546706096,True,1.0
SIM-c,52,1000,1.0,0,unnorm,0.015425312439646273,0.015320218410010788,False,0.0
SIM-c,53,1000,1.0,0,unnorm,0.02699520974451769,0.032839599479390864,True,1.0
SIM-c,54,1000,1.0,0,unnorm,0.07716878435356726,0.07727462650690035,True,1.0
SIM-c,55,1000,1.0,0,unnorm,0.07163630659099984,0.0812820945023677,True,1.0
SIM-c,56,1000,1.0,0,unnorm,0.016209012881357295,0.03056248413114162,True,1.0
SIM-c,57,1000,1.0,0,unnorm,0.08219802146805535,0.08120932064135158,False,0.0
SIM-c,58,1000,1.0,0,unnorm,0.030084848783999533,0.03771618822921412,True,1.0
SIM-c,59,1000,1.0,0,unnorm,0.035953905729875967,0.03410198878705322,False,0.0
SIM-c,60,1000,1.0,0,unnorm,0.006278713661474609,0.00617944796276283,False,0.0
SIM-c,61,1000,1.0,0,unnorm,0.028674728914042318,0.027559114377962362,False,0.0
SIM-c,62,1000,1.0,0,unnorm,0.041236514634613385,0.06512675145865136,True,1.0
SIM-c,63,1000,1.0,0,unnorm,0.019406348972436704,0.018997589884793328,False,0.0
SIM-c,64,1000,1.0,0,unnorm,0.034331773990513015,0.03625364821954375,True,1.0
SIM-c,65,1000,1.0,0,unnorm,0.07148489106191401,0.07889239162001183,True,1.0
SIM-c,66,1000,1.0,0,unnorm,0.023435310309423096,0.03626556203095198,True,1.0
SIM-c,67,1000,1.0,0,unnorm,0.028431234792593397,0.02816307902991059,False,0.0
SIM-c,68,1000,1.0,0,unnorm,0.02464042028793165,0.025245800481683355,True,1.0
SIM-c,69,1000,1.0,0,unnorm,0.009171173926937164,0.009362366463397016,True,1.0
SIM-c,70,1000,1.0,0,unnorm,0.04025391468214843,0.03967435028781415,False,0.0
SIM-c,71,1000,1.0,0,unnorm,0.048773039151436846,0.054295729987979845,True,1.0
SIM-c,72,1000,1.0,0,unnorm,0.011485517814086483,0.011486636796944215,True,1.0
SIM-c,73,1000,1.0,0,unnorm,0.016070165543804818,0.016364784875524074,True,1.0
SIM-c,74,1000,1.0,0,unnorm,0.012738414572160002,0.013788674572858026,True,1.0
SIM-c,75,1000,1.0,0,unnorm,0.019214155723007394,0.019411361463645097,True,1.0
SIM-c,76,1000,1.0,0,unnorm,0.03021933792223104,0.03083104334173821,True,1.0
SIM-c,77,1000,1.0,0,unnorm,0.07302905385152705,0.07509869773153235,True,1.0
SIM-c,78,1000,1.0,0,unnorm,0.03169638480183027,0.031808893952773046,True,1.0
SIM-c,79,1000,1.0,0,unnorm,0.08075671231569985,0.07959079745031197,False,0.0
SIM-c,80,1000,1.0,0,unnorm,0.013607495847565848,0.014301598694258056,True,1.0
SIM-c,81,1000,1.0,0,unnorm,0.02901695781614466,0.02896602095593236,False,0.0
SIM-c,82,1000,1.0,0,unnorm,0.04037859209994047,0.043622276311384885,True,1.0
SIM-c,83,1000,1.0,0,unnorm,0.03714715917133734,0.056531727352966486,True,1.0
SIM-c,84,1000,1.0,0,unnorm,0.04114365278777199,0.038936100661293035,False,0.0
SIM-c,85,1000,1.0,0,unnorm,0.0563894324441512,0.052982616667915435,False,0.0
SIM-c,86,1000,1.0,0,unnorm,0.06382138892397522,0.06976720477840725,True,1.0
SIM-c,87,1000,1.0,0,unnorm,0.013758417207701257,0.013090663380025815,False,0.0
SIM-c,88,1000,1.0,0,unnorm,0.00763975003196568,0.061413076112957356,True,1.0
SIM-c,89,1000,1.0,0,unnorm,0.009185558792078986,0.009090997272724553,False,0.0
SIM-c,90,1000,1.0,0,unnorm,0.04711919113298105,0.052689325964015696,True,1.0
SIM-c,91,1000,1.0,0,unnorm,0.006519235528545141,0.006529117362670041,True,1.0
SIM-c,92,1000,1.0,0,unnorm,0.011058966647021782,0.02548859852513259,True,1.0
SIM-c,93,1000,1.0,0,unnorm,0.05336744184051808,0.053527375450569445,True,1.0
SIM-c,94,1000,1.0,0,unnorm,0.024357084100363958,0.021804607931569134,False,0.0
SIM-c,95,1000,1.0,0,unnorm,0.05994611652108656,0.06655120911181846,True,1.0
SIM-c,96,1000,1.0,0,unnorm,0.03512012696069156,0.03725674951056922,True,1.0
SIM-c,97,1000,1.0,0,unnorm,0.040438038509185564,0.04188470930674522,True,1.0
SIM-c,98,1000,1.0,0,unnorm,0.0766337847156535,0.07727836355551296,True,1.0
SIM-c,99,1000,1.0,0,unnorm,0.04084181153563034,0.040459044012519124,False,0.0
SIM-c,100,1000,1.0,0,unnorm,0.02926126827671972,0.03537239103916043,True,1.0
SIM-G,1,1000,1.0,0,unnorm,0.004012137418733951,0.00400500310810537,False,0.0
SIM-G,2,1000,1.0,0,unnorm,0.0027668461705403643,0.0027514977722192797,False,0.0
SIM-G,3,1000,1.0,0,unnorm,0.005970474065019691,0.005953164502849379,False,0.0
SIM-G,4,1000,1.0,0,unnorm,0.004271430078214917,0.004269903968082224,False,0.0
SIM-G,5,1000,1.0,0,unnorm,0.04639057112209641,0.04659776179071328,True,1.0
SIM-G,6,1000,1.0,0,unnorm,0.006132490557624835,0.04972768671965917,True,1.0
SIM-G,7,1000,1.0,0,unnorm,0.004025965951291394,0.0040899035653210345,True,1.0
SIM-G,8,1000,1.0,0,unnorm,0.022746359936867726,0.022309984755737162,False,0.0
SIM-G,9,1000,1.0,0,unnorm,0.058045970466973226,0.05594624964321779,False,0.0
SIM-G,10,1000,1.0,0,unnorm,0.06476692677647938,0.06331430605304524,False,0.0
SIM-G,11,1000,1.0,0,unnorm,0.003624297787701098,0.0036100736580660523,False,0.0
SIM-G,12,1000,1.0,0,unnorm,0.03934023693882486,0.03932214074021173,False,0.0
SIM-G,13,1000,1.0,0,unnorm,0.05902396536729469,0.0590750752851026,True,1.0
SIM-G,14,1000,1.0,0,unnorm,0.005923678044496426,0.00979000758602383,True,1.0
SIM-G,15,1000,1.0,0,unnorm,0.01623828868294579,0.016168791070947854,False,0.0
SIM-G,16,1000,1.0,0,unnorm,0.024115562148407595,0.023617437818471507,False,0.0
SIM-G,17,1000,1.0,0,unnorm,0.004113907200660801,0.004302713787788038,True,1.0
SIM-G,18,1000,1.0,0,unnorm,0.029831845282048106,0.029081529660259623,False,0.0
SIM-G,19,1000,1.0,0,unnorm,0.031101576688636463,0.030824423756232865,False,0.0
SIM-G,20,1000,1.0,0,unnorm,0.0034061791226840704,0.0043433644400099935,True,1.0
SIM-G,21,1000,1.0,0,unnorm,0.02353360037639547,0.06854708307499865,True,1.0
SIM-G,22,1000,1.0,0,unnorm,0.06891235660182411,0.08043857445578823,True,1.0
SIM-G,23,1000,1.0,0,unnorm,0.020386597298122,0.021937162777836305,True,1.0
SIM-G,24,1000,1.0,0,unnorm,0.011941011614308565,0.011971557142058132,True,1.0
SIM-G,25,1000,1.0,0,unnorm,0.010013174921525696,0.01550670290669568,True,1.0
SIM-G,26,1000,1.0,0,unnorm,0.027016307466608398,0.027322561790390283,True,1.0
SIM-G,27,1000,1.0,0,unnorm,0.013046750456146568,0.01796955906254849,True,1.0
SIM-G,28,1000,1.0,0,unnorm,0.010621915238800673,0.010642021904092245,True,1.0
SIM-G,29,1000,1.0,0,unnorm,0.0058851605261882765,0.005880759271419706,False,0.0
SIM-G,30,1000,1.0,0,unnorm,0.010729737347497555,0.010682923151923278,False,0.0
SIM-G,31,1000,1.0,0,unnorm,0.005934037128411376,0.005880341640284601,False,0.0
SIM-G,32,1000,1.0,0,unnorm,0.03217560948078588,0.032358860343240516,True,1.0
SIM-G,33,1000,1.0,0,unnorm,0.006137213955940996,0.034691096567221476,True,1.0
SIM-G,34,1000,1.0,0,unnorm,0.0062222701139704635,0.006174808137899796,False,0.0
SIM-G,35,1000,1.0,0,unnorm,0.017936050816638384,0.018040492105378017,True,1.0
SIM-G,36,1000,1.0,0,unnorm,0.027609677127795426,0.04491469614399792,True,1.0
SIM-G,37,1000,1.0,0,unnorm,0.016927376097617908,0.02978481436906397,True,1.0
SIM-G,38,1000,1.0,0,unnorm,0.010635565315887332,0.01742420724629294,True,1.0
SIM-G,39,1000,1.0,0,unnorm,0.0031507014403806977,0.0032153081143789894,True,1.0
SIM-G,40,1000,1.0,0,unnorm,0.006837993088171782,0.006874406085764229,True,1.0
SIM-G,41,1000,1.0,0,unnorm,0.02101686705464288,0.020847631954280715,False,0.0
SIM-G,42,1000,1.0,0,unnorm,0.00654720721122213,0.006539715806798299,False,0.0
SIM-G,43,1000,1.0,0,unnorm,0.005057136076322632,0.010248855684197655,True,1.0
SIM-G,44,1000,1.0,0,unnorm,0.01596068626060175,0.04318104382068303,True,1.0
SIM-G,45,1000,1.0,0,unnorm,0.0025174061174466074,0.003953699742514477,True,1.0
SIM-G,46,1000,1.0,0,unnorm,0.030242514962831535,0.031982616937207844,True,1.0
SIM-G,47,1000,1.0,0,unnorm,0.04115062919470607,0.03507505917551695,False,0.0
SIM-G,48,1000,1.0,0,unnorm,0.025729176317856248,0.025975090772064786,True,1.0
SIM-G,49,1000,1.0,0,unnorm,0.07433747502817747,0.0687023441174443,False,0.0
SIM-G,50,1000,1.0,0,unnorm,0.04930567799713998,0.045299247584143616,False,0.0
SIM-G,51,1000,1.0,0,unnorm,0.03311108631722843,0.08130176286368838,True,1.0
SIM-G,52,1000,1.0,0,unnorm,0.006112369922865211,0.00607001767870064,False,0.0
SIM-G,53,1000,1.0,0,unnorm,0.0043322721156440515,0.006028889404173482,True,1.0
SIM-G,54,1000,1.0,0,unnorm,0.05859965482518821,0.06091540514154292,True,1.0
SIM-G,55,1000,1.0,0,unnorm,0.055097824390010236,0.0745768802410379,True,1.0
SIM-G,56,1000,1.0,0,unnorm,0.022731175552038903,0.02284999330493299,True,1.0
SIM-G,57,1000,1.0,0,unnorm,0.013337885545969978,0.013442895869189274,True,1.0
SIM-G,58,1000,1.0,0,unnorm,0.006604002484895874,0.009989324466135565,True,1.0
SIM-G,59,1000,1.0,0,unnorm,0.0082140625520445,0.008105925370778474,False,0.0
SIM-G,60,1000,1.0,0,unnorm,0.003935354618344744,0.003978599673418458,True,1.0
SIM-G,61,1000,1.0,0,unnorm,0.037508978943829756,0.035363737272927354,False,0.0
SIM-G,62,1000,1.0,0,unnorm,0.016980139980102373,0.014338551450194517,False,0.0
SIM-G,63,1000,1.0,0,unnorm,0.06548763568918305,0.06200375883142589,False,0.0
SIM-G,64,1000,1.0,0,unnorm,0.04657312541490079,0.046978548546034296,True,1.0
SIM-G,65,1000,1.0,0,unnorm,0.009925333429764996,0.01063587138659234,True,1.0
SIM-G,66,1000,1.0,0,unnorm,0.0028939839628086667,0.0028740730533151713,False,0.0
SIM-G,67,1000,1.0,0,unnorm,0.054173639383911745,0.06989053527634888,True,1.0
SIM-G,68,1000,1.0,0,unnorm,0.009072756045970999,0.009098519622603626,True,1.0
SIM-G,69,1000,1.0,0,unnorm,0.060075020028248854,0.0462400869342998,False,0.0
SIM-G,70,1000,1.0,0,unnorm,0.009183942366516965,0.009151733992444438,False,0.0
SIM-G,71,1000,1.0,0,unnorm,0.00853220917338833,0.008613624938927854,True,1.0
SIM-G,72,1000,1.0,0,unnorm,0.00772832356796407,0.007898300649778839,True,1.0
SIM-G,73,1000,1.0,0,unnorm,0.006112170117188913,0.006062896493582486,False,0.0
SIM-G,74,1000,1.0,0,unnorm,0.029106287806692232,0.0528897388448466,True,1.0
SIM-G,75,1000,1.0,0,unnorm,0.06889652103435712,0.06648836296492176,False,0.0
SIM-G,76,1000,1.0,0,unnorm,0.010705629870110776,0.02797852919394488,True,1.0
SIM-G,77,1000,1.0,0,unnorm,0.023763046416366413,0.024024051416808627,True,1.0
SIM-G,78,1000,1.0,0,unnorm,0.0011550754028938838,0.0011530395091328956,False,0.0
SIM-G,79,1000,1.0,0,unnorm,0.038901937843941276,0.059291627372326065,True,1.0
SIM-G,80,1000,1.0,0,unnorm,0.02594107146258208,0.0604398385474083,True,1.0
SIM-G,81,1000,1.0,0,unnorm,0.05550050773420979,0.05851132160462244,True,1.0
SIM-G,82,1000,1.0,0,unnorm,0.04888577331076235,0.06862448016424855,True,1.0
SIM-G,83,1000,1.0,0,unnorm,0.0421738920445204,0.036673511263062286,False,0.0
SIM-G,84,1000,1.0,0,unnorm,0.004813484672964506,0.0049225715573837725,True,1.0
SIM-G,85,1000,1.0,0,unnorm,0.03614471162569667,0.03592567544501756,False,0.0
SIM-G,86,1000,1.0,0,unnorm,0.0038455336431168978,0.0038398940940599213,False,0.0
SIM-G,87,1000,1.0,0,unnorm,0.008090848553250464,0.00885836004064159,True,1.0
SIM-G,88,1000,1.0,0,unnorm,0.003654862490616843,0.0037533579160242,True,1.0
SIM-G,89,1000,1.0,0,unnorm,0.01690442805093827,0.024213214601263366,True,1.0
SIM-G,90,1000,1.0,0,unnorm,0.02333377852854016,0.023217387344760834,False,0.0
SIM-G,91,1000,1.0,0,unnorm,0.006424529149163558,0.006420236574598004,False,0.0
SIM-G,92,1000,1.0,0,unnorm,0.007081118671493103,0.00701838205840438,False,0.0
SIM-G,93,1000,1.0,0,unnorm,0.02722257685387547,0.035187759218315025,True,1.0
SIM-G,94,1000,1.0,0,unnorm,0.020125707265386334,0.019975364656258404,False,0.0
SIM-G,95,1000,1.0,0,unnorm,0.00980079708657821,0.009500359428210467,False,0.0
SIM-G,96,1000,1.0,0,unnorm,0.07300016274948157,0.08077610952205072,True,1.0
SIM-G,97,1000,1.0,0,unnorm,0.06346912967820598,0.06168732326771914,False,0.0
SIM-G,98,1000,1.0,0,unnorm,0.01747648190897753,0.017427429078541556,False,0.0
SIM-G,99,1000,1.0,0,unnorm,0.014160567048636,0.014156215503996438,False,0.0
SIM-G,100,1000,1.0,0,unnorm,0.010323570859743808,0.010324193719103664,True,1.0
SIM-ln,1,1000,1.0,0,unnorm,0.0008385901955838806,0.001390843017557692,True,1.0
SIM-ln,2,1000,1.0,0,unnorm,0.0002658304148884271,0.00026586412989231813,True,1.0
SIM-ln,3,1000,1.0,0,unnorm,0.0004306191036811418,0.00044094415407582683,True,1.0
SIM-ln,4,1000,1.0,0,unnorm,0.0007795963799087897,0.0013736546976317173,True,1.0
SIM-ln,5,1000,1.0,0,unnorm,0.004931105728675363,0.0049613020642611215,True,1.0
SIM-ln,6,1000,1.0,0,unnorm,0.0013155850636762314,0.008634154967884222,True,1.0
SIM-ln,7,1000,1.0,0,unnorm,0.00047856828545033743,0.0004802358480908598,True,1.0
SIM-ln,8,1000,1.0,0,unnorm,0.04041612214219604,0.03797309529817081,False,0.0
SIM-ln,9,1000,1.0,0,unnorm,0.013072167480652794,0.03742152859322632,True,1.0
SIM-ln,10,1000,1.0,0,unnorm,0.001071824501080122,0.0010819902418452159,True,1.0
SIM-ln,11,1000,1.0,0,unnorm,0.0004146219954931842,0.0004148275562914679,True,1.0
SIM-ln,12,1000,1.0,0,unnorm,0.001514061227001234,0.0014612035274241234,False,0.0
SIM-ln,13,1000,1.0,0,unnorm,0.0371485272344563,0.05804816049601982,True,1.0
SIM-ln,14,1000,1.0,0,unnorm,0.0023011706416687424,0.0023391282889024924,True,1.0
SIM-ln,15,1000,1.0,0,unnorm,0.029306024461557754,0.029299759883177408,False,0.0
SIM-ln,16,1000,1.0,0,unnorm,0.004994868167833898,0.005000975946702618,True,1.0
SIM-ln,17,1000,1.0,0,unnorm,0.003656267126768511,0.012493179695609717,True,1.0
SIM-ln,18,1000,1.0,0,unnorm,0.0355933683395693,0.04498066366200388,True,1.0
SIM-ln,19,1000,1.0,0,unnorm,0.0008875687585533163,0.0010199451131234771,True,1.0
SIM-ln,20,1000,1.0,0,unnorm,0.0025940945318690426,0.012585174743557803,True,1.0
SIM-ln,21,1000,1.0,0,unnorm,0.014529689422837066,0.015354884953815916,True,1.0
SIM-ln,22,1000,1.0,0,unnorm,0.010258053813748983,0.014079116815056076,True,1.0
SIM-ln,23,1000,1.0,0,unnorm,0.0019563883064255324,0.001973955335633007,True,1.0
SIM-ln,24,1000,1.0,0,unnorm,0.0005202901647739252,0.0005196002896227183,False,0.0
SIM-ln,25,1000,1.0,0,unnorm,0.001126700106521217,0.014451798575210253,True,1.0
SIM-ln,26,1000,1.0,0,unnorm,0.0006230672228718123,0.0006225024730923334,False,0.0
SIM-ln,27,1000,1.0,0,unnorm,0.0024404122423092225,0.02744937825691079,True,1.0
SIM-ln,28,1000,1.0,0,unnorm,0.0016808055290902459,0.0022850771096951422,True,1.0
SIM-ln,29,1000,1.0,0,unnorm,0.0011478394835895912,0.0011758476633673255,True,1.0
SIM-ln,30,1000,1.0,0,unnorm,0.002541678482564048,0.024177696838085013,True,1.0
SIM-ln,31,1000,1.0,0,unnorm,0.0003849698521569905,0.0003847705960428429,False,0.0
SIM-ln,32,1000,1.0,0,unnorm,0.0028218100701427077,0.002844512398110218,True,1.0
SIM-ln,33,1000,1.0,0,unnorm,0.0014755958365085845,0.018474430609679644,True,1.0
SIM-ln,34,1000,1.0,0,unnorm,0.0003469787397288598,0.00034706635278423714,True,1.0
SIM-ln,35,1000,1.0,0,unnorm,0.0015345459811946978,0.001588894618881819,True,1.0
SIM-ln,36,1000,1.0,0,unnorm,0.01666578207766982,0.01877829464593927,True,1.0
SIM-ln,37,1000,1.0,0,unnorm,0.0031537651824220846,0.0032042381081794427,True,1.0
SIM-ln,38,1000,1.0,0,unnorm,0.0016576167021727344,0.019676688617796523,True,1.0
SIM-ln,39,1000,1.0,0,unnorm,0.0017091385074826993,0.0017210514304575257,True,1.0
SIM-ln,40,1000,1.0,0,unnorm,0.000368869434836918,0.0003693339488621011,True,1.0
SIM-ln,41,1000,1.0,0,unnorm,0.004623921298568526,0.004673109640163713,True,1.0
SIM-ln,42,1000,1.0,0,unnorm,0.003436653873125636,0.0034633086733274763,True,1.0
SIM-ln,43,1000,1.0,0,unnorm,0.0003252031520601726,0.00032532802928798507,True,1.0
SIM-ln,44,1000,1.0,0,unnorm,0.0022124012669335405,0.01388920755662754,True,1.0
SIM-ln,45,1000,1.0,0,unnorm,0.0007153845971495596,0.0007257412543024473,True,1.0
SIM-ln,46,1000,1.0,0,unnorm,0.009503683873454167,0.010177553577502189,True,1.0
SIM-ln,47,1000,1.0,0,unnorm,0.046796320338864716,0.06876463999237135,True,1.0
SIM-ln,48,1000,1.0,0,unnorm,0.0013064145440130942,0.0023768842374686126,True,1.0
SIM-ln,49,1000,1.0,0,unnorm,0.002328355500557631,0.0024123380111167984,True,1.0
SIM-ln,50,1000,1.0,0,unnorm,0.006234616887414194,0.006053098020038262,False,0.0
SIM-ln,51,1000,1.0,0,unnorm,0.028778463706915773,0.031278255288553,True,1.0
SIM-ln,52,1000,1.0,0,unnorm,0.004982664406353504,0.005071654985707154,True,1.0
SIM-ln,53,1000,1.0,0,unnorm,0.0008451601393283722,0.002585521339421972,True,1.0
SIM-ln,54,1000,1.0,0,unnorm,0.004002240014065543,0.0136843395502939,True,1.0
SIM-ln,55,1000,1.0,0,unnorm,0.027853081085288677,0.03514568909747821,True,1.0
SIM-ln,56,1000,1.0,0,unnorm,0.0031777174557860825,0.003205488459091274,True,1.0
SIM-ln,57,1000,1.0,0,unnorm,0.001080907464909474,0.0014123736000840575,True,1.0
SIM-ln,58,1000,1.0,0,unnorm,0.0017740857572218567,0.002392600379101563,True,1.0
SIM-ln,59,1000,1.0,0,unnorm,0.0012998574647654854,0.00129331480698519,False,0.0
SIM-ln,60,1000,1.0,0,unnorm,0.004469856014864836,0.017851148457534913,True,1.0
SIM-ln,61,1000,1.0,0,unnorm,0.000583678554597561,0.0005872183138210574,True,1.0
SIM-ln,62,1000,1.0,0,unnorm,0.0011400940224575685,0.0036100105729756403,True,1.0
SIM-ln,63,1000,1.0,0,unnorm,0.04095945567886424,0.04932764211140079,True,1.0
SIM-ln,64,1000,1.0,0,unnorm,0.0010312963337268787,0.001026998777964553,False,0.0
SIM-ln,65,1000,1.0,0,unnorm,0.005117873047907235,0.005246019133029579,True,1.0
SIM-ln,66,1000,1.0,0,unnorm,0.0014896565311412898,0.0014040785316718882,False,0.0
SIM-ln,67,1000,1.0,0,unnorm,0.00518686787708161,0.027157910869468452,True,1.0
SIM-ln,68,1000,1.0,0,unnorm,0.0003914130028772649,0.0003910486511852685,False,0.0
SIM-ln,69,1000,1.0,0,unnorm,0.004999588848028916,0.013523357931543046,True,1.0
SIM-ln,70,1000,1.0,0,unnorm,0.0006141021076951058,0.0006182757120551089,True,1.0
SIM-ln,71,1000,1.0,0,unnorm,0.0008178577239534873,0.0008304247611390975,True,1.0
SIM-ln,72,1000,1.0,0,unnorm,0.0009549998331880591,0.0013118239041845072,True,1.0
SIM-ln,73,1000,1.0,0,unnorm,0.0006956006185841247,0.0007531068219964608,True,1.0
SIM-ln,74,1000,1.0,0,unnorm,0.004723187011771781,0.005196248558204136,True,1.0
SIM-ln,75,1000,1.0,0,unnorm,0.032900949537108384,0.031771128134834785,False,0.0
SIM-ln,76,1000,1.0,0,unnorm,0.0013777944720267349,0.0014509570459708217,True,1.0
SIM-ln,77,1000,1.0,0,unnorm,0.0006035221029486267,0.0005998994198776689,False,0.0
SIM-ln,78,1000,1.0,0,unnorm,0.0002534145500605453,0.0002535844751924415,True,1.0
SIM-ln,79,1000,1.0,0,unnorm,0.011164266755617587,0.019939961234342794,True,1.0
SIM-ln,80,1000,1.0,0,unnorm,0.00236877776651145,0.030492623355756816,True,1.0
SIM-ln,81,1000,1.0,0,unnorm,0.0007778494233903384,0.0007853112503860489,True,1.0
SIM-ln,82,1000,1.0,0,unnorm,0.009116696824779278,0.023614690802524044,True,1.0
SIM-ln,83,1000,1.0,0,unnorm,0.0005013970079139492,0.0005001340176520435,False,0.0
SIM-ln,84,1000,1.0,0,unnorm,0.00037527595844208443,0.000375474427887085,True,1.0
SIM-ln,85,1000,1.0,0,unnorm,0.001490894503047518,0.0014804539694306526,False,0.0
SIM-ln,86,1000,1.0,0,unnorm,0.0003240870695448867,0.0003913156497013532,True,1.0
SIM-ln,87,1000,1.0,0,unnorm,0.0015138907924108548,0.0015695906475230597,True,1.0
SIM-ln,88,1000,1.0,0,unnorm,0.0006780858716609558,0.0006766309419171243,False,0.0
SIM-ln,89,1000,1.0,0,unnorm,0.0006072064301357949,0.0006182449516594407,True,1.0
SIM-ln,90,1000,1.0,0,unnorm,0.001138559522702973,0.0011597833634730266,True,1.0
SIM-ln,91,1000,1.0,0,unnorm,0.004601938530059377,0.0045810420033598346,False,0.0
SIM-ln,92,1000,1.0,0,unnorm,0.0003586960530457571,0.00035851463538561884,False,0.0
SIM-ln,93,1000,1.0,0,unnorm,0.002097585025653128,0.018258088739274744,True,1.0
SIM-ln,94,1000,1.0,0,unnorm,0.0013984330039810418,0.0013971827287563884,False,0.0
SIM-ln,95,1000,1.0,0,unnorm,0.00034484684250246455,0.0003448408580769062,False,0.0
SIM-ln,96,1000,1.0,0,unnorm,0.0064288527126674065,0.03508953722274071,True,1.0
SIM-ln,97,1000,1.0,0,unnorm,0.0014946832454306811,0.001520672281633522,True,1.0
SIM-ln,98,1000,1.0,0,unnorm,0.0009061191307355105,0.0009675598110701986,True,1.0
SIM-ln,99,1000,1.0,0,unnorm,0.0020225435781392833,0.0047164365214827555,True,1.0
SIM-ln,100,1000,1.0,0,unnorm,0.0003819488005327859,0.00038170379778298106,False,0.0
Cha,1,1500,1.0,0,unnorm,0.040265148209008776,0.059337283405413846,True,1.0
Cha,2,1500,1.0,0,unnorm,0.03643295047208507,0.06919250504611929,True,1.0
Cha,3,1500,1.0,0,unnorm,0.057139987193402,0.06391721891320516,True,1.0
Cha,4,1500,1.0,0,unnorm,0.04020829095483584,0.038575896423437804,False,0.0
Cha,5,1500,1.0,0,unnorm,0.06405685333424169,0.061041186996365765,False,0.0
Cha,6,1500,1.0,0,unnorm,0.06104963416664593,0.06382871370633256,True,1.0
Cha,7,1500,1.0,0,unnorm,0.021473407576868556,0.02216472621847084,True,1.0
Cha,8,1500,1.0,0,unnorm,0.045863701357375206,0.04686129761974976,True,1.0
Cha,9,1500,1.0,0,unnorm,0.05081482214988664,0.04972959325955479,False,0.0
Cha,10,1500,1.0,0,unnorm,0.044877723234398294,0.04925716450221244,True,1.0
Cha,11,1500,1.0,0,unnorm,0.04212196096544039,0.040690035519306764,False,0.0
Cha,12,1500,1.0,0,unnorm,0.0447151787659792,0.043284382096939356,False,0.0
Cha,13,1500,1.0,0,unnorm,0.02673673276716009,0.02550919177939692,False,0.0
Cha,14,1500,1.0,0,unnorm,0.023139503222558054,0.02294561084280304,False,0.0
Cha,15,1500,1.0,0,unnorm,0.055635368133399796,0.05268515420649686,False,0.0
Cha,16,1500,1.0,0,unnorm,0.02336604041690405,0.023310960111298202,False,0.0
Cha,17,1500,1.0,0,unnorm,0.023255182925230385,0.023436546843757126,True,1.0
Cha,18,1500,1.0,0,unnorm,0.017444398771747856,0.01745135439557246,True,1.0
Cha,19,1500,1.0,0,unnorm,0.056058631620239496,0.055902604773580354,False,0.0
Cha,20,1500,1.0,0,unnorm,0.04237586562884628,0.042533214547000285,True,1.0
Cha,21,1500,1.0,0,unnorm,0.020678358901394033,0.01903752022672779,False,0.0
Cha,22,1500,1.0,0,unnorm,0.01811656583277699,0.017780018329575556,False,0.0
Cha,23,1500,1.0,0,unnorm,0.04175022624107396,0.040820252876252336,False,0.0
Cha,24,1500,1.0,0,unnorm,0.05211463064432341,0.05990709853948971,True,1.0
Cha,25,1500,1.0,0,unnorm,0.03245443826514429,0.02593487667748723,False,0.0
Cha,26,1500,1.0,0,unnorm,0.04319046301864005,0.04243705560878372,False,0.0
Cha,27,1500,1.0,0,unnorm,0.042187637226220806,0.0808436897948658,True,1.0
Cha,28,1500,1.0,0,unnorm,0.043873648196210084,0.04190591427222709,False,0.0
Cha,29,1500,1.0,0,unnorm,0.02389734990095776,0.023672744303961685,False,0.0
Cha,30,1500,1.0,0,unnorm,0.05630489205639354,0.057898625948704034,True,1.0
Cha,31,1500,1.0,0,unnorm,0.022268466839738044,0.07680211342440178,True,1.0
Cha,32,1500,1.0,0,unnorm,0.06191567281482869,0.07240807230550099,True,1.0
Cha,33,1500,1.0,0,unnorm,0.018233182916423202,0.0182236186547173,False,0.0
Cha,34,1500,1.0,0,unnorm,0.0523759947577156,0.031906577102405485,False,0.0
Cha,35,1500,1.0,0,unnorm,0.01539434969988518,0.015315294785073428,False,0.0
Cha,36,1500,1.0,0,unnorm,0.03910028462775524,0.038487094419517635,False,0.0
Cha,37,1500,1.0,0,unnorm,0.06480993117624992,0.027364666867353026,False,0.0
Cha,38,1500,1.0,0,unnorm,0.05202898591289225,0.052475881687973215,True,1.0
Cha,39,1500,1.0,0,unnorm,0.061292275570634255,0.0555444670124959,False,0.0
Cha,40,1500,1.0,0,unnorm,0.037906480172313635,0.03520475915547759,False,0.0
Cha,41,1500,1.0,0,unnorm,0.04146184444267155,0.04131440031092075,False,0.0
Cha,42,1500,1.0,0,unnorm,0.020066428713316736,0.020721122285144434,True,1.0
Cha,43,1500,1.0,0,unnorm,0.019932861061170946,0.061983749111687185,True,1.0
Cha,44,1500,1.0,0,unnorm,0.06601369721658341,0.06357365750029012,False,0.0
Cha,45,1500,1.0,0,unnorm,0.06893712520770301,0.06038769726238523,False,0.0
Cha,46,1500,1.0,0,unnorm,0.05378292967394828,0.021866537219970682,False,0.0
Cha,47,1500,1.0,0,unnorm,0.06923822131748221,0.06622846570675779,False,0.0
Cha,48,1500,1.0,0,unnorm,0.03738746961067038,0.045113710951146246,True,1.0
Cha,49,1500,1.0,0,unnorm,0.041092012082910204,0.038544723427137474,False,0.0
Cha,50,1500,1.0,0,unnorm,0.0415566478508696,0.0534641640332092,True,1.0
Cha,51,1500,1.0,0,unnorm,0.06219843330216081,0.0601300193701684,False,0.0
Cha,52,1500,1.0,0,unnorm,0.042001213049849405,0.07223944845125964,True,1.0
Cha,53,1500,1.0,0,unnorm,0.04623513883196631,0.04642744123871249,True,1.0
Cha,54,1500,1.0,0,unnorm,0.016108631920690047,0.016160144541717887,True,1.0
Cha,55,1500,1.0,0,unnorm,0.019283206445957258,0.01941231535184845,True,1.0
Cha,56,1500,1.0,0,unnorm,0.020161820018518548,0.02084153184174716,True,1.0
Cha,57,1500,1.0,0,unnorm,0.04029161321474471,0.03903833799614029,False,0.0
Cha,58,1500,1.0,0,unnorm,0.04485966276628478,0.07627898387438446,True,1.0
Cha,59,1500,1.0,0,unnorm,0.01057229602989234,0.036926083059074494,True,1.0
Cha,60,1500,1.0,0,unnorm,0.02638522122708553,0.030078684375126997,True,1.0
Cha,61,1500,1.0,0,unnorm,0.04217931034340626,0.041624826281641415,False,0.0
Cha,62,1500,1.0,0,unnorm,0.05413560483412608,0.05395022825151647,False,0.0
Cha,63,1500,1.0,0,unnorm,0.014480088939412161,0.01428885371893082,False,0.0
Cha,64,1500,1.0,0,unnorm,0.030491678015922515,0.03351569996260293,True,1.0
Cha,65,1500,1.0,0,unnorm,0.03662234517571502,0.03317935702325339,False,0.0
Cha,66,1500,1.0,0,unnorm,0.04275053634978718,0.04261066513004638,False,0.0
Cha,67,1500,1.0,0,unnorm,0.019962357468942017,0.019333201920691098,False,0.0
Cha,68,1500,1.0,0,unnorm,0.06553640372719483,0.07090686661466282,True,1.0
Cha,69,1500,1.0,0,unnorm,0.07236082741995248,0.07853653137942454,True,1.0
Cha,70,1500,1.0,0,unnorm,0.04527814417222098,0.04883676316475513,True,1.0
Cha,71,1500,1.0,0,unnorm,0.04215503274562827,0.04180281818922857,False,0.0
Cha,72,1500,1.0,0,unnorm,0.049418392882966046,0.03828992490937489,False,0.0
Cha,73,1500,1.0,0,unnorm,0.042516914409930995,0.04269275435207639,True,1.0
Cha,74,1500,1.0,0,unnorm,0.04541486445119411,0.04486053609244355,False,0.0
Cha,75,1500,1.0,0,unnorm,0.04302032167781011,0.08006241695732191,True,1.0
Cha,76,1500,1.0,0,unnorm,0.05839093088455581,0.054344800212241126,False,0.0
Cha,77,1500,1.0,0,unnorm,0.030533789242949617,0.08091787013227737,True,1.0
Cha,78,1500,1.0,0,unnorm,0.04360668672788119,0.04351904180289262,False,0.0
Cha,79,1500,1.0,0,unnorm,0.05519402302390402,0.054843861977063736,False,0.0
Cha,80,1500,1.0,0,unnorm,0.046505423816124,0.07865901574944381,True,1.0
Cha,81,1500,1.0,0,unnorm,0.026774655907643077,0.026915978181997396,True,1.0
Cha,82,1500,1.0,0,unnorm,0.031966927324760384,0.03779533157973416,True,1.0
Cha,83,1500,1.0,0,unnorm,0.01769833784470437,0.017651099225674496,False,0.0
Cha,84,1500,1.0,0,unnorm,0.059072787849436356,0.04669873541750831,False,0.0
Cha,85,1500,1.0,0,unnorm,0.05055764620656495,0.050138861184880396,False,0.0
Cha,86,1500,1.0,0,unnorm,0.06240109473448204,0.060542878609647244,False,0.0
Cha,87,1500,1.0,0,unnorm,0.041175999786532295,0.04027606350771524,False,0.0
Cha,88,1500,1.0,0,unnorm,0.04713253659796713,0.055187356699527824,True,1.0
Cha,89,1500,1.0,0,unnorm,0.0372508511952339,0.03728479610613781,True,1.0
Cha,90,1500,1.0,0,unnorm,0.037976641418598675,0.030658211784871308,False,0.0
Cha,91,1500,1.0,0,unnorm,0.020686497180159573,0.020750181708616464,True,1.0
Cha,92,1500,1.0,0,unnorm,0.032199882731894634,0.031641314257622774,False,0.0
Cha,93,1500,1.0,0,unnorm,0.021186342067961102,0.022972451780453602,True,1.0
Cha,94,1500,1.0,0,unnorm,0.018544657006773078,0.041136209605283844,True,1.0
Cha,95,1500,1.0,0,unnorm,0.04901092661116512,0.03029970227126123,False,0.0
Cha,96,1500,1.0,0,unnorm,0.06872244204950283,0.07120512986486899,True,1.0
Cha,97,1500,1.0,0,unnorm,0.05050854265790258,0.05325229356413303,True,1.0
Cha,98,1500,1.0,0,unnorm,0.0599623719873355,0.07257644181243571,True,1.0
Cha,99,1500,1.0,0,unnorm,0.04239845780216584,0.04144808798690734,False,0.0
Cha,100,1500,1.0,0,unnorm,0.03483202338604514,0.04115767586207442,True,1.0
Cha,101,1500,1.0,0,unnorm,0.0364120489126212,0.03755835414947762,True,1.0
Cha,102,1500,1.0,0,unnorm,0.024092803985910717,0.0774052845059531,True,1.0
Cha,103,1500,1.0,0,unnorm,0.020965273309359184,0.023284577662304306,True,1.0
Cha,104,1500,1.0,0,unnorm,0.01789825092207116,0.06535990700876844,True,1.0
Cha,105,1500,1.0,0,unnorm,0.06844445574498466,0.049843983887184196,False,0.0
Cha,106,1500,1.0,0,unnorm,0.03546976444695757,0.037602524995194495,True,1.0
Cha,107,1500,1.0,0,unnorm,0.06610748815291329,0.06254745904730614,False,0.0
Cha,108,1500,1.0,0,unnorm,0.06544145974783834,0.07078527388533254,True,1.0
Cha,109,1500,1.0,0,unnorm,0.06227765790728582,0.06294355005837848,True,1.0
Cha,110,1500,1.0,0,unnorm,0.026487943209665712,0.026638785403719323,True,1.0
Cha,111,1500,1.0,0,unnorm,0.028795222542544668,0.034778790063526,True,1.0
Cha,112,1500,1.0,0,unnorm,0.02686059549592762,0.028363233746688046,True,1.0
Cha,113,1500,1.0,0,unnorm,0.018662969425226744,0.018807611058869952,True,1.0
Cha,114,1500,1.0,0,unnorm,0.0173871054410345,0.017273719404704155,False,0.0
Cha,115,1500,1.0,0,unnorm,0.07451778512799216,0.07019637548784381,False,0.0
Cha,116,1500,1.0,0,unnorm,0.04561149169771063,0.044738705356971775,False,0.0
Cha,117,1500,1.0,0,unnorm,0.041467906119677676,0.0405145193328891,False,0.0
Cha,118,1500,1.0,0,unnorm,0.03960086572775928,0.03498117749339548,False,0.0
Cha,119,1500,1.0,0,unnorm,0.024802485246582608,0.021305906201164484,False,0.0
Cha,120,1500,1.0,0,unnorm,0.037187677633019854,0.06662844486214485,True,1.0
Cha,121,1500,1.0,0,unnorm,0.03289615543178285,0.03217290957687056,False,0.0
Cha,122,1500,1.0,0,unnorm,0.05177303758884815,0.05455525264643287,True,1.0
Cha,123,1500,1.0,0,unnorm,0.057079243357034994,0.05609329846416745,False,0.0
Cha,124,1500,1.0,0,unnorm,0.06793472789379291,0.05683132257021696,False,0.0
Cha,125,1500,1.0,0,unnorm,0.05654827794856405,0.05491957379178979,False,0.0
Cha,126,1500,1.0,0,unnorm,0.04670556522662003,0.04709427175673018,True,1.0
Cha,127,1500,1.0,0,unnorm,0.048035898467143914,0.04765292705668166,False,0.0
Cha,128,1500,1.0,0,unnorm,0.04990714996821605,0.051836571928641086,True,1.0
Cha,129,1500,1.0,0,unnorm,0.02323404996040751,0.023405080917758548,True,1.0
Cha,130,1500,1.0,0,unnorm,0.03975941317529089,0.039195364815916026,False,0.0
Cha,131,1500,1.0,0,unnorm,0.0788257458934491,0.07168182234714647,False,0.0
Cha,132,1500,1.0,0,unnorm,0.015624039135088526,0.01779319661797454,True,1.0
Cha,133,1500,1.0,0,unnorm,0.0242151685377126,0.024843148470050848,True,1.0
Cha,134,1500,1.0,0,unnorm,0.05942516091058666,0.05843835026007924,False,0.0
Cha,135,1500,1.0,0,unnorm,0.06429589668237429,0.06783508520947072,True,1.0
Cha,136,1500,1.0,0,unnorm,0.02213873764861895,0.022241669264443285,True,1.0
Cha,137,1500,1.0,0,unnorm,0.06491912531623596,0.0808285116516777,True,1.0
Cha,138,1500,1.0,0,unnorm,0.021497938120658883,0.020239755281124674,False,0.0
Cha,139,1500,1.0,0,unnorm,0.03459080914217428,0.03384702991760982,False,0.0
Cha,140,1500,1.0,0,unnorm,0.06667143356385986,0.053948593932651834,False,0.0
Cha,141,1500,1.0,0,unnorm,0.028782352627249902,0.029299423897103976,True,1.0
Cha,142,1500,1.0,0,unnorm,0.04321602723674265,0.042651052736961764,False,0.0
Cha,143,1500,1.0,0,unnorm,0.07448803211107793,0.055761694088354914,False,0.0
Cha,144,1500,1.0,0,unnorm,0.02331792487134488,0.022854357284751322,False,0.0
Cha,145,1500,1.0,0,unnorm,0.0452826559244951,0.0458196498885779,True,1.0
Cha,146,1500,1.0,0,unnorm,0.029552369854676772,0.04056409826445139,True,1.0
Cha,147,1500,1.0,0,unnorm,0.04628195988761285,0.06886854853061723,True,1.0
Cha,148,1500,1.0,0,unnorm,0.03869745625408758,0.040789850888612936,True,1.0
Cha,149,1500,1.0,0,unnorm,0.046112213969991406,0.056769257410507055,True,1.0
Cha,150,1500,1.0,0,unnorm,0.02131567188064745,0.02172025526605079,True,1.0
Cha,151,1500,1.0,0,unnorm,0.07122209530103488,0.05648413810007327,False,0.0
Cha,152,1500,1.0,0,unnorm,0.06567412985346906,0.06161513404464537,False,0.0
Cha,153,1500,1.0,0,unnorm,0.06023196133151941,0.06098172751038999,True,1.0
Cha,154,1500,1.0,0,unnorm,0.018647443245287065,0.018656405357794427,True,1.0
Cha,155,1500,1.0,0,unnorm,0.05337286487159574,0.07982978725178057,True,1.0
Cha,156,1500,1.0,0,unnorm,0.04684819517575874,0.047784186300300825,True,1.0
Cha,157,1500,1.0,0,unnorm,0.06470176862392582,0.06166488576516047,False,0.0
Cha,158,1500,1.0,0,unnorm,0.03615746181105727,0.0365458483799596,True,1.0
Cha,159,1500,1.0,0,unnorm,0.05679017901469271,0.0491070953366231,False,0.0
Cha,160,1500,1.0,0,unnorm,0.044447796172625204,0.04375254353422304,False,0.0
Cha,161,1500,1.0,0,unnorm,0.01851676337458255,0.016645144238006813,False,0.0
Cha,162,1500,1.0,0,unnorm,0.06832836690929266,0.07571807539310332,True,1.0
Cha,163,1500,1.0,0,unnorm,0.05032673830971101,0.04815749438559929,False,0.0
Cha,164,1500,1.0,0,unnorm,0.018937244689422567,0.016972510879071465,False,0.0
Cha,165,1500,1.0,0,unnorm,0.019479617857352086,0.019164221510210425,False,0.0
Cha,166,1500,1.0,0,unnorm,0.06312794114174125,0.0570185325032334,False,0.0
Cha,167,1500,1.0,0,unnorm,0.04980048369562189,0.04944509709611158,False,0.0
Cha,168,1500,1.0,0,unnorm,0.005577293462876934,0.005639772974927548,True,1.0
Cha,169,1500,1.0,0,unnorm,0.04377928628780804,0.044937271084038874,True,1.0
Cha,170,1500,1.0,0,unnorm,0.018160547823447008,0.017907295110357338,False,0.0
Cha,171,1500,1.0,0,unnorm,0.038761200279974165,0.03197255787262867,False,0.0
Cha,172,1500,1.0,0,unnorm,0.0192335717414383,0.01633638709546713,False,0.0
Cha,173,1500,1.0,0,unnorm,0.02587614203671325,0.026205400566341134,True,1.0
Cha,174,1500,1.0,0,unnorm,0.046719657138785335,0.04929602517395845,True,1.0
Cha,175,1500,1.0,0,unnorm,0.049017960432774454,0.0584679072669528,True,1.0
Cha,176,1500,1.0,0,unnorm,0.01817750088647566,0.01765944799590248,False,0.0
Cha,177,1500,1.0,0,unnorm,0.024332587752413436,0.05102041755849288,True,1.0
Cha,178,1500,1.0,0,unnorm,0.020630821408636892,0.020654035300069342,True,1.0
Cha,179,1500,1.0,0,unnorm,0.03319067517529305,0.03476741367729012,True,1.0
Cha,180,1500,1.0,0,unnorm,0.05914956262240868,0.04650971996865041,False,0.0
Cha,181,1500,1.0,0,unnorm,0.04554407144405883,0.04565040702350242,True,1.0
Cha,182,1500,1.0,0,unnorm,0.054708974531189156,0.05411168150274533,False,0.0
Cha,183,1500,1.0,0,unnorm,0.046225961560341984,0.04740198223331941,True,1.0
Cha,184,1500,1.0,0,unnorm,0.061501152586654395,0.05849167178025041,False,0.0
Cha,185,1500,1.0,0,unnorm,0.02576186135617545,0.02679215285021062,True,1.0
Cha,186,1500,1.0,0,unnorm,0.062440143633916534,0.062126229863620916,False,0.0
Cha,187,1500,1.0,0,unnorm,0.048018155485214244,0.04671055291186771,False,0.0
Cha,188,1500,1.0,0,unnorm,0.05299801411354685,0.06113873817969133,True,1.0
Cha,189,1500,1.0,0,unnorm,0.02086723130070505,0.056079477045985676,True,1.0
Cha,190,1500,1.0,0,unnorm,0.018877829650672313,0.018565534073857318,False,0.0
Cha,191,1500,1.0,0,unnorm,0.027800518007390126,0.027951947491632146,True,1.0
Cha,192,1500,1.0,0,unnorm,0.0183385554978682,0.01842732179145345,True,1.0
Cha,193,1500,1.0,0,unnorm,0.03472859967705588,0.03473846284366141,True,1.0
Cha,194,1500,1.0,0,unnorm,0.019014712210652342,0.01863534981269704,False,0.0
Cha,195,1500,1.0,0,unnorm,0.052463204991897876,0.052737389088445,True,1.0
Cha,196,1500,1.0,0,unnorm,0.05223893145782343,0.05293602718029024,True,1.0
Cha,197,1500,1.0,0,unnorm,0.04616903023151284,0.046261359111894045,True,1.0
Cha,198,1500,1.0,0,unnorm,0.008631454676036742,0.00865990668590821,True,1.0
Cha,199,1500,1.0,0,unnorm,0.0636840034682385,0.06558961183278612,True,1.0
Cha,200,1500,1.0,0,unnorm,0.03358806595023623,0.04754153655172616,True,1.0
Cha,201,1500,1.0,0,unnorm,0.06423581063309403,0.05565274022529671,False,0.0
Cha,202,1500,1.0,0,unnorm,0.07030935335640043,0.05845714040130614,False,0.0
Cha,203,1500,1.0,0,unnorm,0.04367257386985972,0.04359751999385091,False,0.0
Cha,204,1500,1.0,0,unnorm,0.04615922718575173,0.04583926256378066,False,0.0
Cha,205,1500,1.0,0,unnorm,0.06046064055695848,0.05603168778830739,False,0.0
Cha,206,1500,1.0,0,unnorm,0.057382073106842846,0.056896705865624786,False,0.0
Cha,207,1500,1.0,0,unnorm,0.06994643474483501,0.07029661007025881,True,1.0
Cha,208,1500,1.0,0,unnorm,0.0366970489347173,0.054224863199230915,True,1.0
Cha,209,1500,1.0,0,unnorm,0.0192927712426527,0.019077720991698233,False,0.0
Cha,210,1500,1.0,0,unnorm,0.043647225957078234,0.04362601933956602,False,0.0
Cha,211,1500,1.0,0,unnorm,0.04192351305153665,0.04184924603826424,False,0.0
Cha,212,1500,1.0,0,unnorm,0.01698134735677874,0.01690243951261882,False,0.0
Cha,213,1500,1.0,0,unnorm,0.0194922385202962,0.024630810850712604,True,1.0
Cha,214,1500,1.0,0,unnorm,0.04902600789826462,0.05402837537662034,True,1.0
Cha,215,1500,1.0,0,unnorm,0.043841211634510824,0.044445109008116,True,1.0
Cha,216,1500,1.0,0,unnorm,0.055533381175220636,0.05745075694997225,True,1.0
Cha,217,1500,1.0,0,unnorm,0.06286886748452676,0.05940594015886931,False,0.0
Cha,218,1500,1.0,0,unnorm,0.04420286153048306,0.044112233726946865,False,0.0
Cha,219,1500,1.0,0,unnorm,0.03848245104837412,0.03851057737188669,True,1.0
Cha,220,1500,1.0,0,unnorm,0.04142252070598391,0.039870840480709,False,0.0
Cha,221,1500,1.0,0,unnorm,0.04281008876600023,0.028486809273063476,False,0.0
Cha,222,1500,1.0,0,unnorm,0.04883171231086229,0.04848347010776435,False,0.0
Cha,223,1500,1.0,0,unnorm,0.04984088316320376,0.05064409902564516,True,1.0
Cha,224,1500,1.0,0,unnorm,0.044315737055606826,0.04430108512446912,False,0.0
Cha,225,1500,1.0,0,unnorm,0.051539966819407375,0.05172594073913101,True,1.0
Cha,226,1500,1.0,0,unnorm,0.03203564321301222,0.03679794479869148,True,1.0
Cha,227,1500,1.0,0,unnorm,0.039439080454448175,0.038263340242060254,False,0.0
Cha,228,1500,1.0,0,unnorm,0.02425435494276887,0.029814157980475636,True,1.0
Cha,229,1500,1.0,0,unnorm,0.019078269113555802,0.019083973948948264,True,1.0
Cha,230,1500,1.0,0,unnorm,0.05986465245922784,0.058842646783344846,False,0.0
Cha,231,1500,1.0,0,unnorm,0.044144320145683515,0.04398006698825817,False,0.0
Cha,232,1500,1.0,0,unnorm,0.044806736625973176,0.048709296156641595,True,1.0
Cha,233,1500,1.0,0,unnorm,0.06835690305589544,0.0705317181394012,True,1.0
Cha,234,1500,1.0,0,unnorm,0.043602667325220404,0.04328594585366015,False,0.0
Cha,235,1500,1.0,0,unnorm,0.013005698916840759,0.019837496994888706,True,1.0
Cha,236,1500,1.0,0,unnorm,0.02444282913739615,0.06549428805992445,True,1.0
Cha,237,1500,1.0,0,unnorm,0.042866119445019425,0.039408143308313805,False,0.0
Cha,238,1500,1.0,0,unnorm,0.058577277701459284,0.05767349343482192,False,0.0
Cha,239,1500,1.0,0,unnorm,0.03361716437900517,0.03008566089021516,False,0.0
Cha,240,1500,1.0,0,unnorm,0.06019925479761918,0.0579546248410529,False,0.0
Cha,241,1500,1.0,0,unnorm,0.05649046544486917,0.057922549400406836,True,1.0
Cha,242,1500,1.0,0,unnorm,0.056257661040726964,0.04309032855439651,False,0.0
Cha,243,1500,1.0,0,unnorm,0.05837825175070339,0.054312530349988127,False,0.0
Cha,244,1500,1.0,0,unnorm,0.019719116043245912,0.018854503404825838,False,0.0
Cha,245,1500,1.0,0,unnorm,0.06594826084822358,0.06067053322405264,False,0.0
Cha,246,1500,1.0,0,unnorm,0.03623079141953529,0.03635353770834454,True,1.0
Cha,247,1500,1.0,0,unnorm,0.04673653460405642,0.04754876511246723,True,1.0
Cha,248,1500,1.0,0,unnorm,0.01879235451373855,0.01896386198372158,True,1.0
Cha,249,1500,1.0,0,unnorm,0.04194479120566565,0.04217047853328111,True,1.0
Cha,250,1500,1.0,0,unnorm,0.06596016982651932,0.06867829341345282,True,1.0
Cha,251,1500,1.0,0,unnorm,0.03075517933946927,0.030085606078748925,False,0.0
Cha,252,1500,1.0,0,unnorm,0.04843104791404568,0.041402984907905754,False,0.0
Cha,253,1500,1.0,0,unnorm,0.06208697197702348,0.07557796120137694,True,1.0
Cha,254,1500,1.0,0,unnorm,0.03706271527485677,0.040436396202574235,True,1.0
Cha,255,1500,1.0,0,unnorm,0.05584011976757229,0.05564533710367783,False,0.0
Cha,256,1500,1.0,0,unnorm,0.04542242794424364,0.04734397043596368,True,1.0
Cha,257,1500,1.0,0,unnorm,0.019752947212051637,0.04487254071432276,True,1.0
Cha,258,1500,1.0,0,unnorm,0.057772534315956144,0.06353164919294664,True,1.0
Cha,259,1500,1.0,0,unnorm,0.03958938258918548,0.03890581100963047,False,0.0
Cha,260,1500,1.0,0,unnorm,0.06389237239080733,0.06372684860573417,False,0.0
Cha,261,1500,1.0,0,unnorm,0.03142236011979078,0.043870369542190445,True,1.0
Cha,262,1500,1.0,0,unnorm,0.008281664936944542,0.008295987326554045,True,1.0
Cha,263,1500,1.0,0,unnorm,0.048329159053698306,0.04868114891179473,True,1.0
Cha,264,1500,1.0,0,unnorm,0.05349396904997115,0.053631593185676604,True,1.0
Cha,265,1500,1.0,0,unnorm,0.035871428957364525,0.03584202912296457,False,0.0
Cha,266,1500,1.0,0,unnorm,0.0476567608451213,0.04715979982012178,False,0.0
Cha,267,1500,1.0,0,unnorm,0.036670370269447715,0.06245869704606615,True,1.0
Cha,268,1500,1.0,0,unnorm,0.02388123434788864,0.022531948110910104,False,0.0
Cha,269,1500,1.0,0,unnorm,0.04677083980080745,0.04638398888924107,False,0.0
Cha,270,1500,1.0,0,unnorm,0.06259843427169468,0.0654098883831951,True,1.0
Cha,271,1500,1.0,0,unnorm,0.01997630339774139,0.01725156250442759,False,0.0
Cha,272,1500,1.0,0,unnorm,0.01820575427124834,0.01809303765523413,False,0.0
Cha,273,1500,1.0,0,unnorm,0.04704932102497844,0.07116183379990114,True,1.0
Cha,274,1500,1.0,0,unnorm,0.06700282906283232,0.08026169302400872,True,1.0
Cha,275,1500,1.0,0,unnorm,0.03872739328732675,0.0365686220418534,False,0.0
Cha,276,1500,1.0,0,unnorm,0.06792861928593387,0.06463196426503483,False,0.0
Cha,277,1500,1.0,0,unnorm,0.046984335829718823,0.04717941456940781,True,1.0
Cha,278,1500,1.0,0,unnorm,0.048200911289851274,0.048506399057129564,True,1.0
Cha,279,1500,1.0,0,unnorm,0.018738853960055608,0.018746614006955143,True,1.0
Cha,280,1500,1.0,0,unnorm,0.05502532290217052,0.04876902734088928,False,0.0
Cha,281,1500,1.0,0,unnorm,0.042874418188446596,0.0402567439467061,False,0.0
Cha,282,1500,1.0,0,unnorm,0.021006869898143207,0.019332222093619046,False,0.0
Cha,283,1500,1.0,0,unnorm,0.02661208058712833,0.026787773917744784,True,1.0
Cha,284,1500,1.0,0,unnorm,0.0691324343932444,0.06601116538589162,False,0.0
Cha,285,1500,1.0,0,unnorm,0.05369983413054205,0.05451041197803133,True,1.0
Cha,286,1500,1.0,0,unnorm,0.044670391689395246,0.05038874182256904,True,1.0
Cha,287,1500,1.0,0,unnorm,0.03255106134586963,0.03252366506979021,False,0.0
Cha,288,1500,1.0,0,unnorm,0.034265728088694665,0.03269129461643878,False,0.0
Cha,289,1500,1.0,0,unnorm,0.06172513810514811,0.06546072926466923,True,1.0
Cha,290,1500,1.0,0,unnorm,0.058409201607523394,0.0532474914548562,False,0.0
Cha,291,1500,1.0,0,unnorm,0.04303481041171969,0.04175449991013124,False,0.0
Cha,292,1500,1.0,0,unnorm,0.05305523351093034,0.05269083831409407,False,0.0
Cha,293,1500,1.0,0,unnorm,0.01433003898914496,0.07195324359457339,True,1.0
Cha,294,1500,1.0,0,unnorm,0.043751683144580986,0.04815235319998873,True,1.0
Cha,295,1500,1.0,0,unnorm,0.037572572457561744,0.041278815873804525,True,1.0
Cha,296,1500,1.0,0,unnorm,0.0512533331345083,0.05245383436554324,True,1.0
Cha,297,1500,1.0,0,unnorm,0.03204827996215982,0.03628440435410113,True,1.0
Cha,298,1500,1.0,0,unnorm,0.017178574299777184,0.017073053113733798,False,0.0
Cha,299,1500,1.0,0,unnorm,0.010765877799374216,0.010715889603581564,False,0.0
Cha,300,1500,1.0,0,unnorm,0.043204348134989634,0.04242854152406747,False,0.0
Multi,1,1500,1.0,0,unnorm,0.05824149679253326,0.054585878996552775,False,0.0
Multi,2,1500,1.0,0,unnorm,0.004383531900577534,0.004400793786777112,True,1.0
Multi,3,1500,1.0,0,unnorm,0.03246285553226807,0.037972080054541474,True,1.0
Multi,4,1500,1.0,0,unnorm,0.07284098572115882,0.07787509452568869,True,1.0
Multi,5,1500,1.0,0,unnorm,0.011317217371610412,0.020510014352455783,True,1.0
Multi,6,1500,1.0,0,unnorm,0.0010269377057951716,0.0010279019673314564,True,1.0
Multi,7,1500,1.0,0,unnorm,0.004923493698414933,0.004936848999836518,True,1.0
Multi,8,1500,1.0,0,unnorm,0.017984365864385225,0.048321597572263,True,1.0
Multi,9,1500,1.0,0,unnorm,0.008895058431308136,0.008936564051494926,True,1.0
Multi,10,1500,1.0,0,unnorm,0.04951043950804462,0.04885733589485786,False,0.0
Multi,11,1500,1.0,0,unnorm,0.009252338723474616,0.009268458679370227,True,1.0
Multi,12,1500,1.0,0,unnorm,0.08092522404508434,0.05091355992637406,False,0.0
Multi,13,1500,1.0,0,unnorm,0.0442790861486152,0.0718399593271765,True,1.0
Multi,14,1500,1.0,0,unnorm,0.02866505272386197,0.028823164177782138,True,1.0
Multi,15,1500,1.0,0,unnorm,0.06099527582008461,0.05756690444146455,False,0.0
Multi,16,1500,1.0,0,unnorm,0.05074844386405198,0.06252500693799304,True,1.0
Multi,17,1500,1.0,0,unnorm,0.036862256642790955,0.058900290673270295,True,1.0
Multi,18,1500,1.0,0,unnorm,0.0795591680606896,0.052842623661698285,False,0.0
Multi,19,1500,1.0,0,unnorm,0.009559486012919453,0.009609659618883663,True,1.0
Multi,20,1500,1.0,0,unnorm,0.0446247548821163,0.07506901820550416,True,1.0
Multi,21,1500,1.0,0,unnorm,0.005763167719880664,0.0804023727121474,True,1.0
Multi,22,1500,1.0,0,unnorm,0.004924111088245518,0.004941498833120948,True,1.0
Multi,23,1500,1.0,0,unnorm,0.03414981320759265,0.03417481325859904,True,1.0
Multi,24,1500,1.0,0,unnorm,0.028929063272769878,0.030732073441041827,True,1.0
Multi,25,1500,1.0,0,unnorm,0.011818471390303913,0.01147444012802245,False,0.0
Multi,26,1500,1.0,0,unnorm,0.06471074621251004,0.04760453029943754,False,0.0
Multi,27,1500,1.0,0,unnorm,0.04734997779862833,0.06985728981049173,True,1.0
Multi,28,1500,1.0,0,unnorm,0.06486886008044462,0.05489944045710045,False,0.0
Multi,29,1500,1.0,0,unnorm,0.05083547134674247,0.04987139350996201,False,0.0
Multi,30,1500,1.0,0,unnorm,0.05234195537907164,0.052792782080392245,True,1.0
Multi,31,1500,1.0,0,unnorm,0.000270298868797912,0.0002703016971747308,True,1.0
Multi,32,1500,1.0,0,unnorm,0.04584189083995983,0.04585263372784388,True,1.0
Multi,33,1500,1.0,0,unnorm,0.013600188102920152,0.013701895770709854,True,1.0
Multi,34,1500,1.0,0,unnorm,0.0006222486954468414,0.0006240864860209211,True,1.0
Multi,35,1500,1.0,0,unnorm,0.016441041153614906,0.06530642827610199,True,1.0
Multi,36,1500,1.0,0,unnorm,0.03370853024519089,0.06489170260583174,True,1.0
Multi,37,1500,1.0,0,unnorm,0.0011535634361342288,0.0011549648849219457,True,1.0
Multi,38,1500,1.0,0,unnorm,0.04129305351774554,0.044425225971452445,True,1.0
Multi,39,1500,1.0,0,unnorm,0.014211138405368464,0.016043192017377125,True,1.0
Multi,40,1500,1.0,0,unnorm,0.0075973973975254835,0.0261372252241798,True,1.0
Multi,41,1500,1.0,0,unnorm,0.029052631413205635,0.04475176331707796,True,1.0
Multi,42,1500,1.0,0,unnorm,0.06989108544778519,0.063096703211139,False,0.0
Multi,43,1500,1.0,0,unnorm,0.036279310765636744,0.0392911548232654,True,1.0
Multi,44,1500,1.0,0,unnorm,0.013894847028940557,0.013773452838934969,False,0.0
Multi,45,1500,1.0,0,unnorm,0.07912273796661758,0.06358364714805424,False,0.0
Multi,46,1500,1.0,0,unnorm,0.06205883675436503,0.07793022474333679,True,1.0
Multi,47,1500,1.0,0,unnorm,0.04249375499870241,0.0692234910774963,True,1.0
Multi,48,1500,1.0,0,unnorm,0.06554590651605094,0.061597793568447315,False,0.0
Multi,49,1500,1.0,0,unnorm,0.04417827814100377,0.06380242652944375,True,1.0
Multi,50,1500,1.0,0,unnorm,0.05803923015697191,0.05594291597394628,False,0.0
Multi,51,1500,1.0,0,unnorm,0.04413770387533527,0.08142480396097325,True,1.0
Multi,52,1500,1.0,0,unnorm,0.017819436649302214,0.01861770491413011,True,1.0
Multi,53,1500,1.0,0,unnorm,0.05593966512224014,0.055850881825969347,False,0.0
Multi,54,1500,1.0,0,unnorm,0.029880135164027113,0.032169571974886874,True,1.0
Multi,55,1500,1.0,0,unnorm,0.02401496398793991,0.02371904356249333,False,0.0
Multi,56,1500,1.0,0,unnorm,0.05657276070576606,0.0554701119660582,False,0.0
Multi,57,1500,1.0,0,unnorm,0.01061781096819496,0.03522134614172492,True,1.0
Multi,58,1500,1.0,0,unnorm,0.07922146009736049,0.07632681381643662,False,0.0
Multi,59,1500,1.0,0,unnorm,0.0014450151028040077,0.0014532757292169587,True,1.0
Multi,60,1500,1.0,0,unnorm,0.05123415845772117,0.08171735634002869,True,1.0
Multi,61,1500,1.0,0,unnorm,0.08118275647262466,0.05611022211480618,False,0.0
Multi,62,1500,1.0,0,unnorm,0.008684044597614791,0.010203294858247933,True,1.0
Multi,63,1500,1.0,0,unnorm,0.01617391824124992,0.016265726945357536,True,1.0
Multi,64,1500,1.0,0,unnorm,0.08091808550332973,0.050109666497513354,False,0.0
Multi,65,1500,1.0,0,unnorm,0.019880893596670644,0.02004116671317432,True,1.0
Multi,66,1500,1.0,0,unnorm,0.06824970608848321,0.06351064913372868,False,0.0
Multi,67,1500,1.0,0,unnorm,0.012004258974954806,0.024714739872859617,True,1.0
Multi,68,1500,1.0,0,unnorm,0.0005293332608501718,0.0005305936601657388,True,1.0
Multi,69,1500,1.0,0,unnorm,0.03141923717638133,0.03220342682053796,True,1.0
Multi,70,1500,1.0,0,unnorm,0.07025398607842633,0.06616595969400373,False,0.0
Multi,71,1500,1.0,0,unnorm,0.018606166468821867,0.06212615627580497,True,1.0
Multi,72,1500,1.0,0,unnorm,0.0632382228094197,0.05860138301010931,False,0.0
Multi,73,1500,1.0,0,unnorm,0.05330679824597347,0.05394113200474763,True,1.0
Multi,74,1500,1.0,0,unnorm,0.005217923270663382,0.005226891720169275,True,1.0
Multi,75,1500,1.0,0,unnorm,0.031051100664507173,0.03674838084226522,True,1.0
Multi,76,1500,1.0,0,unnorm,0.06957946085002824,0.05543805017725237,False,0.0
Multi,77,1500,1.0,0,unnorm,0.046918532184121,0.04032208681335463,False,0.0
Multi,78,1500,1.0,0,unnorm,0.08069887954755786,0.047699114840223655,False,0.0
Multi,79,1500,1.0,0,unnorm,0.005137889412830491,0.01790877379837237,True,1.0
Multi,80,1500,1.0,0,unnorm,0.0017938249660400124,0.007223613815141387,True,1.0
Multi,81,1500,1.0,0,unnorm,0.0014936911422424519,0.0015013511421324824,True,1.0
Multi,82,1500,1.0,0,unnorm,0.07634818412278914,0.05559779827477744,False,0.0
Multi,83,1500,1.0,0,unnorm,0.03870849864695638,0.02672392998095249,False,0.0
Multi,84,1500,1.0,0,unnorm,0.007991231313707083,0.008248296864750771,True,1.0
Multi,85,1500,1.0,0,unnorm,0.04304085629684374,0.08006683554708173,True,1.0
Multi,86,1500,1.0,0,unnorm,0.013819265084406994,0.013777406976687605,False,0.0
Multi,87,1500,1.0,0,unnorm,0.013801878866078195,0.01625193154642055,True,1.0
Multi,88,1500,1.0,0,unnorm,0.008530003768341895,0.008609998033470906,True,1.0
Multi,89,1500,1.0,0,unnorm,0.015138628900452358,0.017196743619008713,True,1.0
Multi,90,1500,1.0,0,unnorm,0.0750447666656654,0.0639471876320966,False,0.0
Multi,91,1500,1.0,0,unnorm,0.029732483003532255,0.03002336583367177,True,1.0
Multi,92,1500,1.0,0,unnorm,0.03006512304017632,0.03045028615528934,True,1.0
Multi,93,1500,1.0,0,unnorm,0.0014859581084464139,0.0014939370231678922,True,1.0
Multi,94,1500,1.0,0,unnorm,0.0048603570187470335,0.004864968113266008,True,1.0
Multi,95,1500,1.0,0,unnorm,0.02491684331945245,0.03709156921428693,True,1.0
Multi,96,1500,1.0,0,unnorm,0.07944149423416862,0.05491585052704512,False,0.0
Multi,97,1500,1.0,0,unnorm,0.00025627602741659845,0.0002562721792150197,False,0.0
Multi,98,1500,1.0,0,unnorm,0.002621318674308615,0.002667170790002618,True,1.0
Multi,99,1500,1.0,0,unnorm,0.062381878752105,0.061492073716138906,False,0.0
Multi,100,1500,1.0,0,unnorm,0.07389240482848024,0.04212098882783051,False,0.0
Multi,101,1500,1.0,0,unnorm,0.051856434837212396,0.05185324829752371,False,0.0
Multi,102,1500,1.0,0,unnorm,0.05072927058343616,0.08168590190381973,True,1.0
Multi,103,1500,1.0,0,unnorm,0.01866243494203356,0.01879821457828816,True,1.0
Multi,104,1500,1.0,0,unnorm,0.0005112954215389436,0.0005125152446669843,True,1.0
Multi,105,1500,1.0,0,unnorm,0.03640411869841078,0.03686122303468604,True,1.0
Multi,106,1500,1.0,0,unnorm,0.019289885637832287,0.058494843450554626,True,1.0
Multi,107,1500,1.0,0,unnorm,0.00493558292729942,0.004973373306352286,True,1.0
Multi,108,1500,1.0,0,unnorm,0.03729064748858762,0.03997215320943864,True,1.0
Multi,109,1500,1.0,0,unnorm,0.02422450549412289,0.024268516929247114,True,1.0
Multi,110,1500,1.0,0,unnorm,0.0064796511916450335,0.016245314828681478,True,1.0
Multi,111,1500,1.0,0,unnorm,0.023959257271596285,0.062433598985218594,True,1.0
Multi,112,1500,1.0,0,unnorm,0.04292361536503547,0.08087394000727612,True,1.0
Multi,113,1500,1.0,0,unnorm,0.08074865877857408,0.08006902558936026,False,0.0
Multi,114,1500,1.0,0,unnorm,0.019356904710549974,0.058336724806943116,True,1.0
Multi,115,1500,1.0,0,unnorm,0.013034162727583804,0.013149059503527332,True,1.0
Multi,116,1500,1.0,0,unnorm,0.009633361255711318,0.009698248265546557,True,1.0
Multi,117,1500,1.0,0,unnorm,0.06311830124936375,0.0584771594486849,False,0.0
Multi,118,1500,1.0,0,unnorm,0.0031623397799311935,0.0031669333656413183,True,1.0
Multi,119,1500,1.0,0,unnorm,0.016722912433658147,0.016815687627740553,True,1.0
Multi,120,1500,1.0,0,unnorm,0.03192853350299678,0.03145464186414455,False,0.0
Multi,121,1500,1.0,0,unnorm,0.015998318463110856,0.02183570697131956,True,1.0
Multi,122,1500,1.0,0,unnorm,0.01798347337887837,0.018071468772960737,True,1.0
Multi,123,1500,1.0,0,unnorm,0.0804954460059653,0.03161781244385631,False,0.0
Multi,124,1500,1.0,0,unnorm,0.024160968227228626,0.024426313199817994,True,1.0
Multi,125,1500,1.0,0,unnorm,0.06894111567817353,0.08019842392710676,True,1.0
Multi,126,1500,1.0,0,unnorm,0.03546195213216883,0.07038134100685674,True,1.0
Multi,127,1500,1.0,0,unnorm,0.07713270597585854,0.072928667623708,False,0.0
Multi,128,1500,1.0,0,unnorm,0.0214712839458026,0.021109148618842513,False,0.0
Multi,129,1500,1.0,0,unnorm,0.07740280451109538,0.05056629212901188,False,0.0
Multi,130,1500,1.0,0,unnorm,0.047570120456854735,0.04685485124409754,False,0.0
Multi,131,1500,1.0,0,unnorm,0.01994497502099342,0.079085406535185,True,1.0
Multi,132,1500,1.0,0,unnorm,0.04102049914022096,0.04024943320001224,False,0.0
Multi,133,1500,1.0,0,unnorm,0.047795101672442726,0.04720598264950434,False,0.0
Multi,134,1500,1.0,0,unnorm,0.05016429490489933,0.050415652599817666,True,1.0
Multi,135,1500,1.0,0,unnorm,0.05139995346227489,0.04922413201730174,False,0.0
Multi,136,1500,1.0,0,unnorm,0.08156406661078094,0.049477020232830286,False,0.0
Multi,137,1500,1.0,0,unnorm,0.025473959212235667,0.035967100843668956,True,1.0
Multi,138,1500,1.0,0,unnorm,0.04229197101667072,0.08062704411370916,True,1.0
Multi,139,1500,1.0,0,unnorm,0.013232173063138463,0.016371146993420568,True,1.0
Multi,140,1500,1.0,0,unnorm,0.043948996022746635,0.04230080533636435,False,0.0
Multi,141,1500,1.0,0,unnorm,0.0004554429491864063,0.0004555776694027236,True,1.0
Multi,142,1500,1.0,0,unnorm,0.004743106838788288,0.004754293181344142,True,1.0
Multi,143,1500,1.0,0,unnorm,0.006551124272348043,0.006587680036153092,True,1.0
Multi,144,1500,1.0,0,unnorm,0.08037434723312788,0.08103790700801508,True,1.0
Multi,145,1500,1.0,0,unnorm,0.03174351543232084,0.031131125632809963,False,0.0
Multi,146,1500,1.0,0,unnorm,0.0008877591510702239,0.0008897832144885981,True,1.0
Multi,147,1500,1.0,0,unnorm,0.0038478070584909573,0.008367866749527239,True,1.0
Multi,148,1500,1.0,0,unnorm,0.000627675642190242,0.0006283620384313305,True,1.0
Multi,149,1500,1.0,0,unnorm,0.019659323302170652,0.022344860858619014,True,1.0
Multi,150,1500,1.0,0,unnorm,0.01404088886636441,0.03845538560282789,True,1.0
Multi,151,1500,1.0,0,unnorm,0.014070375248441054,0.014127856830053359,True,1.0
Multi,152,1500,1.0,0,unnorm,0.01847349043322577,0.02005293360848983,True,1.0
Multi,153,1500,1.0,0,unnorm,0.05800214930212419,0.05479891533106938,False,0.0
Multi,154,1500,1.0,0,unnorm,0.06743842255735097,0.04629226684101153,False,0.0
Multi,155,1500,1.0,0,unnorm,0.0031968248426370795,0.0032565367280178873,True,1.0
Multi,156,1500,1.0,0,unnorm,0.06321510959510646,0.05862432386276729,False,0.0
Multi,157,1500,1.0,0,unnorm,0.05164014851434144,0.05180701568886849,True,1.0
Multi,158,1500,1.0,0,unnorm,0.0703528962879152,0.06494310193577517,False,0.0
Multi,159,1500,1.0,0,unnorm,0.038007525465435926,0.045441527091028305,True,1.0
Multi,160,1500,1.0,0,unnorm,0.08060049993011487,0.06172316334949752,False,0.0
Multi,161,1500,1.0,0,unnorm,0.0033362587013074495,0.003384771241152046,True,1.0
Multi,162,1500,1.0,0,unnorm,0.015552768802075838,0.015584794793679657,True,1.0
Multi,163,1500,1.0,0,unnorm,0.072691477649084,0.06528193513251046,False,0.0
Multi,164,1500,1.0,0,unnorm,0.017937244774226434,0.07164236029382506,True,1.0
Multi,165,1500,1.0,0,unnorm,0.008964259061828232,0.06605936683537852,True,1.0
Multi,166,1500,1.0,0,unnorm,0.009778773096539076,0.009857194049685897,True,1.0
Multi,167,1500,1.0,0,unnorm,0.012739479525486364,0.012793007482690731,True,1.0
Multi,168,1500,1.0,0,unnorm,0.041150325150425326,0.07824843913796548,True,1.0
Multi,169,1500,1.0,0,unnorm,0.010283373716268043,0.0289349321746276,True,1.0
Multi,170,1500,1.0,0,unnorm,0.07845576166651168,0.044259079438083646,False,0.0
Multi,171,1500,1.0,0,unnorm,0.0793431684474933,0.07700560502704759,False,0.0
Multi,172,1500,1.0,0,unnorm,0.020271600229682756,0.02001778055007608,False,0.0
Multi,173,1500,1.0,0,unnorm,0.0009194146250493425,0.0009227950722714096,True,1.0
Multi,174,1500,1.0,0,unnorm,0.08126566204906391,0.052306975017804104,False,0.0
Multi,175,1500,1.0,0,unnorm,0.04314756565207525,0.04440965370082379,True,1.0
Multi,176,1500,1.0,0,unnorm,0.05145584284749736,0.05095706776747365,False,0.0
Multi,177,1500,1.0,0,unnorm,0.06990056563811857,0.06705159134575904,False,0.0
Multi,178,1500,1.0,0,unnorm,0.002336914478237104,0.04600059165768708,True,1.0
Multi,179,1500,1.0,0,unnorm,0.038599072705933754,0.04184071843253069,True,1.0
Multi,180,1500,1.0,0,unnorm,0.007020910179129043,0.007380361879830571,True,1.0
Multi,181,1500,1.0,0,unnorm,0.042316435277665765,0.0429731325336913,True,1.0
Multi,182,1500,1.0,0,unnorm,0.03668684703889277,0.03722740210378704,True,1.0
Multi,183,1500,1.0,0,unnorm,0.04356436480736564,0.04676327367002887,True,1.0
Multi,184,1500,1.0,0,unnorm,0.022454256701363876,0.06581800230535749,True,1.0
Multi,185,1500,1.0,0,unnorm,0.004769565539786381,0.004779492356478457,True,1.0
Multi,186,1500,1.0,0,unnorm,0.06066091387626677,0.05834871849958505,False,0.0
Multi,187,1500,1.0,0,unnorm,0.010706130845633753,0.014614673649539509,True,1.0
Multi,188,1500,1.0,0,unnorm,0.01225493277300656,0.012257174597735678,True,1.0
Multi,189,1500,1.0,0,unnorm,0.05506253358190322,0.056117953980890777,True,1.0
Multi,190,1500,1.0,0,unnorm,0.04356786004829672,0.06830960309092404,True,1.0
Multi,191,1500,1.0,0,unnorm,0.01063026494096776,0.010817665715729157,True,1.0
Multi,192,1500,1.0,0,unnorm,0.07486421638052732,0.06890361300033623,False,0.0
Multi,193,1500,1.0,0,unnorm,0.008932039071817364,0.011756091501003978,True,1.0
Multi,194,1500,1.0,0,unnorm,0.07929931573649647,0.06205241680303616,False,0.0
Multi,195,1500,1.0,0,unnorm,0.01605399489461131,0.016408510026312606,True,1.0
Multi,196,1500,1.0,0,unnorm,0.018801633543756257,0.020655948180877164,True,1.0
Multi,197,1500,1.0,0,unnorm,0.07285869276511965,0.05275463040423537,False,0.0
Multi,198,1500,1.0,0,unnorm,0.08142674245465782,0.04784239152578309,False,0.0
Multi,199,1500,1.0,0,unnorm,0.07421276828844219,0.061390507531222493,False,0.0
Multi,200,1500,1.0,0,unnorm,0.00022927476428571185,0.0002292747581460781,False,0.0
Multi,201,1500,1.0,0,unnorm,0.07460325319606519,0.08048023094801228,True,1.0
Multi,202,1500,1.0,0,unnorm,0.06993273037432628,0.06492823097758489,False,0.0
Multi,203,1500,1.0,0,unnorm,0.060968222771150084,0.07955571344767011,True,1.0
Multi,204,1500,1.0,0,unnorm,0.06160266480966254,0.05840200811403146,False,0.0
Multi,205,1500,1.0,0,unnorm,0.04374741454235606,0.05015866277572293,True,1.0
Multi,206,1500,1.0,0,unnorm,0.040082377680300985,0.05999976719443424,True,1.0
Multi,207,1500,1.0,0,unnorm,0.0033754511361529797,0.003380309378002946,True,1.0
Multi,208,1500,1.0,0,unnorm,0.0025743582533044236,0.002647262218896363,True,1.0
Multi,209,1500,1.0,0,unnorm,0.053637808866938363,0.05177731477293971,False,0.0
Multi,210,1500,1.0,0,unnorm,0.06974859456386921,0.06185649377608978,False,0.0
Multi,211,1500,1.0,0,unnorm,0.00903948582730227,0.028329433765763724,True,1.0
Multi,212,1500,1.0,0,unnorm,0.04357545071111196,0.04415315765135652,True,1.0
Multi,213,1500,1.0,0,unnorm,0.06391807065596926,0.06128781943075929,False,0.0
Multi,214,1500,1.0,0,unnorm,0.06676583407778713,0.06233142081844709,False,0.0
Multi,215,1500,1.0,0,unnorm,0.010463994264828781,0.07777049584446998,True,1.0
Multi,216,1500,1.0,0,unnorm,0.05499615406753024,0.02673913926885058,False,0.0
Multi,217,1500,1.0,0,unnorm,0.003961622011632087,0.01123085440606392,True,1.0
Multi,218,1500,1.0,0,unnorm,0.0766478189978365,0.05860372961650751,False,0.0
Multi,219,1500,1.0,0,unnorm,0.016420808080083026,0.016210168611868137,False,0.0
Multi,220,1500,1.0,0,unnorm,0.010159384725848337,0.010147158557747192,False,0.0
Multi,221,1500,1.0,0,unnorm,0.062038029699873216,0.0552513660991616,False,0.0
Multi,222,1500,1.0,0,unnorm,0.07280422912187529,0.06349141540605002,False,0.0
Multi,223,1500,1.0,0,unnorm,0.04395289671827343,0.06341324966599994,True,1.0
Multi,224,1500,1.0,0,unnorm,0.05210229745649604,0.050215700544737306,False,0.0
Multi,225,1500,1.0,0,unnorm,0.04000320185999348,0.04543644708821919,True,1.0
Multi,226,1500,1.0,0,unnorm,0.004286562417771491,0.004298114920764414,True,1.0
Multi,227,1500,1.0,0,unnorm,0.048322992361467115,0.08157567365697141,True,1.0
Multi,228,1500,1.0,0,unnorm,0.04901418972610669,0.05000991610513615,True,1.0
Multi,229,1500,1.0,0,unnorm,0.0391940216254087,0.03853488260816133,False,0.0
Multi,230,1500,1.0,0,unnorm,0.034554148488723,0.034997611687178236,True,1.0
Multi,231,1500,1.0,0,unnorm,0.05013032247010914,0.0518753583607749,True,1.0
Multi,232,1500,1.0,0,unnorm,0.0803529859643959,0.06339581773776572,False,0.0
Multi,233,1500,1.0,0,unnorm,0.01494181832352338,0.01760352237089947,True,1.0
Multi,234,1500,1.0,0,unnorm,0.036627573606840096,0.03621937965570767,False,0.0
Multi,235,1500,1.0,0,unnorm,0.013690974273118628,0.013682264885879505,False,0.0
Multi,236,1500,1.0,0,unnorm,0.048878111538078015,0.07026007176569657,True,1.0
Multi,237,1500,1.0,0,unnorm,0.0025876501834019845,0.002575981695255256,False,0.0
Multi,238,1500,1.0,0,unnorm,0.046049836112733056,0.07052043137768683,True,1.0
Multi,239,1500,1.0,0,unnorm,0.046548798112885065,0.04496631516440594,False,0.0
Multi,240,1500,1.0,0,unnorm,0.0072042498344289455,0.007222854788440195,True,1.0
Multi,241,1500,1.0,0,unnorm,0.0554803475571167,0.05499195387528847,False,0.0
Multi,242,1500,1.0,0,unnorm,0.07042548025943886,0.06676408511142647,False,0.0
Multi,243,1500,1.0,0,unnorm,0.011466958388821084,0.04479957775536887,True,1.0
Multi,244,1500,1.0,0,unnorm,0.06490077966741961,0.05089810796154412,False,0.0
Multi,245,1500,1.0,0,unnorm,0.05791858147475337,0.04789011929406224,False,0.0
Multi,246,1500,1.0,0,unnorm,0.002738424277204538,0.007932098846477014,True,1.0
Multi,247,1500,1.0,0,unnorm,0.033663702162531985,0.038693577855380135,True,1.0
Multi,248,1500,1.0,0,unnorm,0.04457332721816118,0.08140573401605493,True,1.0
Multi,249,1500,1.0,0,unnorm,0.08026981937299231,0.049873529591502014,False,0.0
Multi,250,1500,1.0,0,unnorm,0.054744474853871086,0.054219080193552385,False,0.0
Multi,251,1500,1.0,0,unnorm,0.013990518819531549,0.08098435857083112,True,1.0
Multi,252,1500,1.0,0,unnorm,0.014894036834670799,0.015310792854072558,True,1.0
Multi,253,1500,1.0,0,unnorm,0.05182681535356112,0.05341692266713073,True,1.0
Multi,254,1500,1.0,0,unnorm,0.07978215368530053,0.07447263711161824,False,0.0
Multi,255,1500,1.0,0,unnorm,0.017964328422680958,0.017905975859312834,False,0.0
Multi,256,1500,1.0,0,unnorm,0.036975848739838196,0.05577777682867391,True,1.0
Multi,257,1500,1.0,0,unnorm,0.03475286217803817,0.036436143603803886,True,1.0
Multi,258,1500,1.0,0,unnorm,0.05439187074092351,0.047059408996373474,False,0.0
Multi,259,1500,1.0,0,unnorm,0.0009506339908759431,0.0009524129002074662,True,1.0
Multi,260,1500,1.0,0,unnorm,0.038245463671298385,0.04612230636555451,True,1.0
Multi,261,1500,1.0,0,unnorm,0.041526757622951,0.08133233867424852,True,1.0
Multi,262,1500,1.0,0,unnorm,0.0725553335429276,0.06845542928737337,False,0.0
Multi,263,1500,1.0,0,unnorm,0.052378494319467804,0.05024567340389101,False,0.0
Multi,264,1500,1.0,0,unnorm,0.03714267271504252,0.03646269295049872,False,0.0
Multi,265,1500,1.0,0,unnorm,0.002770647546608423,0.002770271554615437,False,0.0
Multi,266,1500,1.0,0,unnorm,0.019853273861003665,0.01978816115064311,False,0.0
Multi,267,1500,1.0,0,unnorm,0.06158064783548568,0.05655983690309122,False,0.0
Multi,268,1500,1.0,0,unnorm,0.06804568713866087,0.06245617801973453,False,0.0
Multi,269,1500,1.0,0,unnorm,0.0005638798971722386,0.0005632463800154448,False,0.0
Multi,270,1500,1.0,0,unnorm,0.04235507457867221,0.04279876391476474,True,1.0
Multi,271,1500,1.0,0,unnorm,0.045423027519110204,0.08148042505946612,True,1.0
Multi,272,1500,1.0,0,unnorm,0.07667999293513347,0.06648381172903094,False,0.0
Multi,273,1500,1.0,0,unnorm,0.0809453787387798,0.06329683447702229,False,0.0
Multi,274,1500,1.0,0,unnorm,0.04277436811503284,0.04216626090425994,False,0.0
Multi,275,1500,1.0,0,unnorm,0.005389022881398625,0.005393191701222764,True,1.0
Multi,276,1500,1.0,0,unnorm,0.029659648139662764,0.08092106025151619,True,1.0
Multi,277,1500,1.0,0,unnorm,0.07911868157755099,0.06900165334190993,False,0.0
Multi,278,1500,1.0,0,unnorm,0.0754019248708963,0.06949407021810577,False,0.0
Multi,279,1500,1.0,0,unnorm,0.04716138710885724,0.04982488990303954,True,1.0
Multi,280,1500,1.0,0,unnorm,0.01228285884551721,0.014950092173748016,True,1.0
Multi,281,1500,1.0,0,unnorm,0.016815251595014843,0.06381722048438623,True,1.0
Multi,282,1500,1.0,0,unnorm,0.00046053873944505,0.0004607125564669261,True,1.0
Multi,283,1500,1.0,0,unnorm,0.048831193863190514,0.03567855095381772,False,0.0
Multi,284,1500,1.0,0,unnorm,0.08194307521203474,0.08177455204712573,False,0.0
Multi,285,1500,1.0,0,unnorm,0.07178548842487341,0.06199289306778013,False,0.0
Multi,286,1500,1.0,0,unnorm,0.02957578894366119,0.06788102529465088,True,1.0
Multi,287,1500,1.0,0,unnorm,0.046104014058202046,0.049365989207252874,True,1.0
Multi,288,1500,1.0,0,unnorm,0.016071776019670848,0.0327574805576991,True,1.0
Multi,289,1500,1.0,0,unnorm,0.004464930421970928,0.004644992770224641,True,1.0
Multi,290,1500,1.0,0,unnorm,0.0421396260671267,0.07959998177545004,True,1.0
Multi,291,1500,1.0,0,unnorm,0.028291115141867197,0.028849184725406974,True,1.0
Multi,292,1500,1.0,0,unnorm,0.04449065821926469,0.08068873429410311,True,1.0
Multi,293,1500,1.0,0,unnorm,0.028111431678222498,0.0802708762533745,True,1.0
Multi,294,1500,1.0,0,unnorm,0.02382263452201226,0.023498726860873207,False,0.0
Multi,295,1500,1.0,0,unnorm,0.0015267074324840882,0.029682894285211616,True,1.0
Multi,296,1500,1.0,0,unnorm,0.0793132042943556,0.05195800345079014,False,0.0
Multi,297,1500,1.0,0,unnorm,0.014726608639930281,0.014716121066724206,False,0.0
Multi,298,1500,1.0,0,unnorm,0.06581378764290793,0.05478151467076095,False,0.0
Multi,299,1500,1.0,0,unnorm,0.07622781026079888,0.05744285150543568,False,0.0
Multi,300,1500,1.0,0,unnorm,0.08120747761491745,0.06194645382692843,False,0.0
Net,1,1500,1.0,0,unnorm,0.0017743917761472777,0.0017769765602347384,True,1.0
Net,2,1500,1.0,0,unnorm,0.012452426135397359,0.012792265103890896,True,1.0
Net,3,1500,1.0,0,unnorm,0.0015055088308734798,0.01778261178516789,True,1.0
Net,4,1500,1.0,0,unnorm,0.061471739380556015,0.07813310898657755,True,1.0
Net,5,1500,1.0,0,unnorm,0.017328289157988248,0.01724424979303609,False,0.0
Net,6,1500,1.0,0,unnorm,0.0031921797434774917,0.00900704018726958,True,1.0
Net,7,1500,1.0,0,unnorm,0.026777608432992216,0.030191786718388253,True,1.0
Net,8,1500,1.0,0,unnorm,0.05494841992988445,0.05852876321614994,True,1.0
Net,9,1500,1.0,0,unnorm,0.003909971181017345,0.003990322348426738,True,1.0
Net,10,1500,1.0,0,unnorm,0.005864618909481066,0.005874593866194773,True,1.0
Net,11,1500,1.0,0,unnorm,0.04742608276801256,0.047169261379627195,False,0.0
Net,12,1500,1.0,0,unnorm,0.06300351128047318,0.07665776756082843,True,1.0
Net,13,1500,1.0,0,unnorm,0.04009501804851666,0.040673235150942066,True,1.0
Net,14,1500,1.0,0,unnorm,0.045532583323438375,0.045181391676606265,False,0.0
Net,15,1500,1.0,0,unnorm,0.010167823913310456,0.01025588198149047,True,1.0
Net,16,1500,1.0,0,unnorm,0.0310514305982149,0.031745642997813565,True,1.0
Net,17,1500,1.0,0,unnorm,0.0605473000715438,0.0673273854369436,True,1.0
Net,18,1500,1.0,0,unnorm,0.050845751471904496,0.07461931592487203,True,1.0
Net,19,1500,1.0,0,unnorm,0.009184846105015987,0.01002980711570376,True,1.0
Net,20,1500,1.0,0,unnorm,0.01810842430722701,0.051399459811080114,True,1.0
Net,21,1500,1.0,0,unnorm,0.045533677975049335,0.046775521927924876,True,1.0
Net,22,1500,1.0,0,unnorm,0.01943424351841017,0.020314406226606532,True,1.0
Net,23,1500,1.0,0,unnorm,0.02541418622387553,0.02535549411011891,False,0.0
Net,24,1500,1.0,0,unnorm,0.004535360808061487,0.00453387509507291,False,0.0
Net,25,1500,1.0,0,unnorm,0.03127594187721123,0.05489417762918162,True,1.0
Net,26,1500,1.0,0,unnorm,0.055942611122599836,0.055437742986830255,False,0.0
Net,27,1500,1.0,0,unnorm,0.00038386430170454696,0.0003854218521461839,True,1.0
Net,28,1500,1.0,0,unnorm,0.05249181581056993,0.05370908372316604,True,1.0
Net,29,1500,1.0,0,unnorm,0.06026971388123543,0.0808561357496993,True,1.0
Net,30,1500,1.0,0,unnorm,0.0018900793629792868,0.0018852065738656383,False,0.0
Net,31,1500,1.0,0,unnorm,0.008196843080756938,0.034275241182492436,True,1.0
Net,32,1500,1.0,0,unnorm,0.0007697621684231887,0.0007704818724064009,True,1.0
Net,33,1500,1.0,0,unnorm,0.02074339217003549,0.023148389381543656,True,1.0
Net,34,1500,1.0,0,unnorm,0.0018975347299709632,0.04141783818794086,True,1.0
Net,35,1500,1.0,0,unnorm,0.03844138810594335,0.05770809931930387,True,1.0
Net,36,1500,1.0,0,unnorm,0.039398939811769784,0.04036229190634137,True,1.0
Net,37,1500,1.0,0,unnorm,0.015074932618100112,0.015468086546355083,True,1.0
Net,38,1500,1.0,0,unnorm,0.06458740296017317,0.07108782942683732,True,1.0
Net,39,1500,1.0,0,unnorm,0.029656325868612485,0.07888850661969457,True,1.0
Net,40,1500,1.0,0,unnorm,0.03942017600286535,0.042384731239139134,True,1.0
Net,41,1500,1.0,0,unnorm,0.009971502890470921,0.054453032125528926,True,1.0
Net,42,1500,1.0,0,unnorm,0.03247569052016626,0.03227849141791185,False,0.0
Net,43,1500,1.0,0,unnorm,0.003930816711958041,0.0039325197722633945,True,1.0
Net,44,1500,1.0,0,unnorm,0.018094637385214097,0.018079175330487213,False,0.0
Net,45,1500,1.0,0,unnorm,0.0066068880968063745,0.04483322485902937,True,1.0
Net,46,1500,1.0,0,unnorm,0.026048325514491138,0.026738273064568382,True,1.0
Net,47,1500,1.0,0,unnorm,0.02271476326505908,0.022816684910292227,True,1.0
Net,48,1500,1.0,0,unnorm,0.03802522443025299,0.03787732014722591,False,0.0
Net,49,1500,1.0,0,unnorm,0.056122840214557046,0.06277622524910219,True,1.0
Net,50,1500,1.0,0,unnorm,0.04140162609404823,0.07614440827734181,True,1.0
Net,51,1500,1.0,0,unnorm,0.04586508829231853,0.07425780130154207,True,1.0
Net,52,1500,1.0,0,unnorm,0.03989151962377354,0.04203389612200592,True,1.0
Net,53,1500,1.0,0,unnorm,0.05292943575068042,0.05435709875594323,True,1.0
Net,54,1500,1.0,0,unnorm,0.01938216338200104,0.019618995725813347,True,1.0
Net,55,1500,1.0,0,unnorm,0.052955411272081775,0.0550906383263129,True,1.0
Net,56,1500,1.0,0,unnorm,0.02177892527143512,0.022634017206911494,True,1.0
Net,57,1500,1.0,0,unnorm,0.05220039249728163,0.054824670889412265,True,1.0
Net,58,1500,1.0,0,unnorm,0.037471653039364734,0.03621652611087013,False,0.0
Net,59,1500,1.0,0,unnorm,0.044233803667433465,0.05242053453682177,True,1.0
Net,60,1500,1.0,0,unnorm,0.023145184942811405,0.030951532417757905,True,1.0
Net,61,1500,1.0,0,unnorm,0.04592833207748006,0.04565412687081684,False,0.0
Net,62,1500,1.0,0,unnorm,0.0009031212404049248,0.045302061012178964,True,1.0
Net,63,1500,1.0,0,unnorm,0.0015864048714932509,0.045009020645767554,True,1.0
Net,64,1500,1.0,0,unnorm,0.01646858310361251,0.020718741485580994,True,1.0
Net,65,1500,1.0,0,unnorm,0.005817004262212465,0.00608449729916438,True,1.0
Net,66,1500,1.0,0,unnorm,0.025616882544220426,0.02532445834082111,False,0.0
Net,67,1500,1.0,0,unnorm,0.026747262125837366,0.026685034239110936,False,0.0
Net,68,1500,1.0,0,unnorm,0.006631149650270347,0.006793421985040314,True,1.0
Net,69,1500,1.0,0,unnorm,0.03850793373459154,0.04137765666594817,True,1.0
Net,70,1500,1.0,0,unnorm,0.047024546745678165,0.04755154446352916,True,1.0
Net,71,1500,1.0,0,unnorm,0.010649443520034033,0.021892547014151616,True,1.0
Net,72,1500,1.0,0,unnorm,0.030069556495090067,0.029836491748774695,False,0.0
Net,73,1500,1.0,0,unnorm,0.01056310594122945,0.010595040405213819,True,1.0
Net,74,1500,1.0,0,unnorm,0.05426382517950346,0.05447416238422118,True,1.0
Net,75,1500,1.0,0,unnorm,0.05713763199374532,0.0711346382285871,True,1.0
Net,76,1500,1.0,0,unnorm,0.009099099395566494,0.030253324344345207,True,1.0
Net,77,1500,1.0,0,unnorm,0.00909820743259856,0.009174688135097227,True,1.0
Net,78,1500,1.0,0,unnorm,0.03164239500877803,0.03255820782378775,True,1.0
Net,79,1500,1.0,0,unnorm,0.02801845776573003,0.027917948346736925,False,0.0
Net,80,1500,1.0,0,unnorm,0.04909954847691026,0.05084853448607479,True,1.0
Net,81,1500,1.0,0,unnorm,0.005742252755545998,0.005842933040238548,True,1.0
Net,82,1500,1.0,0,unnorm,0.026710325461057866,0.02673005914871072,True,1.0
Net,83,1500,1.0,0,unnorm,0.057750164969514434,0.06139416274734288,True,1.0
Net,84,1500,1.0,0,unnorm,0.04838984821601271,0.05160985629665765,True,1.0
Net,85,1500,1.0,0,unnorm,0.052514241786730836,0.05315884456088935,True,1.0
Net,86,1500,1.0,0,unnorm,0.02942984537111539,0.039309533297848136,True,1.0
Net,87,1500,1.0,0,unnorm,0.06833934959320107,0.07381604103092035,True,1.0
Net,88,1500,1.0,0,unnorm,0.021549105798614798,0.05111901379352635,True,1.0
Net,89,1500,1.0,0,unnorm,0.03396482131416217,0.03653395002578375,True,1.0
Net,90,1500,1.0,0,unnorm,0.00953693691298709,0.009781526336550453,True,1.0
Net,91,1500,1.0,0,unnorm,0.004359856694763356,0.004756290634626715,True,1.0
Net,92,1500,1.0,0,unnorm,0.0003312154769521195,0.00033141449622988643,True,1.0
Net,93,1500,1.0,0,unnorm,0.006572846890223058,0.006519897601417861,False,0.0
Net,94,1500,1.0,0,unnorm,0.04772470169408241,0.06229214880472903,True,1.0
Net,95,1500,1.0,0,unnorm,0.02221685895044677,0.03520130651392503,True,1.0
Net,96,1500,1.0,0,unnorm,0.000729762172187314,0.0007310743914374058,True,1.0
Net,97,1500,1.0,0,unnorm,0.05514230784635014,0.07320613041755268,True,1.0
Net,98,1500,1.0,0,unnorm,0.013755954751994046,0.020684600217407038,True,1.0
Net,99,1500,1.0,0,unnorm,0.00408022859546731,0.004066801319324866,False,0.0
Net,100,1500,1.0,0,unnorm,0.020752319381650165,0.02095208078872502,True,1.0
Net,101,1500,1.0,0,unnorm,0.02314455500881486,0.023365284174730865,True,1.0
Net,102,1500,1.0,0,unnorm,0.00023370151777281736,0.0002337015575376794,True,1.0
Net,103,1500,1.0,0,unnorm,0.04750957035655383,0.07498897438661578,True,1.0
Net,104,1500,1.0,0,unnorm,0.014350799744514812,0.026761074646492734,True,1.0
Net,105,1500,1.0,0,unnorm,0.020232672811988907,0.07764046594195469,True,1.0
Net,106,1500,1.0,0,unnorm,0.06478640389076407,0.07256963343270736,True,1.0
Net,107,1500,1.0,0,unnorm,0.02970232211128169,0.029194061914187743,False,0.0
Net,108,1500,1.0,0,unnorm,0.061610495411407507,0.07825073306883032,True,1.0
Net,109,1500,1.0,0,unnorm,0.023791904724348913,0.02420198370162607,True,1.0
Net,110,1500,1.0,0,unnorm,0.034570863681958434,0.03940146113686253,True,1.0
Net,111,1500,1.0,0,unnorm,0.042592010343274964,0.044201607508291656,True,1.0
Net,112,1500,1.0,0,unnorm,0.010690505648930109,0.010745612969001136,True,1.0
Net,113,1500,1.0,0,unnorm,0.04458534982130221,0.045591117244581855,True,1.0
Net,114,1500,1.0,0,unnorm,0.02229858728564562,0.03155185661924067,True,1.0
Net,115,1500,1.0,0,unnorm,0.0027308290871837855,0.002907578052195053,True,1.0
Net,116,1500,1.0,0,unnorm,0.003804290826528568,0.0038064513246750917,True,1.0
Net,117,1500,1.0,0,unnorm,0.01563350778950471,0.07019817918962257,True,1.0
Net,118,1500,1.0,0,unnorm,0.02995044109861241,0.061876821403653776,True,1.0
Net,119,1500,1.0,0,unnorm,0.002107744339080333,0.002111576866009507,True,1.0
Net,120,1500,1.0,0,unnorm,0.001268619863046889,0.06469943699458122,True,1.0
Net,121,1500,1.0,0,unnorm,0.04919230484801181,0.050565930603884764,True,1.0
Net,122,1500,1.0,0,unnorm,0.006379142742991918,0.007164495978928484,True,1.0
Net,123,1500,1.0,0,unnorm,0.041009243292589335,0.04098977314092879,False,0.0
Net,124,1500,1.0,0,unnorm,0.06464134275906508,0.07794926185382432,True,1.0
Net,125,1500,1.0,0,unnorm,0.019532150849072515,0.01937602636425392,False,0.0
Net,126,1500,1.0,0,unnorm,0.0019802257652872003,0.001984818262160572,True,1.0
Net,127,1500,1.0,0,unnorm,0.031406410792659746,0.030552868851845615,False,0.0
Net,128,1500,1.0,0,unnorm,0.0524087819326913,0.05475873370456954,True,1.0
Net,129,1500,1.0,0,unnorm,0.030426663817868484,0.030655625484176625,True,1.0
Net,130,1500,1.0,0,unnorm,0.05211348384367373,0.05515858669328708,True,1.0
Net,131,1500,1.0,0,unnorm,0.00145310336922738,0.0014535645521297775,True,1.0
Net,132,1500,1.0,0,unnorm,0.03487095002451641,0.04116871071634536,True,1.0
Net,133,1500,1.0,0,unnorm,0.008341306182195763,0.008389306167661429,True,1.0
Net,134,1500,1.0,0,unnorm,0.005726068462612174,0.006164651115541966,True,1.0
Net,135,1500,1.0,0,unnorm,0.012872283210634954,0.013167504185991634,True,1.0
Net,136,1500,1.0,0,unnorm,0.003861035775026513,0.07037997872690542,True,1.0
Net,137,1500,1.0,0,unnorm,0.00930319822249157,0.009188085776746948,False,0.0
Net,138,1500,1.0,0,unnorm,0.02031739717052746,0.02100964999092199,True,1.0
Net,139,1500,1.0,0,unnorm,0.05811808506049388,0.07318399204279462,True,1.0
Net,140,1500,1.0,0,unnorm,0.03492834813292942,0.03568713316024181,True,1.0
Net,141,1500,1.0,0,unnorm,0.036105940252671845,0.04948007960364273,True,1.0
Net,142,1500,1.0,0,unnorm,0.056598959793737476,0.05710421267135216,True,1.0
Net,143,1500,1.0,0,unnorm,0.0033092027903056796,0.0033132950492987517,True,1.0
Net,144,1500,1.0,0,unnorm,0.0585193632513548,0.06427241377951506,True,1.0
Net,145,1500,1.0,0,unnorm,0.05022119073763323,0.053954398537036825,True,1.0
Net,146,1500,1.0,0,unnorm,0.05129593246499976,0.050887450601002124,False,0.0
Net,147,1500,1.0,0,unnorm,0.02013614536014634,0.02010746412968713,False,0.0
Net,148,1500,1.0,0,unnorm,0.05947567599506138,0.08119188408495631,True,1.0
Net,149,1500,1.0,0,unnorm,0.04742604231469217,0.08154589481548082,True,1.0
Net,150,1500,1.0,0,unnorm,0.05341068317521378,0.05597407974598147,True,1.0
Net,151,1500,1.0,0,unnorm,0.032174034470762725,0.03217312915816332,False,0.0
Net,152,1500,1.0,0,unnorm,0.002159476778544114,0.00216626576990205,True,1.0
Net,153,1500,1.0,0,unnorm,0.0028675133055453815,0.037083260433913065,True,1.0
Net,154,1500,1.0,0,unnorm,0.03710166330459029,0.03802730624248955,True,1.0
Net,155,1500,1.0,0,unnorm,0.003638898640742382,0.034464864636641994,True,1.0
Net,156,1500,1.0,0,unnorm,0.014874912939021072,0.014776522823749555,False,0.0
Net,157,1500,1.0,0,unnorm,0.03572908213126757,0.03687447228458979,True,1.0
Net,158,1500,1.0,0,unnorm,0.04394562413793802,0.044021116945796496,True,1.0
Net,159,1500,1.0,0,unnorm,0.06371295753612684,0.06375727891603178,True,1.0
Net,160,1500,1.0,0,unnorm,0.055638660040509436,0.05762292427462873,True,1.0
Net,161,1500,1.0,0,unnorm,0.0022534984053798144,0.002458580308763848,True,1.0
Net,162,1500,1.0,0,unnorm,0.024769982988252375,0.044569655822439956,True,1.0
Net,163,1500,1.0,0,unnorm,0.0022022056795021794,0.0022088001212233928,True,1.0
Net,164,1500,1.0,0,unnorm,0.014583418153957962,0.014815204114532757,True,1.0
Net,165,1500,1.0,0,unnorm,0.037825318536685346,0.03793335164587762,True,1.0
Net,166,1500,1.0,0,unnorm,0.026614625438339312,0.03184773751747047,True,1.0
Net,167,1500,1.0,0,unnorm,0.02906979165744003,0.028221787779827753,False,0.0
Net,168,1500,1.0,0,unnorm,0.005299418520817587,0.005311983898296325,True,1.0
Net,169,1500,1.0,0,unnorm,0.055190842971231543,0.05827237559678007,True,1.0
Net,170,1500,1.0,0,unnorm,0.019448163836955377,0.01951157644306124,True,1.0
Net,171,1500,1.0,0,unnorm,0.030330219579760686,0.0806294955188902,True,1.0
Net,172,1500,1.0,0,unnorm,0.0014445733877013255,0.0014584772367966586,True,1.0
Net,173,1500,1.0,0,unnorm,0.04209900406483669,0.06896963380160706,True,1.0
Net,174,1500,1.0,0,unnorm,0.027519384346770617,0.031174386262197082,True,1.0
Net,175,1500,1.0,0,unnorm,0.04301110912029952,0.043697303803070776,True,1.0
Net,176,1500,1.0,0,unnorm,0.0085648438284472,0.06049068768409677,True,1.0
Net,177,1500,1.0,0,unnorm,0.05852839599189311,0.06622240483987239,True,1.0
Net,178,1500,1.0,0,unnorm,0.01548654041331621,0.015905558056778395,True,1.0
Net,179,1500,1.0,0,unnorm,0.03958125708394675,0.07141794896493248,True,1.0
Net,180,1500,1.0,0,unnorm,0.03842204469695158,0.040344868986767826,True,1.0
Net,181,1500,1.0,0,unnorm,0.03175075026919198,0.03221399562214756,True,1.0
Net,182,1500,1.0,0,unnorm,0.03847559598818188,0.04167448806384123,True,1.0
Net,183,1500,1.0,0,unnorm,0.03923524751495326,0.06015748305229938,True,1.0
Net,184,1500,1.0,0,unnorm,0.04628115635080001,0.04163104085904227,False,0.0
Net,185,1500,1.0,0,unnorm,0.004031739009125874,0.004333484576426306,True,1.0
Net,186,1500,1.0,0,unnorm,0.04626228758213519,0.04817050530201991,True,1.0
Net,187,1500,1.0,0,unnorm,0.03736548246587955,0.03838637898038527,True,1.0
Net,188,1500,1.0,0,unnorm,0.05768613771219825,0.057777861672399365,True,1.0
Net,189,1500,1.0,0,unnorm,0.06798781214637294,0.07024839433519386,True,1.0
Net,190,1500,1.0,0,unnorm,0.04212681513891437,0.07201746333655414,True,1.0
Net,191,1500,1.0,0,unnorm,0.013017696945101853,0.013138367435110555,True,1.0
Net,192,1500,1.0,0,unnorm,0.002633602465476608,0.00459056656375121,True,1.0
Net,193,1500,1.0,0,unnorm,0.04377709603089475,0.04726570174964445,True,1.0
Net,194,1500,1.0,0,unnorm,0.036873363627049176,0.049767212979942486,True,1.0
Net,195,1500,1.0,0,unnorm,0.04545480710062301,0.04768926410508905,True,1.0
Net,196,1500,1.0,0,unnorm,0.004355786548950073,0.07302908583647334,True,1.0
Net,197,1500,1.0,0,unnorm,0.00033764603350911116,0.00033849526124505425,True,1.0
Net,198,1500,1.0,0,unnorm,0.00727916362793467,0.007313044065883609,True,1.0
Net,199,1500,1.0,0,unnorm,0.06599265870978306,0.06627665037578212,True,1.0
Net,200,1500,1.0,0,unnorm,0.003435025157187693,0.0034191092235034584,False,0.0
Net,201,1500,1.0,0,unnorm,0.05369102857586535,0.055158623367801446,True,1.0
Net,202,1500,1.0,0,unnorm,0.042547560941139984,0.04255088741944252,True,1.0
Net,203,1500,1.0,0,unnorm,0.04270832184854253,0.0425478719906392,False,0.0
Net,204,1500,1.0,0,unnorm,0.03495274624047497,0.03679516090667306,True,1.0
Net,205,1500,1.0,0,unnorm,0.03747040953727413,0.0812795407973797,True,1.0
Net,206,1500,1.0,0,unnorm,0.020329408069225695,0.020381405551803074,True,1.0
Net,207,1500,1.0,0,unnorm,0.017697294127011248,0.03316520835659758,True,1.0
Net,208,1500,1.0,0,unnorm,0.03477846113771426,0.03570819122409685,True,1.0
Net,209,1500,1.0,0,unnorm,0.05550866512876713,0.07066290899188891,True,1.0
Net,210,1500,1.0,0,unnorm,0.0444666093337103,0.0471259433032857,True,1.0
Net,211,1500,1.0,0,unnorm,0.045188676948418674,0.0461590624751331,True,1.0
Net,212,1500,1.0,0,unnorm,0.0431355320459796,0.043980521854213604,True,1.0
Net,213,1500,1.0,0,unnorm,0.008905859235367809,0.008922048855173186,True,1.0
Net,214,1500,1.0,0,unnorm,0.00855246372365959,0.00856911738792743,True,1.0
Net,215,1500,1.0,0,unnorm,0.08059017363302681,0.06354445798668105,False,0.0
Net,216,1500,1.0,0,unnorm,0.06191839782446106,0.07204054199176728,True,1.0
Net,217,1500,1.0,0,unnorm,0.030689882828507896,0.03083147981345252,True,1.0
Net,218,1500,1.0,0,unnorm,0.02950656119548371,0.029542554246937688,True,1.0
Net,219,1500,1.0,0,unnorm,0.0011039017464163146,0.03522996514925545,True,1.0
Net,220,1500,1.0,0,unnorm,0.02114534779305947,0.02117062390091355,True,1.0
Net,221,1500,1.0,0,unnorm,0.05553263242623665,0.055721974669206274,True,1.0
Net,222,1500,1.0,0,unnorm,0.06151189127200244,0.0724767961806961,True,1.0
Net,223,1500,1.0,0,unnorm,0.01255978773107197,0.01262702131334975,True,1.0
Net,224,1500,1.0,0,unnorm,0.06567336277381716,0.0662110781685031,True,1.0
Net,225,1500,1.0,0,unnorm,0.0035278992026531097,0.021361189086004744,True,1.0
Net,226,1500,1.0,0,unnorm,0.06545225677945424,0.06741177509289524,True,1.0
Net,227,1500,1.0,0,unnorm,0.007169871813934569,0.01280183753232527,True,1.0
Net,228,1500,1.0,0,unnorm,0.04086626950222525,0.04282205431332544,True,1.0
Net,229,1500,1.0,0,unnorm,0.051524275273711125,0.07823580462076073,True,1.0
Net,230,1500,1.0,0,unnorm,0.02252546159624051,0.025272703967010944,True,1.0
Net,231,1500,1.0,0,unnorm,0.061019178880918665,0.07149936226300663,True,1.0
Net,232,1500,1.0,0,unnorm,0.025402352129500066,0.02745837549623102,True,1.0
Net,233,1500,1.0,0,unnorm,0.022284522018473675,0.023128519359673007,True,1.0
Net,234,1500,1.0,0,unnorm,0.04619209543791165,0.04609346856221685,False,0.0
Net,235,1500,1.0,0,unnorm,0.005247763376381199,0.005197924408634728,False,0.0
Net,236,1500,1.0,0,unnorm,0.005303996675480821,0.023094667929924973,True,1.0
Net,237,1500,1.0,0,unnorm,0.012802005704618933,0.012864822821162261,True,1.0
Net,238,1500,1.0,0,unnorm,0.0630929169593513,0.07969617338150374,True,1.0
Net,239,1500,1.0,0,unnorm,0.025634834021685704,0.04266454372317824,True,1.0
Net,240,1500,1.0,0,unnorm,0.04563856848871511,0.04515743283851864,False,0.0
Net,241,1500,1.0,0,unnorm,0.03892646038817418,0.056213344350673496,True,1.0
Net,242,1500,1.0,0,unnorm,0.03138565181120122,0.031662331032309664,True,1.0
Net,243,1500,1.0,0,unnorm,0.033965918290906526,0.06333123021689915,True,1.0
Net,244,1500,1.0,0,unnorm,0.03176937183320709,0.04403430782035517,True,1.0
Net,245,1500,1.0,0,unnorm,0.019722925756888363,0.0198052679297275,True,1.0
Net,246,1500,1.0,0,unnorm,0.05498399355157657,0.05802958915343942,True,1.0
Net,247,1500,1.0,0,unnorm,0.004168628496084743,0.004398030812892259,True,1.0
Net,248,1500,1.0,0,unnorm,0.06476749581564852,0.07047968137558641,True,1.0
Net,249,1500,1.0,0,unnorm,0.014402706637013232,0.041355914856255394,True,1.0
Net,250,1500,1.0,0,unnorm,0.043043952325588074,0.05370780295819866,True,1.0
Net,251,1500,1.0,0,unnorm,0.002290529517616328,0.026896515345301852,True,1.0
Net,252,1500,1.0,0,unnorm,0.01350224931819283,0.013816152751261725,True,1.0
Net,253,1500,1.0,0,unnorm,0.03978974661216714,0.03932038739039151,False,0.0
Net,254,1500,1.0,0,unnorm,0.00755809658560047,0.007532411943064551,False,0.0
Net,255,1500,1.0,0,unnorm,0.009201089154037523,0.01575216526135874,True,1.0
Net,256,1500,1.0,0,unnorm,0.05171811049966863,0.05964937639363328,True,1.0
Net,257,1500,1.0,0,unnorm,0.002152743795138851,0.002165422520651313,True,1.0
Net,258,1500,1.0,0,unnorm,0.008552727112770695,0.022823828718521264,True,1.0
Net,259,1500,1.0,0,unnorm,0.0099529676552089,0.010042609019682833,True,1.0
Net,260,1500,1.0,0,unnorm,0.0002970632302492037,0.00029706657375638904,True,1.0
Net,261,1500,1.0,0,unnorm,0.05092345604176303,0.06371928285796198,True,1.0
Net,262,1500,1.0,0,unnorm,0.0009685361544603732,0.0009684177967838939,False,0.0
Net,263,1500,1.0,0,unnorm,0.058814487009939416,0.06517569930653966,True,1.0
Net,264,1500,1.0,0,unnorm,0.023482355300542806,0.023700168013380145,True,1.0
Net,265,1500,1.0,0,unnorm,0.04981819963476382,0.051497053571906405,True,1.0
Net,266,1500,1.0,0,unnorm,0.06264879951443593,0.06251791143000841,False,0.0
Net,267,1500,1.0,0,unnorm,0.0033785500792910686,0.003404126404290944,True,1.0
Net,268,1500,1.0,0,unnorm,0.05726415328019581,0.0595464043083398,True,1.0
Net,269,1500,1.0,0,unnorm,0.034470299073650026,0.035215877257272224,True,1.0
Net,270,1500,1.0,0,unnorm,0.010631544149862246,0.051572450324580556,True,1.0
Net,271,1500,1.0,0,unnorm,0.0018775491061114955,0.0018784404694038935,True,1.0
Net,272,1500,1.0,0,unnorm,0.00025873380841938924,0.00025873556190956533,True,1.0
Net,273,1500,1.0,0,unnorm,0.003018933535585676,0.003027316970716896,True,1.0
Net,274,1500,1.0,0,unnorm,0.06437044313679104,0.06787446565742583,True,1.0
Net,275,1500,1.0,0,unnorm,0.0025762058316210457,0.0025908095274975113,True,1.0
Net,276,1500,1.0,0,unnorm,0.036874128671890355,0.07441994653705856,True,1.0
Net,277,1500,1.0,0,unnorm,0.04883793284371817,0.05085881590012146,True,1.0
Net,278,1500,1.0,0,unnorm,0.008948057833261644,0.009200216445343197,True,1.0
Net,279,1500,1.0,0,unnorm,0.040132115273924227,0.040219103760105776,True,1.0
Net,280,1500,1.0,0,unnorm,0.02808093210882636,0.027305465325937955,False,0.0
Net,281,1500,1.0,0,unnorm,0.03875007542854385,0.03994648622959309,True,1.0
Net,282,1500,1.0,0,unnorm,0.021222584043970153,0.020959024943956888,False,0.0
Net,283,1500,1.0,0,unnorm,0.023600421841119237,0.023844543211523208,True,1.0
Net,284,1500,1.0,0,unnorm,0.004662149002414645,0.00466942137604841,True,1.0
Net,285,1500,1.0,0,unnorm,0.018986421622515508,0.01892347223524683,False,0.0
Net,286,1500,1.0,0,unnorm,0.0503201747350138,0.06025701645132273,True,1.0
Net,287,1500,1.0,0,unnorm,0.044635513969924476,0.044232582317157064,False,0.0
Net,288,1500,1.0,0,unnorm,0.03827148027501556,0.059966462310812534,True,1.0
Net,289,1500,1.0,0,unnorm,0.03126306175442278,0.0524656894754343,True,1.0
Net,290,1500,1.0,0,unnorm,0.001318389259137911,0.0013222167666044299,True,1.0
Net,291,1500,1.0,0,unnorm,0.055432504758646355,0.05524690786531771,False,0.0
Net,292,1500,1.0,0,unnorm,0.000435083455399286,0.0004348971991767964,False,0.0
Net,293,1500,1.0,0,unnorm,0.02370755875144883,0.024328900515519756,True,1.0
Net,294,1500,1.0,0,unnorm,0.0012602006391455518,0.0014524533432594734,True,1.0
Net,295,1500,1.0,0,unnorm,0.0017687141279267738,0.0017777528495986105,True,1.0
Net,296,1500,1.0,0,unnorm,0.021896689044183862,0.022720059609217753,True,1.0
Net,297,1500,1.0,0,unnorm,0.003926231660242875,0.003935365358799841,True,1.0
Net,298,1500,1.0,0,unnorm,0.0555659981208596,0.05419301629251121,False,0.0
Net,299,1500,1.0,0,unnorm,0.002558373479453751,0.017868163408890754,True,1.0
Net,300,1500,1.0,0,unnorm,0.022958812783515657,0.04208767426354687,True,1.0
Tuebingen,1,349,0.166,0,unnorm,0.0251168609915959,0.030067833583569997,True,1.0
Tuebingen,2,349,0.166,0,unnorm,0.03741040236225095,0.039125732467256376,True,1.0
Tuebingen,3,349,0.167,0,unnorm,0.06365400266907753,0.06084102382587136,False,0.0
Tuebingen,4,349,0.166,0,unnorm,0.07412977267290095,0.0746447537454733,True,1.0
Tuebingen,5,4177,0.143,0,unnorm,0.046677149624116815,0.05054087383646731,True,1.0
Tuebingen,6,4177,0.143,0,unnorm,0.040460705096895935,0.0424586067307183,True,1.0
Tuebingen,7,4177,0.143,0,unnorm,0.045425998442862284,0.04863966533624772,True,1.0
Tuebingen,8,4177,0.143,0,unnorm,0.04415763552104752,0.04591269338453495,True,1.0
Tuebingen,9,4177,0.143,0,unnorm,0.04544692088845059,0.048291616685377584,True,1.0
Tuebingen,10,4177,0.143,0,unnorm,0.051361350383153544,0.05577993698995111,True,1.0
Tuebingen,11,4177,0.142,0,unnorm,0.04643068927832791,0.04940453956703908,True,1.0
Tuebingen,12,5000,0.5,0,unnorm,0.064756152266214,0.07278529127105988,True,1.0
Tuebingen,13,392,0.25,0,unnorm,0.018319631545360315,0.020644964656181524,True,1.0
Tuebingen,14,392,0.25,0,unnorm,0.02063305310795486,0.021396324326438173,True,1.0
Tuebingen,15,392,0.25,0,unnorm,0.01849496512457005,0.01813396673957036,False,0.0
Tuebingen,16,392,0.25,0,unnorm,0.04023919244730697,0.04306438216607521,True,1.0
Tuebingen,17,5000,0.5,0,unnorm,0.07413318541114859,0.07395623522973477,False,0.0
Tuebingen,18,314,1.0,0,unnorm,0.013377544024701215,0.014337885051329576,True,1.0
Tuebingen,19,194,1.0,0,unnorm,0.021596273166545974,0.0225245740982316,True,1.0
Tuebingen,20,349,0.166,0,unnorm,0.06433461509917321,0.057477170624571965,False,0.0
Tuebingen,21,349,0.167,0,unnorm,0.07080846600546926,0.06175459554244718,False,0.0
Tuebingen,22,450,0.333,0,unnorm,0.0743863967810355,0.07523573781357236,True,1.0
Tuebingen,23,452,0.333,0,unnorm,0.06207257419642305,0.06575082753926004,True,1.0
Tuebingen,24,451,0.334,0,unnorm,0.076385585236061,0.07861549861131863,True,1.0
Tuebingen,25,1030,0.125,0,unnorm,0.06096764255734532,0.06202947482002404,True,1.0
Tuebingen,26,1030,0.125,0,unnorm,0.07450224036840629,0.07775343427040937,True,1.0
Tuebingen,27,1030,0.125,0,unnorm,0.07965109297688813,0.08084437943903292,True,1.0
Tuebingen,28,1030,0.125,0,unnorm,0.06412970174814188,0.07010092057438631,True,1.0
Tuebingen,29,1030,0.125,0,unnorm,0.07157576588617673,0.0708439407219248,False,0.0
Tuebingen,30,1030,0.125,0,unnorm,0.07333982906100427,0.07770211980689624,True,1.0
Tuebingen,31,1030,0.125,0,unnorm,0.07552879600068729,0.07864732062970062,True,1.0
Tuebingen,32,1030,0.125,0,unnorm,0.0513711351722684,0.053166079632791435,True,1.0
Tuebingen,33,345,0.2,0,unnorm,0.06832855595953324,0.07041597322665656,True,1.0
Tuebingen,34,345,0.2,0,unnorm,0.07764948836321513,0.07855562244978213,True,1.0
Tuebingen,35,345,0.2,0,unnorm,0.075314674260478,0.0755244158348626,True,1.0
Tuebingen,36,345,0.2,0,unnorm,0.07258190983748326,0.07239376390914021,False,0.0
Tuebingen,37,345,0.2,0,unnorm,0.06890034663122462,0.07180284426016752,True,1.0
Tuebingen,38,757,0.25,0,unnorm,0.07696892674421894,0.07983300096430282,True,1.0
Tuebingen,39,394,0.25,0,unnorm,0.07245416105651588,0.07350317658500555,True,1.0
Tuebingen,40,733,0.25,0,unnorm,0.06955304208059108,0.06937256080656869,False,0.0
Tuebingen,41,763,0.25,0,unnorm,0.07497982683812787,0.07445721194711319,False,0.0
Tuebingen,42,9162,0.5,0,unnorm,0.023300571939660796,0.07901151569845305,True,1.0
Tuebingen,43,10369,0.25,0,unnorm,0.0010491182593701841,0.0010709093975090145,True,1.0
Tuebingen,44,10369,0.25,0,unnorm,0.0043910780599504115,0.00439561674874545,True,1.0
Tuebingen,45,10369,0.25,0,unnorm,0.016765588188831324,0.01682560829660426,True,1.0
Tuebingen,46,10369,0.25,0,unnorm,0.033022797728301065,0.033171512120129996,True,1.0
Tuebingen,48,168,1.0,0,unnorm,0.051759013018149835,0.06334457566183511,True,1.0
Tuebingen,49,365,0.333,0,unnorm,0.0374951630955007,0.038831367251205576,True,1.0
Tuebingen,50,365,0.333,0,unnorm,0.04216595655620085,0.039768244963837976,False,0.0
Tuebingen,51,365,0.334,0,unnorm,0.06436712149594699,0.06698332965024598,True,1.0
Tuebingen,56,192,0.083,0,unnorm,0.05452778481694855,0.05785166747140105,True,1.0
Tuebingen,57,192,0.083,0,unnorm,0.05610683304391429,0.05870194358724123,True,1.0
Tuebingen,58,192,0.084,0,unnorm,0.055736354747481696,0.05920200391896045,True,1.0
Tuebingen,59,192,0.083,0,unnorm,0.05421675004054069,0.06052205009640935,True,1.0
Tuebingen,60,192,0.083,0,unnorm,0.05962244821809696,0.058914156493166094,False,0.0
Tuebingen,61,192,0.084,0,unnorm,0.060256827316570914,0.06026088423907444,True,1.0
Tuebingen,62,192,0.083,0,unnorm,0.06103681048655766,0.061180563701047685,True,1.0
Tuebingen,63,192,0.083,0,unnorm,0.05843417874721937,0.06106579608235581,True,1.0
Tuebingen,64,162,0.084,0,unnorm,0.02143826443666106,0.021199697125711802,False,0.0
Tuebingen,65,1331,0.333,0,unnorm,0.05868026760347277,0.05857803419378553,False,0.0
Tuebingen,66,1331,0.333,0,unnorm,0.02898790898304615,0.028840077946764405,False,0.0
Tuebingen,67,1331,0.334,0,unnorm,0.042753109889354934,0.04313060509696498,True,1.0
Tuebingen,68,498,1.0,0,unnorm,0.011903354572762054,0.007971433179020897,False,0.0
Tuebingen,69,16382,1.0,0,unnorm,0.06778562431568004,0.06933287089253887,True,1.0
Tuebingen,72,1632,1.0,0,unnorm,0.07844590126039967,0.07970840511671991,True,1.0
Tuebingen,73,5084,0.083,0,unnorm,0.007511686148268265,0.007458895142453261,False,0.0
Tuebingen,74,194,0.083,0,unnorm,0.021849993342110543,0.02095725413613287,False,0.0
Tuebingen,75,205,0.084,0,unnorm,0.017405085381078128,0.017021689811849827,False,0.0
Tuebingen,76,347,1.0,0,unnorm,0.017555461534255322,0.016480780221499052,False,0.0
Tuebingen,77,8401,0.5,0,unnorm,0.04571704663216724,0.044825347170889804,False,0.0
Tuebingen,78,721,0.3333,0,unnorm,0.018453195081097218,0.019592763941944587,True,1.0
Tuebingen,79,721,0.3333,0,unnorm,0.02069458238918377,0.020507663073560993,False,0.0
Tuebingen,80,721,0.3334,0,unnorm,0.03186757721524586,0.03301991286757539,True,1.0
Tuebingen,81,365,0.3333,0,unnorm,0.03352199991172927,0.03335650040330755,False,0.0
Tuebingen,82,365,0.3333,0,unnorm,0.028897531518391938,0.030804527092599086,True,1.0
Tuebingen,83,365,0.3334,0,unnorm,0.015753801917177776,0.016308858114095586,True,1.0
Tuebingen,84,3102,1.0,0,unnorm,0.00144118933273409,0.0014407165055175231,False,0.0
Tuebingen,85,994,1.0,0,unnorm,0.07377359470750881,0.0771169322260214,True,1.0
Tuebingen,86,666,1.0,0,unnorm,0.04366319409773609,0.042960164388874456,False,0.0
Tuebingen,87,7753,1.0,0,unnorm,0.06670625771873018,0.07035653482270567,True,1.0
Tuebingen,88,261,1.0,0,unnorm,0.04949646959633762,0.05352198139452063,True,1.0
Tuebingen,89,131,0.25,0,unnorm,0.038230532889527276,0.03612352023835276,False,0.0
Tuebingen,90,126,0.25,0,unnorm,0.05804797360142667,0.055436213727576726,False,0.0
Tuebingen,91,149,0.25,0,unnorm,0.02343773608195868,0.02541355334440568,True,1.0
Tuebingen,92,150,0.25,0,unnorm,0.014524395638595521,0.014179846928643325,False,0.0
Tuebingen,93,432,1.0,0,unnorm,0.021966387466221458,0.02252369590770185,True,1.0
Tuebingen,94,9504,0.3333,0,unnorm,0.07703944336315753,0.0828914399975577,True,1.0
Tuebingen,95,9504,0.3333,0,unnorm,0.0655665791442138,0.07800805454366283,True,1.0
Tuebingen,96,9504,0.3333,0,unnorm,0.055659224528435323,0.06197304772546553,True,1.0
Tuebingen,97,202,0.2,0,unnorm,0.0663903213793765,0.06443740697060642,False,0.0
Tuebingen,98,94,0.2,0,unnorm,0.008092332698863563,0.007832827937292374,False,0.0
Tuebingen,99,2287,1.0,0,unnorm,0.07203029522127917,0.07224261066361251,True,1.0
Tuebingen,100,209,1.0,0,unnorm,0.03385276930727317,0.03997343178367087,True,1.0
Tuebingen,101,300,0.5,0,unnorm,0.0017086531706193475,0.0017462654669854246,True,1.0
Tuebingen,102,109,0.2,0,unnorm,0.04232282435469647,0.049350622707364206,True,1.0
Tuebingen,103,109,0.2,0,unnorm,0.07145494321064337,0.06926549520829836,False,0.0
Tuebingen,104,109,0.2,0,unnorm,0.06754065725217764,0.059211122829883035,False,0.0
Tuebingen,106,114,1.0,0,unnorm,0.010584974393603935,0.011216263892405627,True,1.0
Tuebingen,108,112,1.0,0,unnorm,0.014174288269724368,0.009201214737883436,False,0.0
