benchmark,pair_id,n,weight,E_std_fwd,M_std_fwd,E_std_bwd,M_std_bwd,E_unif_fwd,M_unif_fwd,E_unif_bwd,M_unif_bwd,unif_correct,var_cause,var_effect,var_mm_cause,var_mm_effect
AN,1,1000,1.0,8264.583726238703,38169.26600206338,24579.527669733354,38840.318698785086,1161.1375745139185,53139.17797206382,3550.9640788287975,53139.177972063815,1.0,1.5049754468153405,0.27787497813795614,0.01968954946380817,0.03191776438883896
AN,2,1000,1.0,25290.01202515039,39006.4225481751,35003.13450296484,38213.467651253304,3151.1813547004163,53139.177972063815,4291.519005107972,53139.177972063815,1.0,1.4233897051138198,0.09686638240735315,0.018455177442077114,0.012334879947387242
AN,3,1000,1.0,10547.620143639815,37965.42718042602,22683.874873777226,38892.08756434427,1831.7447531664723,53139.177972063815,3343.9861729721924,53139.17797206382,1.0,1.435656864387303,0.20581693643232812,0.02671113019643435,0.020955267595757592
AN,4,1000,1.0,5448.846974266275,38067.00137295273,25109.406769344358,39890.89438266419,865.6887527077977,53139.17797206382,3832.6052020708203,53139.177972063815,1.0,1.4049538567310451,0.37918313804035453,0.02698096848935936,0.03929312748201132
AN,5,1000,1.0,8412.192595106992,38480.4452088573,26665.945846024995,40130.377087995235,1452.5830129446215,53139.177972063815,2637.0452143071843,53139.177972063815,1.0,1.6253443140092672,0.2671529261120123,0.032367063190522016,0.020767167888517072
AN,6,1000,1.0,4467.30743385089,38250.93150420365,26567.407987159575,39624.3776763777,935.7502537059709,53139.177972063815,3300.786170244223,53139.177972063815,1.0,1.6104420037032852,0.5517705149408418,0.01622072580892401,0.02468533972268544
AN,7,1000,1.0,1979.023093488278,38339.888120515134,21294.474528181847,44750.26628015472,511.86000638394927,53139.17797206382,3785.815806771781,53139.177972063815,1.0,1.695462007804998,1.155355485326414,0.020008413018049127,0.04850414311279206
AN,8,1000,1.0,9981.985559467732,38558.32416423167,24641.27686499052,39501.26784924465,1431.2973623659223,53139.177972063815,3109.505541645781,53139.17797206382,1.0,1.356513990972358,0.20260448509408382,0.022583576711494864,0.020648737098737664
AN,9,1000,1.0,6488.06340957172,38089.33425904506,11941.756880129149,38874.02454614017,905.0086794634087,53139.177972063815,1258.913481035332,53139.17797206382,1.0,1.536707487931978,0.3366339781460939,0.027335817584845132,0.03153183739359293
AN,10,1000,1.0,1346.156178160566,38053.360484998935,11089.240450395955,42085.04894663594,257.6839265192181,53139.17797206382,659.0814931351093,53139.177972063815,1.0,1.5167321704863015,1.6337756410401705,0.026467126296421003,0.054601426692813766
AN,11,1000,1.0,6338.394529079277,38140.4075440381,15584.007991762506,39697.48426558593,772.4195232296861,53139.177972063815,1116.0012648216527,53139.177972063815,1.0,1.5544077440834185,0.3468034668041909,0.020587302133285263,0.03826668184274905
AN,12,1000,1.0,7984.210755901012,38265.88049704835,15903.693664959232,38931.37659681793,1190.1455763145036,53139.177972063815,1870.116071115456,53139.177972063815,1.0,1.4774698307092382,0.2980577995841837,0.02171628295789305,0.01716869624298957
AN,13,1000,1.0,4623.619790671437,38357.762911347905,23292.041165087183,43154.18754091879,669.9223853232131,53139.177972063815,1786.668170860931,53139.177972063815,1.0,1.459317607488602,0.5060229580093563,0.018457687814416483,0.049452999648221814
AN,14,1000,1.0,1422.5611887343832,38334.84502737093,18546.34020269642,45943.68139092131,362.1587936468093,53139.177972063815,1847.5529723013965,53139.177972063815,1.0,1.6017335106864656,1.6704580713045312,0.017059383391888096,0.06777611395993938
AN,15,1000,1.0,3783.7897259175584,38464.563986427995,20491.707771321093,42101.97109971131,610.539711881798,53139.17797206382,1629.8907408624896,53139.17797206382,1.0,1.5015605132885268,0.605640142129313,0.02140308736210531,0.0376835698663559
AN,16,1000,1.0,8530.794348113785,38549.30480593018,29714.99919663308,38041.69861975692,1195.5500326430047,53139.17797206382,3426.499912292539,53139.17797206382,1.0,1.4427318674503975,0.2890545840047962,0.02048991430766715,0.03159376491705018
AN,17,1000,1.0,3151.789531344144,38301.49848983929,25865.82327539122,41040.3028641102,531.2421965146845,53139.177972063815,3520.0175571931654,53139.177972063815,1.0,1.5455417092297747,0.7373049630003712,0.019285739743171867,0.04797960091330827
AN,18,1000,1.0,7600.99122125018,38285.30771462261,10815.043316514184,39020.24318735977,990.8933423553035,53139.177972063815,1038.9977183476008,53139.17797206383,1.0,1.615545258482322,0.32110969303978165,0.019569171426954905,0.029407231201729212
AN,19,1000,1.0,2534.5600481059787,38272.71941888431,22082.607635603832,43958.032151057174,402.4523805260791,53139.177972063815,1524.3733571641494,53139.17797206382,1.0,1.407358288771989,0.9349587976943458,0.0188360047922513,0.06606867756518854
AN,20,1000,1.0,7039.080199900274,38188.135053294354,33005.64876209946,39546.992107490456,935.9572547101278,53139.17797206382,3640.5322370914537,53139.17797206382,1.0,1.3679084695536081,0.32149687888725825,0.02344587728443326,0.036976455433707756
AN,21,1000,1.0,1587.5248800011823,38080.26414105998,15150.48836427545,46143.21568948629,312.68812363368335,53139.17797206382,948.9895824248395,53139.177972063815,1.0,1.5170945257542472,1.4345834724902593,0.018825563833031685,0.060556328557780176
AN,22,1000,1.0,3278.6825387561857,38690.87135335557,11746.975813629302,45046.82537034286,887.1169933461028,53139.17797206382,1524.1359372030956,53139.177972063815,1.0,1.525398738945883,0.6842280834355777,0.02257143727269406,0.03498453164303159
AN,23,1000,1.0,2860.587556007392,38477.0180262975,16950.868555251778,46110.07451693337,702.3436270115736,53139.177972063815,995.8038878096537,53139.17797206382,1.0,1.4180035488262628,0.7706245988081741,0.02053115540301335,0.06562588506024372
AN,24,1000,1.0,3452.7032567397587,38201.53954230473,14249.091998227283,41984.71951169445,641.0265920690732,53139.17797206382,921.2134899757757,53139.177972063815,1.0,1.6369283070843097,0.6650696818532588,0.022066834474560905,0.044955092115373574
AN,25,1000,1.0,1598.0590340492433,38014.125889476905,18772.303466544974,49037.08195079182,370.30922546323967,53139.17797206382,2359.279147246796,53139.17797206382,1.0,1.4592280981588104,1.3886775991346305,0.02455652470132262,0.05557384386386161
AN,26,1000,1.0,9006.674996419051,38238.31437220308,23526.055233008556,39861.25799915735,2272.965894839621,53139.17797206382,4047.94633449995,53139.177972063815,1.0,1.4957427803128436,0.24617402941058308,0.024023338652167197,0.013914366765666123
AN,27,1000,1.0,3854.7305712070342,38226.032809802644,22514.3091061668,41397.855876164016,521.4211269421555,53139.17797206382,1727.9140948095483,53139.177972063815,1.0,1.47504038111974,0.599824865712308,0.020373771307727308,0.052946840961557363
AN,28,1000,1.0,5328.7291902222805,38025.886569360315,10707.671746744494,39878.980553126654,702.7194468077304,53139.177972063815,787.2058684778292,53139.177972063815,1.0,1.5146290595224237,0.384083235320527,0.023643990743301545,0.04177161595073899
AN,29,1000,1.0,4467.570445010719,38133.961787000735,22549.879257177032,41220.29146096576,1862.0584743614822,53139.17797206383,2516.362346428079,53139.177972063815,1.0,1.6027400992573861,0.5049471990869873,0.019475598899339117,0.030308166411530824
AN,30,1000,1.0,9134.511431994542,38225.86782047282,23915.342444482376,39041.9399386181,1356.5743905733334,53139.177972063815,2687.2089114644027,53139.177972063815,1.0,1.5469857755810197,0.24874407955522299,0.023202549187965025,0.029120948672094856
AN,31,1000,1.0,1691.0778344624987,38241.52615236229,20069.63025464308,44084.51195251217,262.30910543491075,53139.177972063815,1333.8874135444976,53139.17797206382,1.0,1.460569533462789,1.2864842789413802,0.02315495383422921,0.0671612019809902
AN,32,1000,1.0,7913.3954390185245,38466.09878676916,22113.15217380346,40145.39856107523,2117.0587892102967,53139.17797206382,3787.1548527446903,53139.17797206382,1.0,1.570843002191195,0.27768717919521646,0.026361051703912012,0.014295570385130943
AN,33,1000,1.0,7360.500275615104,38235.790684667016,28907.133440580725,38640.5103699225,1156.2953569449467,53139.177972063815,3297.8824950472754,53139.177972063815,1.0,1.588099476594499,0.3336888488980519,0.021459609065140998,0.02105606358170032
AN,34,1000,1.0,5190.779200418112,38684.81949723721,19644.834544058842,39466.86094102473,965.3428124045585,53139.177972063815,2870.1578948500364,53139.17797206382,1.0,1.5796365777520058,0.41758776113008994,0.02514682432461003,0.024605318762738
AN,35,1000,1.0,2094.7534990333506,38158.00579299811,25348.15760536524,42390.864498731535,355.60766544955914,53139.177972063815,3840.853341005592,53139.177972063815,1.0,1.3554244798335262,1.1473573095066445,0.02863781651280739,0.04988763568682374
AN,36,1000,1.0,1734.5547457474318,38088.7818123887,15336.36148241309,47308.195806383876,317.0372391186237,53139.177972063815,924.828444987289,53139.17797206382,1.0,1.4430548302636934,1.4137869117038224,0.024342474160590377,0.06348838912181129
AN,37,1000,1.0,4775.296836965144,38573.67253602053,11721.699460741747,41643.13971921522,845.6663763873997,53139.177972063815,1018.4127313499534,53139.17797206382,1.0,1.5417055787220888,0.4665494540438199,0.021435326657955403,0.027988085632476494
AN,38,1000,1.0,10394.033341529095,38934.30680312557,18093.239128650574,38627.24325143403,1370.5932720449293,53139.177972063815,1701.0483762196973,53139.177972063815,1.0,1.4464537471373045,0.20107846945258306,0.024369296593784142,0.03177170662751406
AN,39,1000,1.0,9560.913110036166,38114.681246525855,27208.936064858797,38585.27259346499,1777.6241884510778,53139.177972063815,3773.612834943928,53139.17797206382,1.0,1.42075237769384,0.23014640885900275,0.021240512053666286,0.0220175070003584
AN,40,1000,1.0,11229.586063047393,37867.43130256955,22480.809534122927,40046.11258489675,2282.6970827885825,53139.177972063815,2688.374255847404,53139.177972063815,1.0,1.4776548900434325,0.18149593204046408,0.020411120406311156,0.02725719957331451
AN,41,1000,1.0,5992.611096795905,38309.39284980863,19312.505320074157,40521.29091019872,1483.3495964206204,53139.177972063815,2851.8908008176586,53139.17797206382,1.0,1.4818451468034814,0.4004436405888142,0.02068150904451964,0.015461172968199892
AN,42,1000,1.0,3599.1439577273427,38150.73380141519,18162.183413090774,43582.42048117034,692.9997277533604,53139.17797206382,1803.329382208467,53139.177972063815,1.0,1.5684024667385756,0.5966658184429354,0.022929117334267668,0.052297255912347254
AN,43,1000,1.0,4576.8894045729285,38405.41681109813,19818.523432237962,42451.98717264731,859.9608685117558,53139.177972063815,1682.7704303590153,53139.17797206382,1.0,1.577738559658383,0.5287707088656547,0.023914098708101954,0.035150234494966855
AN,44,1000,1.0,5886.111297435038,38759.931365358476,19162.59694211069,41235.25355108957,1482.1621196715118,53139.177972063815,3495.566183108228,53139.177972063815,1.0,1.423405763818564,0.39721651229920446,0.018303962288830057,0.027838793117588623
AN,45,1000,1.0,4332.313767788933,38729.93418083043,17145.02233769848,41325.548316951536,672.4142200458145,53139.17797206382,2037.5974873573718,53139.177972063815,1.0,1.452184044379885,0.5092588348422844,0.019698349504982383,0.04439078340653186
AN,46,1000,1.0,4971.420786689958,38107.043678428876,33064.63125960149,40339.978046428674,683.1328173455579,53139.177972063815,3546.1634676452295,53139.177972063815,1.0,1.468486244406244,0.4762920893440326,0.02181369357515905,0.04746305792630605
AN,47,1000,1.0,5069.234734814774,38126.31665557032,20081.62402677667,38668.997048962025,894.743882053916,53139.17797206382,2418.529051579155,53139.177972063815,1.0,1.582335222373258,0.45102019148975503,0.021593240609865,0.03222216770155062
AN,48,1000,1.0,5779.599545868775,38373.43970715435,18678.4451292924,39211.70572115342,1011.9297025038803,53139.17797206382,1922.7321375560098,53139.177972063815,1.0,1.4941177469646671,0.38887561632928036,0.02698783589395545,0.01976581671228236
AN,49,1000,1.0,3767.9569085402873,38044.21149699352,15649.554710168632,44138.93546088453,581.671852730595,53139.17797206382,876.1993609578419,53139.17797206382,1.0,1.4821832636332675,0.5890343594367221,0.021556907650998408,0.05824647810517243
AN,50,1000,1.0,1914.7465675991068,38300.57567937605,13454.833333183748,45318.972939500694,357.2065413942927,53139.177972063815,874.2109348879044,53139.17797206382,1.0,1.4948117041150462,1.4116857151742357,0.027367623337725036,0.066092507100983
AN,51,1000,1.0,6735.827106442312,38932.246606249544,34522.00306233687,38774.71292325676,861.2469767837916,53139.17797206382,4260.140584315477,53139.177972063815,1.0,1.5981559170204496,0.3638799188669088,0.022127546177971368,0.04298803186205785
AN,52,1000,1.0,5578.839504016387,38415.848458789806,22970.69845366011,39312.48830159104,738.4539598143319,53139.177972063815,2890.59194599675,53139.177972063815,1.0,1.4462047431248706,0.4248712112778367,0.023788210098235892,0.04222597806689137
AN,53,1000,1.0,3974.8402729448835,38108.35648885204,31555.469064549976,40822.40005059716,596.0143143029637,53139.177972063815,4300.794315066733,53139.177972063815,1.0,1.4795708086359947,0.5612343327438282,0.022588798173779658,0.041805052801707175
AN,54,1000,1.0,1940.0904013641125,38618.40791990638,36243.886574283984,45574.19399968991,313.6462262361238,53139.177972063815,2504.996084817782,53139.17797206382,1.0,1.5404091676549725,1.320032147668131,0.025769135036261707,0.06951115973227513
AN,55,1000,1.0,1769.9065891197947,37981.705476016155,23900.590582043384,45128.52069984056,434.31612827796124,53139.177972063815,4074.758474748197,53139.177972063815,1.0,1.5473631843584421,1.332566640242919,0.0248373778095945,0.0556061758559743
AN,56,1000,1.0,9819.549480232814,37999.96863698157,30423.21273486503,38977.175375761595,1378.7212357259566,53139.17797206382,3251.7820135578822,53139.177972063815,1.0,1.4687837254494052,0.24340879596821066,0.020259360812547915,0.03168345888810975
AN,57,1000,1.0,10987.34764617802,38152.164699525354,24838.737456163115,38565.92513047865,1699.7304472483538,53139.17797206382,3243.149393198354,53139.177972063815,1.0,1.4627997027788326,0.19103116553662738,0.021457148110792856,0.017777555462413427
AN,58,1000,1.0,18741.882065891084,38355.256606729556,27407.829442300652,38271.64225779603,2580.856122397992,53139.177972063815,3860.8940242335157,53139.17797206382,1.0,1.5483140077202062,0.11608788163715522,0.018472349516472128,0.018087257986489115
AN,59,1000,1.0,1982.9015911605388,38609.40833180814,8262.29865433881,51756.92242583241,704.5519974235747,53139.17797206382,838.1694243307712,53139.17797206382,1.0,1.4564371703508228,1.1655958211390764,0.023339468052679817,0.03896523752765389
AN,60,1000,1.0,13660.659992979276,38207.3240382204,32629.294369547388,38518.49800212231,1587.493270501391,53139.177972063815,4269.989482654362,53139.17797206382,1.0,1.441485035518318,0.16009244959195115,0.02136079001438586,0.032021024660358
AN,61,1000,1.0,2037.5107521747236,38263.70894875101,15404.647377393478,46672.86809840033,761.0340161397025,53139.177972063815,889.397631703247,53139.177972063815,1.0,1.495137313697891,1.106054106199427,0.01828651284536881,0.04610107087998851
AN,62,1000,1.0,9204.662074475931,38410.75745345706,32530.748056501474,38027.99346735608,1195.2823858542622,53139.177972063815,3672.9345225173915,53139.17797206382,1.0,1.4800571427469391,0.24431654247546958,0.01962648477080765,0.0330387805131659
AN,63,1000,1.0,13630.78087058715,38317.83639876256,26018.87604195229,38402.73242415604,2435.466715821175,53139.177972063815,3971.9479833703917,53139.177972063815,1.0,1.5775968614804485,0.1500363484615367,0.02123192761390146,0.012785494921753683
AN,64,1000,1.0,1720.0157544690942,38027.23514758785,20768.730625399585,41901.171106880145,283.6892770469043,53139.177972063815,2529.064111062353,53139.177972063815,1.0,1.514580488687317,1.3332938395222182,0.024445128114636346,0.05934104084846116
AN,65,1000,1.0,3038.9186495771914,38802.443482918636,21783.636736323977,41239.848820446525,451.8763769566626,53139.177972063815,3618.5884389538123,53139.177972063815,1.0,1.6144826197604485,0.7826036699399646,0.021669361346876727,0.03211302087643573
AN,66,1000,1.0,3030.046489717773,38798.74577632263,28549.05647662231,40006.68333794399,390.3443485411623,53139.17797206382,2837.3824100258307,53139.17797206382,1.0,1.4265399407598809,0.9214732223831836,0.02203989600219174,0.05178627477847672
AN,67,1000,1.0,1719.806435581952,38021.54298417441,18483.357897552534,44473.70707216778,508.94856848402003,53139.17797206382,1827.0858690878258,53139.17797206382,1.0,1.4726546024143876,1.3536235535805154,0.02086602508257555,0.05606885899172578
AN,68,1000,1.0,5770.095573345867,38243.410895744455,23464.26062117816,39238.00740287316,1082.8997337635187,53139.17797206382,3268.4855247418564,53139.17797206382,1.0,1.5791475211489432,0.3864090604747038,0.022146572610108863,0.025373006512349135
AN,69,1000,1.0,2837.0402206406907,38234.25398321294,20673.23372850509,43278.62162136769,489.06253855518673,53139.177972063815,2178.36791916109,53139.177972063815,1.0,1.484685575425547,0.8030525586341678,0.026118912975068923,0.0382737013367195
AN,70,1000,1.0,6287.218814739623,38308.57464441737,24264.132986854012,40284.77771783731,1010.367644670543,53139.177972063815,2283.628842910546,53139.177972063815,1.0,1.5410286761085978,0.3728752947472243,0.021397852617261473,0.03862865348480797
AN,71,1000,1.0,2893.467251008403,38244.07875192081,32413.828124624164,42897.88916681323,440.9742212609206,53139.17797206382,3893.095980647865,53139.177972063815,1.0,1.550592478633575,0.8418864423089972,0.019956376654681463,0.05484640665809972
AN,72,1000,1.0,6890.585230025922,38180.57326584695,22741.94113679919,40090.804983407696,1199.9678560197876,53139.17797206382,3873.9673839836187,53139.177972063815,1.0,1.513392188036286,0.31457398153123745,0.0211884614500134,0.03016165878611551
AN,73,1000,1.0,2447.0513489443256,38306.93750482601,28416.984200712737,42620.83197721997,425.25355478913275,53139.177972063815,2773.087816565493,53139.177972063815,1.0,1.5129915164989034,1.1137712176310552,0.02143699992542246,0.059304665531928875
AN,74,1000,1.0,6650.15976432783,38231.798094243524,14990.7643639579,41589.92618955841,1219.7640577454597,53139.177972063815,1824.1448578460345,53139.17797206382,1.0,1.630428343248962,0.35449401856902957,0.022656749919490436,0.025921969813789473
AN,75,1000,1.0,3545.7595674562117,38394.52281648968,20788.594276172676,42163.444434573976,614.665278725171,53139.177972063815,2900.0098689515426,53139.177972063815,1.0,1.5417027593283634,0.6365065584323758,0.024919871797557575,0.0409301352839294
AN,76,1000,1.0,6160.447261796524,38058.33323576272,12973.713309182924,41148.32725903,1073.4047236847812,53139.177972063815,1291.3878075573027,53139.17797206382,1.0,1.4522690090113757,0.37758466543530095,0.0231674838061137,0.03135341855201039
AN,77,1000,1.0,2893.316398265646,38052.33982624703,19391.52166064285,40906.69868774938,433.39598287029156,53139.17797206382,1673.2143374794114,53139.177972063815,1.0,1.70937412487869,0.8128412563637011,0.023644156745344,0.05113749679166487
AN,78,1000,1.0,6541.431807401876,38691.43895157441,22375.201770910662,42172.20513747529,1621.5536599087795,53139.17797206382,3415.1582461109406,53139.17797206382,1.0,1.473154513306854,0.330793422376163,0.02422285673569671,0.03806131680146101
AN,79,1000,1.0,3124.2436030530835,38073.95243743404,33004.647679984504,39997.93243548304,412.53598746955254,53139.177972063815,3334.2546105951187,53139.17797206382,1.0,1.453474576863653,0.7453687269355158,0.027392242558397756,0.05205470110300637
AN,80,1000,1.0,6436.921257738593,38508.86881108167,22837.65230085128,41835.08567427381,871.8643493223237,53139.17797206382,1798.2974382840073,53139.17797206382,1.0,1.4953209900889193,0.3567243999602371,0.029988212535379637,0.04496803431598407
AN,81,1000,1.0,2018.6440475883944,38665.55254917017,13176.165974237607,40647.852106258346,459.74477842706915,53139.177972063815,1124.7929381829858,53139.17797206382,1.0,1.4237426394891712,1.2713231733714088,0.025086959124969877,0.04935615784309211
AN,82,1000,1.0,7569.87511024908,38040.430081519866,27736.22255508964,38809.157236631414,1228.4103491799065,53139.177972063815,3869.887116170411,53139.17797206382,1.0,1.4651076010433677,0.28258611947642703,0.0253385634616572,0.0233525446098379
AN,83,1000,1.0,8093.0831704685725,38392.6353405795,28370.097409413487,39226.597449999565,939.7519242654721,53139.177972063815,3872.6304500378574,53139.177972063815,1.0,1.3800151358353676,0.3001410390376154,0.025043568965201976,0.03800669610497528
AN,84,1000,1.0,1643.0070798556922,38023.01160333633,11653.808810800267,40982.070803162875,379.8575867624262,53139.177972063815,860.8178157968052,53139.177972063815,1.0,1.5616694505768294,1.255779189383565,0.02124403548626483,0.04323023768703128
AN,85,1000,1.0,10550.80074548665,37822.18465206385,22765.065627808566,38937.08584245065,2219.7365895757503,53139.17797206382,3114.5228092606994,53139.177972063815,1.0,1.5082048785386493,0.2022313258743881,0.024433170570443523,0.02099680855378807
AN,86,1000,1.0,3876.1134323396304,38276.27037292085,10639.864867183613,40046.358383837985,517.9812343261381,53139.177972063815,665.6642741909232,53139.17797206382,1.0,1.3864529658792193,0.6445726900038112,0.026427066765697674,0.05035647187896261
AN,87,1000,1.0,9212.127348319835,38106.93727134529,22271.616196662315,41030.98470330029,2179.066943263883,53139.17797206382,4138.498998439083,53139.177972063815,1.0,1.5648601430577846,0.25945661265607695,0.022836631425661405,0.02929218829438848
AN,88,1000,1.0,3458.4365000567386,38044.190413668795,17882.399042281144,39822.290484627505,621.2405617558715,53139.177972063815,3185.8541432603197,53139.177972063815,1.0,1.4744836844636262,0.7188380620151447,0.015785106247882593,0.022718462266919284
AN,89,1000,1.0,3559.095213739023,38030.08335580892,17887.77326819805,40057.04069622441,704.1633291920083,53139.17797206382,1562.0148400867488,53139.177972063815,1.0,1.4782639160554893,0.6064380601052439,0.01459311140178507,0.033507664248793985
AN,90,1000,1.0,4690.056832902204,38141.0569894208,33733.78184411413,40930.2784508524,625.3250944322513,53139.17797206382,4130.653003111887,53139.177972063815,1.0,1.5045015432090303,0.5096037416458289,0.019574632424194036,0.04882240640795863
AN,91,1000,1.0,6448.278317366134,38332.69387335653,28882.87053786047,38646.87354646531,874.4501268168365,53139.17797206382,3235.171520426668,53139.17797206382,1.0,1.5492457037901102,0.35192911502090396,0.018024611723257672,0.04061208291255579
AN,92,1000,1.0,9778.871975996763,38205.3690848781,32735.182890010183,38497.67208260884,1222.7579287820881,53139.17797206382,4015.7549674730976,53139.17797206382,1.0,1.4402188366969035,0.24389147681478154,0.029456351390551597,0.030456550897219044
AN,93,1000,1.0,4116.833032481465,38518.361988780336,14781.45945221384,39735.29176327243,543.1196109017094,53139.177972063815,1101.7883872144275,53139.17797206382,1.0,1.4300345280280162,0.6032101606536455,0.025925177201881817,0.03762130353868312
AN,94,1000,1.0,8020.3631579507,38261.564042581915,22974.904672837954,39760.7297227524,1093.6234010466771,53139.177972063815,2656.647128667656,53139.177972063815,1.0,1.6037148761792253,0.27354832462198975,0.01367071643533625,0.030841792390654856
AN,95,1000,1.0,6346.342650250256,38917.98236643872,24114.263453816646,39429.119898487195,738.9705962659939,53139.17797206382,1828.88790332401,53139.17797206382,1.0,1.5811956355229908,0.37041072507092093,0.025862296578628815,0.036248708835241096
AN,96,1000,1.0,2840.5261603200424,37846.12680255412,25489.160705766262,41042.93199762957,437.2272867913,53139.177972063815,2994.0512746174086,53139.17797206383,1.0,1.4580484247983743,0.8298974838353133,0.015930286905318124,0.04452174612509616
AN,97,1000,1.0,3834.0810732128352,39021.234751571785,17967.356441723925,41668.84415225541,810.7300850820245,53139.177972063815,1444.0389774413252,53139.17797206382,1.0,1.550019066864276,0.5992137377451849,0.02497647471352492,0.037692306376450886
AN,98,1000,1.0,4480.254839045019,38132.174016592646,23309.26049533436,40281.60643772982,567.4280640863383,53139.177972063815,2530.7838164986774,53139.17797206382,1.0,1.4890675226757333,0.5124366930670253,0.02702352398536056,0.03977726513212759
AN,99,1000,1.0,3549.3091720456514,38300.099021431015,19620.024831351322,41268.437101899035,790.5049420039413,53139.177972063815,3231.5078729084653,53139.17797206382,1.0,1.5173924125512042,0.6804459098945572,0.024084669635797012,0.03525924651269189
AN,100,1000,1.0,2455.3529607567057,37984.21871288465,12345.378684811867,47487.69110151107,639.0330129222751,53139.177972063815,972.8874727096832,53139.17797206382,1.0,1.440405231784923,1.0302266162937335,0.02422594218398221,0.050863972709305004
AN-s,1,1000,1.0,4916.925292170769,38136.00261626343,19586.20475818891,41284.10440949407,1737.154780837764,53139.17797206382,1746.890055081411,53139.17797206382,1.0,1.414059500000863,0.36315877784734074,0.02654368673657534,0.034230938282254326
AN-s,2,1000,1.0,9710.018765977684,38590.925276524984,15086.925717591457,39424.53816174233,1683.57065196232,53139.177972063815,1674.0983035851714,53139.177972063815,0.0,1.1211544043724608,0.16059152678654073,0.025951662950256242,0.030389561143654775
AN-s,3,1000,1.0,4257.173613059272,38195.66722069378,15609.442400313881,41639.1237340684,1487.7560119316447,53139.17797206382,1489.1934947085529,53139.177972063815,1.0,1.7077699439198073,0.47606203806319736,0.021977279351104724,0.035313316564431346
AN-s,4,1000,1.0,6713.2383207989205,38174.05804328929,18259.755251475115,40752.384631101086,1676.462177804864,53139.17797206382,1698.4656963616812,53139.177972063815,1.0,1.3496616925291944,0.2641053550049569,0.024882932100884835,0.04104823258305821
AN-s,5,1000,1.0,4929.482591063659,38314.733268916796,16846.38725523466,42812.68117947141,1148.8781255624235,53139.177972063815,1157.1911112546313,53139.177972063815,1.0,1.3067159005377906,0.3592571789254948,0.02564132599687949,0.03989731372992075
AN-s,6,1000,1.0,8022.953114794721,38348.82669588491,15094.711859633366,40063.2598300942,1556.125481978227,53139.177972063815,1595.2499923830942,53139.17797206382,1.0,1.8545999519505976,0.22157214081772578,0.02751686837758485,0.03339800505769746
AN-s,7,1000,1.0,13054.002544854982,38194.981398113414,18552.96891538234,39050.41263025097,2005.9432571470547,53139.17797206382,2035.617559774816,53139.177972063815,1.0,1.4410561974926637,0.23587722781003304,0.02107581830189383,0.030610201473756957
AN-s,8,1000,1.0,4704.234975129268,38298.78040638042,9974.336934745428,41938.923686713286,641.159067040516,53139.17797206382,664.2572895868677,53139.177972063815,1.0,1.3200338761898291,0.34977646613798036,0.022526986660047377,0.0501368243426434
AN-s,9,1000,1.0,12967.097848248606,38207.970234221226,16402.62406311159,38824.13528618474,1745.2078211490152,53139.17797206382,1741.7619063307943,53139.17797206382,0.0,1.3058179439433701,0.16573622060198445,0.020195093619577414,0.02498139539346739
AN-s,10,1000,1.0,12232.538125988527,38368.70261179819,17747.230711689284,39371.171925343646,1959.2126926999606,53139.17797206382,2008.1521560784454,53139.17797206382,1.0,1.508894227236903,0.1882466215913081,0.02398640842703177,0.030810327754068938
AN-s,11,1000,1.0,12386.201842159846,38237.38773441939,17285.55680236693,38931.26781516801,1813.7685621303222,53139.177972063815,1862.3428798834693,53139.177972063815,1.0,1.9478268503261997,0.1622384064979848,0.025834564387282745,0.029752022106131017
AN-s,12,1000,1.0,2683.5508312016736,38458.707089068936,12180.755691910916,48704.798752700844,580.0397067922265,53139.177972063815,577.2661231095424,53139.17797206382,0.0,1.8403205859480722,0.7271640081505126,0.029814210675834004,0.06049829522041154
AN-s,13,1000,1.0,13752.799796726875,38218.002216498164,21650.559587186,39075.29002023426,2420.0371006240703,53139.177972063815,2463.819665493329,53139.17797206382,1.0,1.3458419582899905,0.21690381521701005,0.023436029554199656,0.02930739940412933
AN-s,14,1000,1.0,12485.290891620865,38632.68896674656,14764.774905705812,39568.57064683635,1569.1595456403702,53139.17797206382,1581.4705096203238,53139.17797206382,1.0,1.1821140836402046,0.16537092214455412,0.02411073043581844,0.035612092671108264
AN-s,15,1000,1.0,4874.7883677837635,38076.70393020178,10832.755162168907,43025.50227888975,755.8681693651207,53139.17797206382,749.2427136770807,53139.177972063815,0.0,1.5707149510021001,0.44181253775254675,0.02580421048571143,0.04811341671005928
AN-s,16,1000,1.0,8719.079474084887,38298.15104968744,10304.088218432098,38842.76891290916,1018.8164487664656,53139.177972063815,1050.6782758397717,53139.17797206382,1.0,1.2149792019342367,0.3158304558295214,0.023429698106954694,0.0332657844328073
AN-s,17,1000,1.0,10367.389943256041,38286.913608586154,15655.097008510784,39173.07659644599,1787.3843154978658,53139.177972063815,1804.2179663199638,53139.17797206382,1.0,1.1471088232119455,0.2194511509721534,0.02996319223105434,0.020284070198696526
AN-s,18,1000,1.0,6137.667229228604,38376.83038857137,11689.602558451432,41056.32385838497,976.5306539530718,53139.177972063815,979.1450666616843,53139.17797206382,1.0,1.1347929603801021,0.5174097936794368,0.027479434222523864,0.03710720494234716
AN-s,19,1000,1.0,8397.658327749023,38089.386957731076,13972.820708603676,39444.00328502973,1524.7219822577063,53139.17797206382,1559.6390565611277,53139.17797206382,1.0,1.336421917217789,0.2097852510192455,0.022651152159129596,0.030004824607108092
AN-s,20,1000,1.0,17028.727390576052,38095.81819941837,22804.015220891764,38828.395179021696,2602.4318290989213,53139.177972063815,2695.119038253615,53139.177972063815,1.0,1.418925945092177,0.1532376744066537,0.018931083746851582,0.02265080949332404
AN-s,21,1000,1.0,3817.968572902291,38491.93471763929,11907.773378525568,42464.96652717833,1030.3465962995444,53139.17797206382,1046.3671554064044,53139.17797206382,1.0,1.9292222355164366,0.6783503152979,0.03200389308186789,0.049736558114032874
AN-s,22,1000,1.0,4435.205063554775,38252.92038599267,8523.464922994499,42378.53558442425,567.9237815183288,53139.17797206382,587.8451753247772,53139.177972063815,1.0,1.1989184951892329,0.5206269128770608,0.02539480969122971,0.043129467646838775
AN-s,23,1000,1.0,2780.7131260440124,38884.33378460872,10606.212257038938,48792.34187711355,541.8269443715756,53139.177972063815,542.5385551438945,53139.177972063815,1.0,1.362265835657037,0.6765132312223102,0.020145856602683004,0.06396575147365414
AN-s,24,1000,1.0,5347.229192048837,37940.206853084164,9909.74739041648,42228.135013280145,776.5547296964954,53139.17797206383,790.3083598540359,53139.177972063815,1.0,1.6787926027312938,0.4124987837551051,0.02180584262604617,0.04343292446845387
AN-s,25,1000,1.0,17067.787893442342,38028.64585621889,21322.036918883583,38667.01401112896,2366.1001576057324,53139.17797206382,2418.2932746625047,53139.17797206382,1.0,1.9554676536629416,0.15315573412178723,0.021001372451630005,0.024544880274857704
AN-s,26,1000,1.0,9427.10682632881,38195.45968579415,19831.68788999477,40453.782303701926,2151.07587092053,53139.177972063815,2155.1206020167892,53139.177972063815,1.0,1.186263375779578,0.29516046403813234,0.023293884137597105,0.026986947341012677
AN-s,27,1000,1.0,10890.52290351313,38274.873423426325,18373.57816560124,39637.641458939295,1901.320454059368,53139.177972063815,1948.996875076022,53139.17797206382,1.0,1.73418274873308,0.25072984008639965,0.021901212447474505,0.029545415528544436
AN-s,28,1000,1.0,15372.67997447424,38008.78892743491,23138.78720817914,38732.54811650484,2680.8342911742934,53139.17797206382,2773.7316559607275,53139.177972063815,1.0,1.6094084711567813,0.13242212568874584,0.025757264252796612,0.01964728852687727
AN-s,29,1000,1.0,5795.907821158504,38149.442795319905,11023.832494657128,42137.11246607176,818.8585916707116,53139.177972063815,832.4900648742571,53139.177972063815,1.0,1.4639471481394501,0.3646670995444471,0.026014849948284926,0.04552564631065589
AN-s,30,1000,1.0,5018.811293720916,38434.478602293544,12080.051486884593,42126.39073402311,816.0830812007981,53139.177972063815,816.4898427945216,53139.177972063815,1.0,1.5301132541794202,0.3821231158112348,0.018969375517891195,0.044854328538721476
AN-s,31,1000,1.0,7169.385150560762,38470.03329425714,17712.376476699832,41314.2824848731,1786.3779550505396,53139.177972063815,1827.1388476269778,53139.177972063815,1.0,1.8405601807359726,0.40138401217242387,0.03346920454160492,0.038069860512130675
AN-s,32,1000,1.0,5435.228989010057,38182.63619278326,13248.388031569279,42181.533347820616,1127.473994922767,53139.17797206382,1125.173127435867,53139.17797206382,0.0,1.6980673890817208,0.5346490490940105,0.02393914636330091,0.04297421649873732
AN-s,33,1000,1.0,13797.911506819353,38160.60248115982,21142.33405867948,38960.601859031754,2453.125010318893,53139.17797206382,2503.97367427445,53139.17797206382,1.0,1.4928660313525857,0.2225562267961126,0.024289274991080616,0.026079394420393153
AN-s,34,1000,1.0,8779.886223660324,38506.4798320111,18140.59772086435,40470.47906732457,1955.3717019024548,53139.177972063815,2019.6316615564203,53139.177972063815,1.0,1.718666764341599,0.2937555618910926,0.024394782205734517,0.03519892686669631
AN-s,35,1000,1.0,4804.099954871003,38238.06453358993,10652.749752252334,42528.96319056839,701.3286785293947,53139.17797206382,699.6701016725666,53139.177972063815,0.0,1.8635847848360696,0.3725357268218579,0.019166119224771832,0.05702236791177037
AN-s,36,1000,1.0,15299.21960923887,38211.13257988276,23397.960513274797,39209.54117516878,2718.4488102976957,53139.17797206382,2749.246559056402,53139.177972063815,1.0,1.0198211778459558,0.10886650656714002,0.028560005556903568,0.01811510526855485
AN-s,37,1000,1.0,4462.660666294618,38296.89457129552,12753.295242625325,43057.971096526446,856.3695270834156,53139.177972063815,876.0651695529623,53139.177972063815,1.0,1.8197385869210319,0.5088717290020327,0.02764604436317022,0.044505709729298855
AN-s,38,1000,1.0,8641.89272683804,38323.53516534474,13455.109933474265,39558.56245057212,1362.2882774625455,53139.177972063815,1365.1414231200724,53139.17797206382,1.0,1.2902675327569173,0.20516369907777715,0.026495681480794987,0.03437120890751468
AN-s,39,1000,1.0,11767.916988160523,38569.232504283245,14494.773114190746,39075.162831461785,1355.2032186443755,53139.17797206382,1385.5421128194012,53139.177972063815,1.0,1.462794566386631,0.2441279677188572,0.02515070902237106,0.038873342682633774
AN-s,40,1000,1.0,8313.02336941504,38241.53074134539,18293.81773001714,38858.551164566044,1995.7593665127122,53139.177972063815,2035.3955793832229,53139.17797206382,1.0,1.27513807900038,0.20467513455785422,0.022898561447751143,0.01680774049103781
AN-s,41,1000,1.0,3305.841082337963,38342.836590795385,9349.257692946516,45716.99436607413,575.1033870907311,53139.177972063815,572.3469458335057,53139.177972063815,0.0,1.3291639797101489,0.8640965655065613,0.02366020074946265,0.06025305501904836
AN-s,42,1000,1.0,5943.067096602552,38236.656859607,12796.300297657866,41910.01920692725,945.2932055808036,53139.17797206382,957.0770306547099,53139.17797206382,1.0,1.1591020698667958,0.4823243528812837,0.025483260329131157,0.04512780404700059
AN-s,43,1000,1.0,7947.905375593703,38466.57696537752,17972.73469310734,39505.6224536995,1959.3085612185087,53139.17797206382,1955.9225518418264,53139.177972063815,0.0,1.7152510105804677,0.18911748623963553,0.02959522152507263,0.026657368898211513
AN-s,44,1000,1.0,6579.077361819261,38513.2569239262,19275.93063326399,41001.76585871948,1893.680410526581,53139.177972063815,1932.1718542687008,53139.177972063815,1.0,1.6206974089371555,0.4137981194202411,0.02490299842882825,0.04277004479081393
AN-s,45,1000,1.0,2486.986747358961,38416.68512373087,10496.865101592699,49066.48744730136,543.3019903789317,53139.177972063815,549.4399919498247,53139.177972063815,1.0,1.9430019456511742,0.7884339120075549,0.023914473447534525,0.06842460747565772
AN-s,46,1000,1.0,14158.013887059507,37964.08063267724,24114.348664547033,39005.48730261,2757.334299041896,53139.177972063815,2816.9582467785312,53139.177972063815,1.0,1.1811554345767572,0.11838960024470352,0.02408473705729906,0.02051894310239566
AN-s,47,1000,1.0,12579.53393724203,38391.2785035777,16240.424882438467,38728.216946380024,1616.9231856052752,53139.177972063815,1639.6312070824154,53139.177972063815,1.0,1.2723784026609082,0.23255314549586326,0.025697790250570327,0.026950645599891316
AN-s,48,1000,1.0,9231.072270310917,38151.878202758344,15232.033415476806,39882.399621649354,1398.9359155041375,53139.17797206382,1419.788236460948,53139.17797206382,1.0,1.3797724496741048,0.26567125804117186,0.023831631879412767,0.03517185248709465
AN-s,49,1000,1.0,15409.307962483814,38282.71367995756,20842.26938534614,39005.572225805605,2342.771825261816,53139.177972063815,2362.7645876872566,53139.17797206382,1.0,1.8308187717938458,0.12146298106525737,0.026557343420194144,0.020798884316372116
AN-s,50,1000,1.0,5347.758031918409,38379.68211382923,9673.675429475488,40415.31958818612,984.3616374916428,53139.177972063815,978.8911103266726,53139.177972063815,0.0,1.212090982717039,0.284215237296783,0.02041946695894424,0.026495085548196216
AN-s,51,1000,1.0,11024.440474123105,38369.912718029154,14955.4576229851,39025.35983657616,1490.3417788973072,53139.17797206382,1531.128856477571,53139.17797206382,1.0,1.3870040256243839,0.20779464977301496,0.030318335300336757,0.0353876858270753
AN-s,52,1000,1.0,10913.554863846204,38012.92015029694,20826.766892723994,39104.71369707624,2269.064064046913,53139.177972063815,2273.874685550676,53139.17797206382,1.0,1.4256036682126687,0.23180927800032214,0.025308702668613584,0.023443963557045387
AN-s,53,1000,1.0,13774.355619220034,38307.09278358463,18974.540302362802,38662.367324548046,2132.336299846216,53139.177972063815,2155.914443204337,53139.177972063815,1.0,1.9782315152199053,0.14916690750305037,0.024892264254773422,0.024179123576723263
AN-s,54,1000,1.0,11617.802255748798,37860.945321367166,16202.8890490085,39306.487944025124,1719.788650712242,53139.177972063815,1742.937240078174,53139.17797206382,1.0,1.264928963913283,0.18477477320990682,0.02556343257394505,0.038194150519383074
AN-s,55,1000,1.0,1628.1488631270795,38122.277854076485,11587.106284974612,50064.96356873716,532.715860198482,53139.17797206382,532.7968327664414,53139.17797206382,1.0,1.9165050336669855,1.168633262103055,0.01986516159450242,0.06326535626056515
AN-s,56,1000,1.0,4223.589297699904,38434.079459481945,9643.501176837908,43557.42634924483,558.4013201785675,53139.177972063815,561.1206712698015,53139.17797206382,1.0,1.9375671256701872,0.6126817134429116,0.02528911172907501,0.05543587493678119
AN-s,57,1000,1.0,10160.179798704445,38517.285867153725,14888.4050310213,38986.043371117645,1414.605111061148,53139.17797206382,1427.6772713086173,53139.177972063815,1.0,1.7368999100111204,0.2576536914845728,0.024418926824454068,0.03190613433015185
AN-s,58,1000,1.0,8699.051304489923,38034.053225240845,9979.955427902172,37924.813264179305,971.8827709065295,53139.17797206382,991.5238939284252,53139.17797206382,1.0,1.653556654253906,0.16611218483884774,0.02747309568380794,0.03277757584270551
AN-s,59,1000,1.0,8718.443693822766,37851.83173919479,17455.89031998531,40030.45415027195,1796.041889995123,53139.17797206382,1839.475187950211,53139.177972063815,1.0,1.0691200156021219,0.2188791875404935,0.025197934245044157,0.021627495465996228
AN-s,60,1000,1.0,11114.607884052526,38094.36693590659,19240.577197463703,39694.41407023862,2266.511237238975,53139.177972063815,2272.731083910501,53139.17797206382,1.0,1.2620881766625796,0.14348227425733856,0.024099853438114157,0.019499257424049163
AN-s,61,1000,1.0,8049.268811087854,38061.90256559997,16350.718077534135,41169.75833401156,1450.9964668028397,53139.17797206382,1526.4967576265108,53139.177972063815,1.0,1.491339629968095,0.25669442734215864,0.017093703508404785,0.03739203286695368
AN-s,62,1000,1.0,7938.716995238632,38268.61597842345,9123.725779234595,38724.59763566167,891.6534738891863,53139.177972063815,894.7676846671782,53139.17797206383,1.0,1.9847689858374316,0.221075786999912,0.021756674862056905,0.04186004286693212
AN-s,63,1000,1.0,10473.570533752198,38070.293642737255,20600.635806366136,39452.99971822105,2497.262468041638,53139.177972063815,2507.631738636614,53139.17797206382,1.0,1.2664831599399629,0.16394455253326323,0.026434385865445158,0.022552977179600312
AN-s,64,1000,1.0,10897.533155711913,38174.04471303661,16992.797772423823,39108.81901359484,1908.2473486045624,53139.177972063815,1914.8108796061988,53139.177972063815,1.0,1.3635280399072653,0.2581934016315256,0.015853744520196063,0.02354485351678243
AN-s,65,1000,1.0,12127.09041919487,38186.05789680549,13649.020947401496,37956.801684412276,1383.0888263747747,53139.17797206383,1410.2000984099795,53139.17797206383,1.0,1.7843300936850628,0.22262821473847863,0.015232705470224686,0.03747713415777707
AN-s,66,1000,1.0,6113.290002666632,37999.34122337232,16179.410762980031,42454.554544036975,1423.5860417163913,53139.17797206382,1395.4646452736283,53139.177972063815,0.0,1.5626573006516091,0.46972360101788685,0.020592416653688744,0.03573886529973063
AN-s,67,1000,1.0,8457.194733322965,38559.97746935301,19137.237557686465,40068.51413755478,2124.5847617149143,53139.177972063815,2109.6127869081574,53139.177972063815,0.0,1.6279412137120348,0.2651895712635097,0.01604344704829788,0.02462285124779588
AN-s,68,1000,1.0,4414.300895271177,38276.25967856559,10635.744595376145,44320.671889932564,656.5645364191128,53139.177972063815,647.7387775917427,53139.177972063815,0.0,1.4642558635358935,0.39243655028121033,0.02497373910022432,0.05653093062860955
AN-s,69,1000,1.0,2933.5765918369125,38488.66909377405,6022.293770858837,40966.515926538166,469.9251572973754,53139.17797206382,469.02096150878947,53139.17797206382,0.0,1.5910310587126797,0.5729898166783485,0.023479737205865988,0.04976158940643428
AN-s,70,1000,1.0,7028.417017050371,38198.214075831085,17910.905856516183,41158.18328511658,1599.5616009643325,53139.177972063815,1600.687259280543,53139.177972063815,1.0,1.0279131996098931,0.3921125556496677,0.03184342227726856,0.03407122875066979
AN-s,71,1000,1.0,8999.664847319644,38183.03148211572,21484.802217711902,40102.36557266316,2357.5872403764056,53139.177972063815,2403.1587998148866,53139.177972063815,1.0,1.6636809472604628,0.1902441837187194,0.01948411390662579,0.025422115721760064
AN-s,72,1000,1.0,12675.546857349726,37911.83357185331,18916.968534072963,39416.104049080444,2064.0177660081713,53139.177972063815,2095.1515772506973,53139.177972063815,1.0,1.9788784025356554,0.18456830362682677,0.03159917625279314,0.030768101128558194
AN-s,73,1000,1.0,1871.7296135782965,38539.49645998771,11748.03075689647,50774.80527145194,478.26220689585136,53139.17797206382,476.86740140978316,53139.17797206382,0.0,1.8454565648205583,1.3288008161255556,0.029070793995276564,0.07537460109178716
AN-s,74,1000,1.0,7297.6120323879695,38165.797620259415,10452.77593160429,39558.220432617556,942.4170210098914,53139.177972063815,969.4436662634823,53139.17797206382,1.0,1.793714553174863,0.340009316112219,0.024860487440126363,0.04236355214244712
AN-s,75,1000,1.0,3503.0272444624575,38189.833471432095,13222.042403391233,43510.422351139176,1005.1618696660388,53139.17797206382,1021.1055623585853,53139.177972063815,1.0,1.638721361174863,0.6907632432390048,0.024997928735983714,0.04741545477592438
AN-s,76,1000,1.0,5022.977463113939,38170.439226505645,10456.727650776209,41081.87080281404,793.3221823183437,53139.17797206382,805.4708246627041,53139.17797206382,1.0,1.0612929218983096,0.4565763878105036,0.023740831444143847,0.03938670402518262
AN-s,77,1000,1.0,8412.794804370671,38234.60265072662,20486.98784225402,40236.24337692185,2087.9499763499434,53139.177972063815,2155.024475135187,53139.17797206382,1.0,1.723058234586341,0.2734133085484317,0.023903142832883327,0.03168035039821613
AN-s,78,1000,1.0,5753.143660868227,38167.9453838269,16395.752243440023,41170.4147945016,1320.4434649575414,53139.17797206382,1401.0954502525483,53139.177972063815,1.0,1.0918531379729766,0.29737253440946315,0.023631897701327207,0.038660332091110375
AN-s,79,1000,1.0,21465.4173425494,38250.089208788006,26374.46267895837,38595.26453302629,3069.634853468872,53139.177972063815,3070.9490785200737,53139.17797206382,1.0,1.121154119889386,0.12602635112622576,0.02137095457392932,0.020469947750819294
AN-s,80,1000,1.0,9478.822460555435,38613.77070775151,12963.060604733597,39042.79447605806,1203.3723388647595,53139.17797206382,1230.6956079536346,53139.17797206382,1.0,1.9427020407969107,0.29763992162519853,0.0212260779298876,0.04074159910666361
AN-s,81,1000,1.0,10582.363646311747,38470.137604964446,17174.93550649552,39333.130016461015,1849.0908713920653,53139.177972063815,1883.7773854152215,53139.17797206382,1.0,1.0867361395375423,0.2557383935985212,0.027568253529538785,0.022301118175993017
AN-s,82,1000,1.0,5799.483758997895,38290.34804259498,6526.29011618119,38397.19239801371,697.9195714647188,53139.177972063815,693.3865238228818,53139.17797206382,0.0,1.1647012137721315,0.3773000316628039,0.019064096165881093,0.0361433178602479
AN-s,83,1000,1.0,8102.039215882139,38053.563743423714,18295.392060636903,39522.80261608514,1990.2748197622427,53139.177972063815,2034.0208537549647,53139.177972063815,1.0,1.8906558381677405,0.3023888260437097,0.02499551184379277,0.028422908323451516
AN-s,84,1000,1.0,11111.831473515875,37983.75173988982,21905.741647477786,39135.73571977857,2290.533882618029,53139.17797206382,2311.7942892909023,53139.17797206382,1.0,1.0642484704616577,0.19780406547090382,0.032330167550347635,0.02735594875075765
AN-s,85,1000,1.0,3055.31665075631,38188.2260026811,11620.565518942109,43806.14825468736,830.5962804793253,53139.177972063815,847.175647593898,53139.177972063815,1.0,1.100871633258515,0.6513687515294247,0.02793531418775161,0.051005251314128384
AN-s,86,1000,1.0,5693.973870217137,38324.1709472964,11802.702144548082,42531.36665642148,799.7577631981176,53139.177972063815,822.9149709519049,53139.17797206382,1.0,1.6724270638172416,0.41541899482931605,0.02024985266199757,0.05458483370018503
AN-s,87,1000,1.0,5904.890328581349,37933.644184876495,12379.18650438534,42752.19561437545,866.1701578905347,53139.17797206382,878.3335159402615,53139.177972063815,1.0,1.623741805222077,0.2688935275725496,0.027405980383248738,0.04593082949694341
AN-s,88,1000,1.0,4458.181399174305,37937.76085748245,18716.448029735337,40170.76835201627,1882.3742808081947,53139.17797206382,1882.3659156611466,53139.177972063815,0.0,1.4630009715044725,0.5137900953924714,0.02653959056436323,0.03229480766408834
AN-s,89,1000,1.0,9086.916195556747,38289.482790660986,22823.15716729268,39075.98413182067,2477.84838762048,53139.177972063815,2554.100639091199,53139.17797206382,1.0,1.4210230846555165,0.2011803292363405,0.022458213517452457,0.02035662049734499
AN-s,90,1000,1.0,11200.238970815946,37910.32399340956,19414.589568523206,39567.875622254396,2152.9420861935782,53139.17797206382,2167.225754847116,53139.177972063815,1.0,1.2899953791796142,0.13812272828859562,0.023450435151288786,0.03296517253177675
AN-s,91,1000,1.0,13164.46661094855,37944.59864892349,24273.0891664499,39597.69301565521,2633.4209867285117,53139.177972063815,2735.43480341425,53139.177972063815,1.0,1.4157636690980844,0.16110642765857813,0.024927167936988768,0.027843496984627042
AN-s,92,1000,1.0,7108.206759603765,38452.43611285452,10028.886360181628,40559.03703264287,823.6423252354202,53139.177972063815,833.4474883773222,53139.17797206382,1.0,1.3307628232316622,0.30933238521334727,0.021975259591887984,0.040425929011119265
AN-s,93,1000,1.0,6161.322801134723,38175.49827407456,12790.977762841016,41743.815359938526,1042.0212583691857,53139.177972063815,1041.7551446072375,53139.177972063815,0.0,1.627198264806802,0.33830584746574177,0.02097093450101264,0.048411412376193314
AN-s,94,1000,1.0,5956.154735865947,38177.60502437366,16109.84355394035,40929.09698414098,1443.2527062589709,53139.177972063815,1463.5537580718465,53139.177972063815,1.0,1.3281127153828343,0.3159244687066554,0.024084619962913927,0.029264771566676527
AN-s,95,1000,1.0,18060.8335799833,38607.63708533914,24749.614460141685,38343.183616302435,2959.2022738324195,53139.177972063815,3054.2069175741485,53139.177972063815,1.0,1.0338997495459237,0.16227451717798722,0.02374407887582796,0.019891394535032244
AN-s,96,1000,1.0,3605.173337122083,38114.213264815706,8204.551727583332,43090.889023881435,508.0692860456757,53139.177972063815,509.4945469019496,53139.17797206382,1.0,1.6806793370050033,0.6295654140236975,0.021571224651397637,0.057574478193259025
AN-s,97,1000,1.0,13648.690495432213,38204.484773276185,24735.06891400266,39688.91279671789,2861.963482901451,53139.177972063815,2902.093778472031,53139.17797206382,1.0,1.8187101633359015,0.20521537341498103,0.023342553949669418,0.020992341340515815
AN-s,98,1000,1.0,7954.552570631232,38131.83746066336,14843.430769898463,40260.64898852404,1454.7150434780692,53139.177972063815,1470.0856846115662,53139.17797206382,1.0,1.6037033045476756,0.3007309640293443,0.024031042529217308,0.031120012016385635
AN-s,99,1000,1.0,8481.655821519707,38206.236278424025,14791.30453125312,40410.79989950836,1333.274643356257,53139.17797206382,1391.8962236815196,53139.177972063815,1.0,1.0790524598928013,0.3096639561573021,0.02202215690306529,0.040276563147559175
AN-s,100,1000,1.0,18579.710020712002,38447.113327388004,19046.75414687374,38172.94689125093,2230.5251170644856,53139.177972063815,2236.414195337841,53139.177972063815,1.0,1.2541749980077261,0.16435033047505931,0.020193949495523802,0.024353189689662217
LS,1,1000,1.0,19651.92075914034,38169.26600206338,30101.36778040555,38861.671347166484,2245.430186226952,53139.17797206382,3811.1937470248663,53139.17797206382,1.0,1.5049754468153405,0.39652880538761226,0.01968954946380817,0.031667185278611364
LS,2,1000,1.0,16492.406641159265,38281.89372531044,24238.74261647879,39151.74460671109,1914.9246293712035,53139.177972063815,3217.0164721145225,53139.177972063815,1.0,1.5474496137172848,0.5339343094321927,0.02189809272915918,0.03088621630654466
LS,3,1000,1.0,2332.513844416576,38451.04019668117,20777.30597195812,55592.69116009222,287.4362191129213,53139.177972063815,3804.23774510457,53139.177972063815,1.0,1.479302476890789,0.28098893160534055,0.01982094387346247,0.03788667617819179
LS,4,1000,1.0,16156.658022656862,38124.85301785417,29497.897852650323,38511.25186084781,1875.5441979539523,53139.17797206382,3687.88252555041,53139.17797206382,1.0,1.410355770630429,0.9410251503146394,0.024182199822987107,0.025008445486903855
LS,5,1000,1.0,6202.250579545198,38384.768965404866,27477.460256353483,45541.17535199051,1069.249115728179,53139.17797206382,4298.881200667938,53139.177972063815,1.0,1.5114853840283828,0.5730330487382077,0.024752597232655407,0.03321908859923039
LS,6,1000,1.0,5218.485641567999,38312.18772064487,13246.360308728556,48608.746740472736,457.36606308635226,53139.17797206382,884.7517827827976,53139.177972063815,1.0,1.526008223129105,1.918518237908483,0.024616269535852324,0.05652123897435263
LS,7,1000,1.0,19928.46319625855,38061.656896822606,32810.87414358621,38584.02684170091,1914.6744135058925,53139.177972063815,3811.4909127862365,53139.177972063815,1.0,1.5083128663068264,0.6509257548712905,0.015203606464319858,0.02677897134540833
LS,8,1000,1.0,1417.1063214184173,38207.52932182189,18600.03127877033,52474.56429992883,325.44542732990493,53139.177972063815,2112.728292711409,53139.177972063815,1.0,1.4576050675161782,0.6127701764273709,0.019546952434711398,0.02511274009301953
LS,9,1000,1.0,3552.6630183778234,38187.15210661044,20822.195871342665,46743.17392671922,769.4728617778576,53139.177972063815,3162.485458300275,53139.17797206382,1.0,1.5499977236848164,1.1283709910052857,0.021910550763948187,0.029830958114149392
LS,10,1000,1.0,6388.1999357839995,38128.10712324738,28647.022287372085,48208.0029102527,744.3945670698255,53139.177972063815,2701.3611876580626,53139.17797206382,1.0,1.5201018702923517,0.5281751095345083,0.02423640839651498,0.054945231221254935
LS,11,1000,1.0,10148.689794422015,38178.391468754744,30269.45018397361,38918.07808071568,1124.8623257344016,53139.177972063815,3802.0770384223574,53139.177972063815,1.0,1.5090774628587598,0.20660509793186727,0.027684211399017174,0.027552553723743448
LS,12,1000,1.0,9061.666359815998,38632.16223771924,31722.92711712099,40129.22499560019,1001.7537147277242,53139.177972063815,3474.0254550345517,53139.17797206382,1.0,1.416488829106816,0.8239053532974153,0.022717066725621966,0.033389214988106604
LS,13,1000,1.0,24397.009711487502,38907.5586636784,26032.169777289928,38636.53930278417,3228.4819351391743,53139.177972063815,3363.648712279044,53139.177972063815,1.0,1.566868412388177,0.9957525730884381,0.02050629636641613,0.02351972889572199
LS,14,1000,1.0,1912.7727962809472,38376.37744121339,21781.76407812722,73981.89011480214,312.3246780473736,53139.177972063815,1189.1811149795599,53139.17797206382,1.0,1.5327128011308604,0.8424964774590677,0.02188922307600661,0.042467938344037726
LS,15,1000,1.0,18707.866140567967,38069.46479476585,25739.367063041413,39744.225423627,2903.0685404658193,53139.177972063815,3250.4098942049472,53139.177972063815,1.0,1.614422288378917,0.9482143766947654,0.023818179119160638,0.02480142447493797
LS,16,1000,1.0,17642.853763699888,38009.15973974306,29284.14982713393,38389.06646414362,1750.086371852683,53139.17797206382,3897.705744901965,53139.177972063815,1.0,1.4566523361625008,0.7773110132382356,0.02041838270886133,0.03971216261502359
LS,17,1000,1.0,12979.111648622285,37881.083172257786,27680.95028554413,39450.27789395063,1542.5936105175995,53139.17797206382,3020.169840104733,53139.177972063815,1.0,1.5162126890953327,0.31240885159485016,0.020982160739188474,0.02725981882189975
LS,18,1000,1.0,4383.754898294332,38387.03469906114,10897.99137075056,43326.96049914926,663.3301540431314,53139.17797206382,828.780646891181,53139.17797206382,1.0,1.4857396291487497,0.9363885963326655,0.021609161847855055,0.026029271906125737
LS,19,1000,1.0,7438.657662912939,38497.42230460916,24656.924560548432,45020.68802129853,736.3150984371541,53139.17797206382,2094.010212363015,53139.177972063815,1.0,1.5996191370158814,1.632725188026613,0.028123196634560275,0.0559434067197945
LS,20,1000,1.0,5523.681363761213,38163.995913926665,14451.354295017496,59484.166030793436,792.3593972927408,53139.17797206382,1119.7439655376893,53139.177972063815,1.0,1.5052209556231402,0.5708299172609574,0.02347101094326722,0.03391761829994541
LS,21,1000,1.0,4600.759120314386,38019.145354034976,22964.838282241384,47768.06227292711,705.1381261755205,53139.17797206382,2706.4101809917165,53139.177972063815,1.0,1.5146946521119062,0.33857659189102324,0.022798546132440912,0.02193572173298458
LS,22,1000,1.0,8241.1689580252,38627.96069737119,25485.000328839873,43563.78813174024,963.3818537068421,53139.17797206382,2150.2959548845747,53139.17797206382,1.0,1.3408442730219243,0.6854231891983193,0.023649271591579143,0.049224135472646244
LS,23,1000,1.0,1681.627185833203,38741.98967386093,13121.046700262985,48380.20403611161,1193.5624764382142,53139.17797206382,1676.7555225686806,53139.177972063815,1.0,1.3368906546538815,0.45764737405926215,0.018888607380742734,0.03013690654215919
LS,24,1000,1.0,3064.793950485423,38508.95700661244,26480.632546787794,53345.56956928829,412.1130803600605,53139.177972063815,3897.8674615246637,53139.177972063815,1.0,1.5050251784583297,0.8869174480120435,0.02160467932082934,0.04679450628977434
LS,25,1000,1.0,12518.7301462493,38303.34390442752,24263.096345448637,39055.59556001515,1303.475422959034,53139.177972063815,2725.221716023624,53139.177972063815,1.0,1.4895079575337813,2.4093969186915865,0.024334606262117853,0.029623456510266055
LS,26,1000,1.0,4773.578871185145,37787.837338606,26948.892112095808,51878.590827958855,403.81344586634583,53139.177972063815,2674.629868475601,53139.17797206382,1.0,1.4718700236316875,0.25199815679136056,0.017791001303016692,0.05043092232789796
LS,27,1000,1.0,12184.861694089903,38390.671025586,28709.05508014765,38132.87314625073,1144.1826713587548,53139.17797206382,3514.7117102352995,53139.17797206382,1.0,1.4872375388347676,1.0363632140783692,0.02763073484600981,0.03883820667242203
LS,28,1000,1.0,14337.805871216045,38838.60914558019,42464.053070288646,42575.006410039314,1267.3184142111063,53139.177972063815,3664.351842226849,53139.177972063815,1.0,1.3872890910719857,0.5163269182065113,0.0246258327977223,0.03983748992291901
LS,29,1000,1.0,21627.782217978547,38500.928035370394,31421.695625283406,38025.464072442315,2270.2114200241886,53139.17797206382,3845.398884602525,53139.177972063815,1.0,1.4176112470637905,0.41155391556661647,0.026556942748099728,0.022925552095575723
LS,30,1000,1.0,9715.32641378467,38235.08577077811,24569.078785193127,39032.987495605936,1115.9125459607778,53139.17797206382,2391.1759178399757,53139.177972063815,1.0,1.5975060938491892,0.3264185948402083,0.02684816329879426,0.03699486777234792
LS,31,1000,1.0,8546.702616854114,38116.07558610241,21298.32132685764,41677.66330693693,741.0155622069643,53139.177972063815,2513.1121474405436,53139.17797206382,1.0,1.44646938890958,1.1657141944347529,0.023706337773941103,0.05117682676770575
LS,32,1000,1.0,6467.1912953720275,38003.167012460995,23569.450349024795,42782.564669154286,1274.4430261512484,53139.17797206382,2498.9844525391445,53139.177972063815,1.0,1.343336698312406,0.2393420443861088,0.027164986053091148,0.021727817508569645
LS,33,1000,1.0,12011.910901799447,38117.62432001534,21051.66794287457,39542.68125204989,1369.395746192362,53139.177972063815,1831.0011268796397,53139.177972063815,1.0,1.4883109136720525,0.7444042054273696,0.020654107693882467,0.030170677644894766
LS,34,1000,1.0,12123.602355168956,39090.9608843787,31764.07693749573,40952.460745487624,1112.3130943002038,53139.177972063815,3055.2449352759604,53139.17797206382,1.0,1.4086782873082562,0.6974675824219173,0.02331132933029346,0.03582666695676771
LS,35,1000,1.0,7865.188331867745,38274.29333164344,24090.446910597013,39260.25327012318,1663.5438182637026,53139.17797206382,3734.152305475666,53139.177972063815,1.0,1.4866415012013512,0.22734097970297426,0.025045497764236865,0.01570033615180576
LS,36,1000,1.0,20854.02625620126,38381.325727567455,30815.7655038725,39466.88878306774,2473.6789171334417,53139.177972063815,3078.7415285647994,53139.17797206382,1.0,1.5363902599944586,0.7378788187326396,0.024954164513914988,0.024803281877645078
LS,37,1000,1.0,12337.245273335211,38274.51198861712,25071.237998601435,39375.1135311598,1194.1339510176683,53139.17797206382,3056.660771014346,53139.17797206382,1.0,1.4351787929222537,1.0449847307460622,0.022448469436909414,0.047473974234579885
LS,38,1000,1.0,3624.855037989091,38120.74735414867,13798.88297945592,49400.22452652074,394.13505940634553,53139.17797206382,1393.6885272539812,53139.17797206382,1.0,1.5497073372971293,0.7416052775800014,0.027971625613327285,0.04521381717294323
LS,39,1000,1.0,4105.61990428198,38473.804884572,25676.46864434547,49457.15603815277,625.3897689614619,53139.17797206382,3686.2332513252104,53139.177972063815,1.0,1.545657063124911,0.29468146246365184,0.025878997249571163,0.027890600707712647
LS,40,1000,1.0,24514.40387029198,38166.103924318246,28138.01967778099,38347.35872599039,3191.288791831885,53139.177972063815,4066.6809064867725,53139.177972063815,1.0,1.4325414794890285,0.10322316936617909,0.018175370499351678,0.01705591021094213
LS,41,1000,1.0,17261.060404749973,38311.66376660976,25416.720669230053,38803.197072035415,2511.2768580734755,53139.17797206382,3611.3538793910125,53139.17797206382,1.0,1.5647946174430842,0.8750701899180476,0.024278687131972617,0.03246235818140736
LS,42,1000,1.0,6891.962986559976,38023.9481783801,15398.02801635014,49692.312290600734,517.0579655077083,53139.17797206382,1274.9132231189778,53139.177972063815,1.0,1.5541176952969311,0.5782257075973233,0.02480173725704605,0.05366149583409994
LS,43,1000,1.0,3891.4874094534384,38048.41011476396,15524.96047432169,48921.4023062785,631.9047940696562,53139.177972063815,2078.509379092499,53139.177972063815,1.0,1.478361111341073,0.24280748778574443,0.02186679934755089,0.02631716655469233
LS,44,1000,1.0,6565.510942116081,38069.06493757229,26347.607589312865,56516.50190704086,592.0000862173755,53139.177972063815,1702.6417003910494,53139.17797206382,1.0,1.5130408710623942,0.6520735061422459,0.02163712853546561,0.05031122305007591
LS,45,1000,1.0,15001.380376029883,38501.25404985865,21221.52740723925,38384.27603387942,1947.0472083619413,53139.177972063815,2870.7319674159744,53139.17797206382,1.0,1.472721833150642,1.1092009115134438,0.017296391378309493,0.03615401810320989
LS,46,1000,1.0,5609.658172408517,38009.41992064481,20152.476661827168,54837.40722603438,456.4512570872462,53139.17797206382,1262.3802151948507,53139.177972063815,1.0,1.4729396362351732,0.3034853135321038,0.022284554987891093,0.03862858821695669
LS,47,1000,1.0,7630.192369162831,38345.78771685831,21181.37343023569,43552.388295803044,1122.8540577007789,53139.17797206382,2010.482338740393,53139.177972063815,1.0,1.4110466425139652,0.8968387582240593,0.02314117881245356,0.05773958407852917
LS,48,1000,1.0,8810.922035883226,38199.76296871333,16956.341345735316,40516.11803465973,1038.6988171662956,53139.17797206382,1445.616976873063,53139.17797206382,1.0,1.4661923540095787,1.0511180542048602,0.020692579309007732,0.0551253617912169
LS,49,1000,1.0,9859.649708843555,38084.582287122736,29160.949691517693,42377.14154523408,1340.020894768386,53139.17797206382,2626.148002986195,53139.17797206382,1.0,1.5338070825956656,0.7980232251353101,0.0235369567420922,0.04840198040331542
LS,50,1000,1.0,7805.212155400446,38153.09763942108,22635.04901412801,40381.13781574038,1392.3287639855607,53139.177972063815,3222.9539221531872,53139.177972063815,1.0,1.5256232740501392,0.45528460601562587,0.027507571587356342,0.016165812342282378
LS,51,1000,1.0,5606.735980198381,38032.86701401061,13414.934130951897,40130.98569119284,1177.7626523599356,53139.17797206382,1629.1441680933026,53139.17797206382,1.0,1.3884817134926266,0.5738815200368269,0.024658816340930437,0.03057241827695037
LS,52,1000,1.0,8361.16711990556,38424.042641115026,30830.66102411458,45541.85158354691,905.8590839061291,53139.17797206382,2690.5275870743735,53139.17797206382,1.0,1.4322233749830109,2.2238121046473585,0.01643380208013798,0.03173048897548535
LS,53,1000,1.0,21930.973558169164,38069.818833474834,32723.777856316734,37955.03414990436,2241.9198028715496,53139.177972063815,4049.6262268012715,53139.17797206382,1.0,1.5320949983316863,1.3627112875433172,0.022745829404643925,0.030660327326184796
LS,54,1000,1.0,23536.736166840077,38498.39473300215,34577.84874271881,38902.63113471585,2473.2932709830256,53139.17797206382,4219.460984513808,53139.177972063815,1.0,1.4720328265855838,0.475975730902955,0.023943766964261797,0.0255873206554814
LS,55,1000,1.0,17700.046949841075,38058.65714833058,21579.620494035444,38520.76548488466,2565.83369142818,53139.177972063815,2917.3593087879394,53139.17797206382,1.0,1.5262897108704487,0.44044916339477225,0.021162327789391328,0.024536193216635714
LS,56,1000,1.0,9507.08347132895,38150.38559940615,23268.0328921959,40915.308589370296,1090.516546456016,53139.177972063815,2110.917153949279,53139.17797206382,1.0,1.4579774706940494,0.4533287504812614,0.02019613874533121,0.03559373975422352
LS,57,1000,1.0,19757.163198248236,38768.2248669376,27818.77397926913,39114.77882087875,2407.578909983978,53139.177972063815,3838.0717085047318,53139.17797206382,1.0,1.5490401425978266,0.30861410416752655,0.022936544797774575,0.034168808678292785
LS,58,1000,1.0,5208.123728496041,38364.666674329914,18049.290961956205,42191.04102617958,718.5279780340028,53139.17797206382,1847.5472721562905,53139.177972063815,1.0,1.6006534582380425,0.1418861576608328,0.026565698030304903,0.044067403765024195
LS,59,1000,1.0,13207.090835724694,38694.07398613663,26974.646052549353,38292.14149210567,1357.6664642218598,53139.177972063815,3737.7968251606508,53139.17797206382,1.0,1.453247390489707,0.21340965230022385,0.018037933319778765,0.039404621261445276
LS,60,1000,1.0,20195.832913273716,38504.397781006504,25679.855294619418,38624.900466325766,3068.4875653828412,53139.177972063815,3329.3806299926937,53139.177972063815,1.0,1.4731849260234495,0.5130435080350008,0.022028050894995595,0.015178384472721851
LS,61,1000,1.0,19226.197681213136,38477.51810693424,31741.053168670725,39044.843383546264,2559.6315983112354,53139.177972063815,3584.3531242390113,53139.177972063815,1.0,1.403293509345045,0.15247721009647533,0.02548180320163931,0.021313395526258303
LS,62,1000,1.0,3969.5939143849805,38560.94362256089,19939.87142562464,44499.73412979748,990.9254330948238,53139.177972063815,2725.6496562553293,53139.17797206382,1.0,1.5297521087343227,0.26858441418709217,0.018320938525581268,0.027855308463536274
LS,63,1000,1.0,2995.2584268577853,38690.12614318396,18082.194821116795,54965.50495752586,438.42003802787355,53139.17797206382,1791.8347855094212,53139.17797206382,1.0,1.5637956001465407,0.09243034458265237,0.03155259627404643,0.019950507147301705
LS,64,1000,1.0,1167.0026638706008,38364.23663869174,17139.88837943363,47998.37185971983,394.1568488815926,53139.17797206382,3490.665755026712,53139.177972063815,1.0,1.485650169458301,0.3197976119330434,0.020457371280703948,0.017316454461710654
LS,65,1000,1.0,4424.478430637885,38565.48209923155,29052.528380924232,51801.35360743932,497.0310261505748,53139.177972063815,3923.619005319909,53139.17797206382,1.0,1.427126437875623,0.6369083518976878,0.02024441913860754,0.05284672906786876
LS,66,1000,1.0,15107.957733075651,38320.80241544445,28928.45066701577,38694.12935153853,1585.9111933876532,53139.177972063815,3248.711223259119,53139.17797206382,1.0,1.5781715942092578,0.13604816308651363,0.01982266157229958,0.03000603100182604
LS,67,1000,1.0,10191.116432251223,37990.30146644806,32498.6948360877,41979.439126229896,732.3271039984793,53139.17797206382,3032.7644204376757,53139.177972063815,1.0,1.5153937952749352,0.9906959654937318,0.029045082696272623,0.042351468078436
LS,68,1000,1.0,5041.333718449124,38207.47516278222,30560.86214226499,46760.462741043695,683.7706267412652,53139.177972063815,3985.4595051007627,53139.17797206382,1.0,1.3514266242746293,0.24459749092071706,0.016030513063203893,0.041963037514491715
LS,69,1000,1.0,5483.716773740058,38185.3958156569,30665.964554190316,48597.24114712041,647.7492808022034,53139.177972063815,3088.2072849099886,53139.17797206382,1.0,1.5287018359484281,0.4620838683871429,0.026293539862302425,0.058216538077720266
LS,70,1000,1.0,3286.2514660939887,38199.08175513208,25930.53880310628,52012.494248689676,447.6544869093075,53139.17797206382,3325.3929343473906,53139.177972063815,1.0,1.5319070932886685,0.4939165042420491,0.02440481400629382,0.03950542869374616
LS,71,1000,1.0,6801.169058260943,38162.066349754066,19261.491528702063,46378.25839933705,922.6777672263631,53139.177972063815,1506.2999205679494,53139.17797206382,1.0,1.466318566132621,0.6015772862148036,0.028169920772520708,0.06582272510942906
LS,72,1000,1.0,3723.424353129315,38546.93099664721,24644.53662185165,57193.324620094136,399.894917997451,53139.17797206382,2939.774626967863,53139.17797206382,1.0,1.3761308283286748,0.2310414508564071,0.022027628274414193,0.028343784850487667
LS,73,1000,1.0,13291.464360351136,38150.91391217073,26710.867591956478,38962.15465355827,1989.37640916738,53139.17797206382,3616.4055759970206,53139.177972063815,1.0,1.499005377925713,0.3229978289100695,0.024461276662160004,0.026435832978037567
LS,74,1000,1.0,5915.584046268721,37753.536657594144,40552.210290437644,59918.990749337114,615.1678669345033,53139.177972063815,1766.4611261420157,53139.177972063815,1.0,1.6252573868540963,0.6033294552185352,0.02576157230638464,0.03955867358154147
LS,75,1000,1.0,2018.5819786332386,38516.39315831442,13394.044469748718,43977.54371799226,738.0610001914812,53139.177972063815,2253.660073968622,53139.177972063815,1.0,1.4827258571374373,0.17787555642002054,0.0190664408216549,0.014955915499591022
LS,76,1000,1.0,16674.18639389252,38257.82943450877,20395.95349010895,38694.38984821839,1976.1488600613175,53139.177972063815,2342.471739271461,53139.177972063815,1.0,1.5007998975509032,0.3851415051551436,0.019216012069860042,0.02766500476986549
LS,77,1000,1.0,9758.168260645605,38941.773758720636,31840.09505257074,40393.927041725976,1010.0213126367598,53139.17797206382,3452.1689808997307,53139.17797206382,1.0,1.4776828387615282,0.6364418280826906,0.022475841437685704,0.03401532527590901
LS,78,1000,1.0,15795.07739994225,38568.605780607715,31762.68921876452,38757.31110700771,1574.8576421742573,53139.177972063815,3317.658805600222,53139.17797206382,1.0,1.5423176749061076,0.5271742355928457,0.02671616253562528,0.03174503398873206
LS,79,1000,1.0,13266.02945933257,38482.761183833965,25433.099208694177,37986.659303241,1252.6849911103905,53139.177972063815,3219.327937070643,53139.17797206382,1.0,1.5250719864648608,0.9330774833111706,0.017552620961180772,0.03979167745329662
LS,80,1000,1.0,8743.633030836587,38236.76001290792,37189.694567905855,45835.93244708298,741.329715339938,53139.177972063815,3207.8640339565322,53139.177972063815,1.0,1.527567220288428,0.30122436540705294,0.025481370050157808,0.03504112512229054
LS,81,1000,1.0,6084.8072806457,38266.27802521369,11962.132835601307,40555.282377533105,1272.4356616984078,53139.177972063815,1521.999856031999,53139.177972063815,1.0,1.5006160863975024,0.16800001379705093,0.020780792513500814,0.017913184680076633
LS,82,1000,1.0,3096.231379748674,37902.053882503395,21697.768483468302,52415.185878640434,338.74369860667866,53139.17797206382,3033.1649088836334,53139.177972063815,1.0,1.4646230514306813,1.3515257709351145,0.025155528927568664,0.04650026967382569
LS,83,1000,1.0,11873.94841582017,38434.34789171375,28604.17149531045,38937.95311428943,1363.0026344459213,53139.17797206382,3254.2524967083637,53139.177972063815,1.0,1.4642271709572734,0.5839799596615841,0.02551150114400766,0.027190827820372184
LS,84,1000,1.0,6373.90730581317,38129.91371552157,26228.452926600115,47667.17080607342,888.908204964832,53139.17797206382,3572.661681610012,53139.177972063815,1.0,1.4268092753644606,0.1557196305933505,0.020879606723460977,0.04153512747816702
LS,85,1000,1.0,3368.617297892097,38063.434599901135,20056.189412174528,49090.43871351167,385.17053360607974,53139.177972063815,1724.1821876899353,53139.177972063815,1.0,1.567286582260428,0.6715502521185831,0.02720118375835765,0.036432576844549945
LS,86,1000,1.0,10315.518372205468,38163.57372776749,29412.239396514808,40121.30859843224,1531.1996500721607,53139.17797206382,4288.235738860145,53139.17797206382,1.0,1.4976309043434832,0.61969116287769,0.03045067135307806,0.027898363162345584
LS,87,1000,1.0,1430.231008163279,38382.11144375075,18122.142089180332,44104.45172994025,530.6459638170444,53139.17797206382,3750.0047830498033,53139.17797206382,1.0,1.583610660824045,0.3694981511098077,0.01564148355911977,0.02751292949378169
LS,88,1000,1.0,4394.192636584241,38429.8848909262,25546.948258048447,54555.17927185078,338.5816168086444,53139.17797206382,2575.3224952936407,53139.17797206382,1.0,1.5120843795393475,0.591391705213652,0.023637471767248015,0.05758415212690818
LS,89,1000,1.0,8412.917198658073,37993.36649759833,15109.320653553104,44584.12304161316,846.705257569358,53139.17797206382,1059.4649168639107,53139.177972063815,1.0,1.394550613999751,0.47101837914901434,0.026235276237636187,0.033802428284155285
LS,90,1000,1.0,7041.088944460123,38209.85917343026,19866.225244729627,40645.13410692282,1786.6736825966568,53139.17797206382,2958.620078936211,53139.17797206382,1.0,1.5753228313438707,0.30636659222436535,0.024254515687162553,0.014165356463840954
LS,91,1000,1.0,6339.256234439843,37854.359214903314,22491.680494589848,43680.6557431948,1044.7557893055719,53139.177972063815,2754.5492195980332,53139.177972063815,1.0,1.556647746799144,0.5647141432924587,0.025705682947622044,0.027150024839172757
LS,92,1000,1.0,2468.5922885425357,38454.72257289227,23582.666197497507,49431.47956622137,461.4202279167381,53139.177972063815,3418.4755136795457,53139.17797206382,1.0,1.459664194835277,0.31180384418357204,0.022754361423241852,0.020773052996770822
LS,93,1000,1.0,14976.674873385919,38227.615455209,25960.64570061356,38907.35353270369,1920.1187466299061,53139.177972063815,2685.7735497113104,53139.17797206382,1.0,1.6358853021473014,0.9187541653713204,0.02782446346187503,0.03333314973371923
LS,94,1000,1.0,3655.9148484195907,38049.771203135926,33715.3311774282,45607.05595568815,612.2758132567033,53139.177972063815,3448.944629292724,53139.17797206382,1.0,1.4981562592872615,0.1719088658331842,0.018860376183082533,0.02183695173262062
LS,95,1000,1.0,15076.925813728187,38512.87485198176,31785.437560332903,38878.89990237051,1679.201712012159,53139.177972063815,3583.788859614222,53139.177972063815,1.0,1.4951494266194068,0.09928052526691121,0.025696493865633958,0.031431851076642196
LS,96,1000,1.0,3036.14251289905,38692.994628490225,18473.108958672507,49240.106245364266,462.9375807769834,53139.177972063815,2859.873996708614,53139.177972063815,1.0,1.4681786978091749,0.08891479773755369,0.023613709884291987,0.025479117500103458
LS,97,1000,1.0,11013.261627300593,37942.52258942233,21396.400732608658,43037.524149572986,1249.8889044087548,53139.17797206382,2277.0664535493097,53139.177972063815,1.0,1.4794406918431604,0.8392414418535756,0.020894408412700727,0.04217763459214356
LS,98,1000,1.0,24991.56191146393,38032.706485628536,28774.545083509416,37859.30159477883,3108.62783138778,53139.177972063815,3633.41836402074,53139.177972063815,1.0,1.4683501894507223,0.277103665904344,0.016852330599530493,0.018115060562456327
LS,99,1000,1.0,13227.430790094571,38455.44397240878,21687.979530378594,39617.543866993576,1585.2329478075762,53139.177972063815,2662.907627415902,53139.17797206382,1.0,1.5462351721505765,0.4496587707090101,0.03006200307920709,0.042854032558091
LS,100,1000,1.0,5390.7559097187295,38396.20102040486,16549.51604358801,44016.598905712264,638.5911581712237,53139.177972063815,1099.2273623953834,53139.17797206382,1.0,1.4406339836165616,0.5976846620143625,0.01885679989494833,0.05062448222606184
LS-s,1,1000,1.0,5194.6286099568715,38169.26600206338,6313.843216235957,55104.327544739004,426.6755923043706,53139.17797206382,438.32293060512586,53139.17797206382,1.0,1.5049754468153405,0.4563453351306038,0.01968954946380817,0.041538066333269535
LS-s,2,1000,1.0,5571.087216729503,38348.33635993618,5620.305973592252,45714.28753900917,503.285617499558,53139.17797206383,506.40295477350327,53139.177972063815,1.0,1.5000112454070802,0.4856024474237727,0.025654188671166266,0.036838194138140753
LS-s,3,1000,1.0,16422.12143525709,38222.95278945107,17623.133032730664,38378.32645146038,2128.8142125247336,53139.177972063815,2305.452165634976,53139.177972063815,1.0,1.5102593348166173,0.33595784677808865,0.01817840764177479,0.03488337117909912
LS-s,4,1000,1.0,1872.41855341066,37999.24918115811,4373.669926270811,48584.12370289727,343.8389010257739,53139.17797206382,343.2656913551541,53139.17797206382,0.0,1.417268220547179,0.21515161431236912,0.02621130658500515,0.024033161511410973
LS-s,5,1000,1.0,7235.777623899762,38227.70853275359,6981.8772085014625,40779.957847932455,734.9225875113042,53139.17797206382,771.3334309202578,53139.177972063815,1.0,1.434156191710349,0.45651128586020273,0.02161554664155598,0.04133492811717158
LS-s,6,1000,1.0,20839.48336227628,38373.2658733981,21171.029714501936,38311.56037467242,2546.1523094214394,53139.177972063815,2708.6908857909107,53139.17797206382,1.0,1.507487074008974,0.16775599702000454,0.01984625493314123,0.030841641683111966
LS-s,7,1000,1.0,4954.938342144558,38537.11649529508,4963.621806415067,46179.76856325288,442.42207352436077,53139.17797206382,451.53583152674685,53139.177972063815,1.0,1.6245792936557966,1.3944158739271593,0.022363448301282503,0.03357815002201292
LS-s,8,1000,1.0,4941.981741025647,38032.608351287825,5238.015125075159,50210.37744804846,390.1599302974248,53139.17797206382,410.36974292602406,53139.17797206382,1.0,1.5999065421440806,0.46715612430561565,0.02244457463103465,0.047700581575057174
LS-s,9,1000,1.0,1375.5113923331787,38330.2924700137,3862.205256596195,45225.79083899343,366.7147855314975,53139.177972063815,360.8051239277088,53139.17797206382,0.0,1.5497123456999524,0.10638876662712016,0.02723980186278318,0.02317374651775621
LS-s,10,1000,1.0,8012.714762951951,38615.412109758225,8055.773105409449,39809.06419012451,850.8854407453994,53139.177972063815,884.2159639560987,53139.177972063815,1.0,1.486178562580221,0.2678959059780674,0.02038159073859953,0.03418960985860747
LS-s,11,1000,1.0,3342.392947795993,38356.93896875282,4424.616773198899,43377.23143241331,487.3880084164231,53139.17797206382,494.76588931165657,53139.17797206382,1.0,1.398712478811882,0.1315665494035135,0.02714691343911789,0.03042125952918559
LS-s,12,1000,1.0,13711.294394180097,38286.65481389096,18814.473114717246,39812.37173926844,2020.5465589746232,53139.177972063815,2151.7229409812026,53139.177972063815,1.0,1.424869151800165,0.6161376821221666,0.029795329724220256,0.03510087067454863
LS-s,13,1000,1.0,18527.06663290071,39076.74448544768,21134.979090674522,38694.82495620247,2542.882321728891,53139.177972063815,2722.144270494512,53139.177972063815,1.0,1.5796976457844416,0.18420270595898455,0.02570881991510303,0.029310282137216676
LS-s,14,1000,1.0,2522.479613629205,38214.24386454368,5800.827373448796,50297.22862235079,429.05490253412904,53139.17797206382,428.0652787830919,53139.177972063815,0.0,1.6574716400275948,0.27690825103237116,0.02051037628734532,0.03202435186729934
LS-s,15,1000,1.0,4294.332340814946,38411.488010801535,5080.561753175401,50369.70079861312,378.9966904769525,53139.17797206382,387.7493394090956,53139.177972063815,1.0,1.5098094911588427,0.28678007339521766,0.02309225804561682,0.03846505458403159
LS-s,16,1000,1.0,21403.378692735125,38444.78274527825,24452.71775433701,39322.485768716186,3033.9199709331524,53139.17797206382,3247.200501408408,53139.17797206382,1.0,1.4877256169687758,0.35687163439391867,0.028435254121008037,0.031220124660352306
LS-s,17,1000,1.0,12389.776758125321,38558.531222754034,11547.650898695287,38374.560596450414,1305.7942936995885,53139.177972063815,1408.4510541532572,53139.17797206382,1.0,1.4809666662617673,0.2664421746777274,0.022176452311106317,0.03937368024510017
LS-s,18,1000,1.0,6781.241275948147,38121.44420073716,7210.895288400246,43826.837397224204,638.6297385854648,53139.177972063815,674.2109368293204,53139.177972063815,1.0,1.4762328274518792,1.0549312427245943,0.020106075087821487,0.0506846112276302
LS-s,19,1000,1.0,20005.77727476673,38016.43860944756,21771.042539900387,38669.74426282419,2556.0893127055188,53139.177972063815,2664.212363967772,53139.17797206382,1.0,1.6050705855380976,0.15582226196716423,0.023820899131504984,0.026917040187015476
LS-s,20,1000,1.0,3909.5274482297527,38286.90788639574,5255.868209259029,50578.314898602766,405.20740967585294,53139.177972063815,403.74143184175347,53139.177972063815,0.0,1.5353663073307595,0.2948782671846701,0.020096081832191068,0.04386868419239155
LS-s,21,1000,1.0,21044.936312609185,38418.97532462838,25178.775390438368,39135.628704441726,2919.0998172629115,53139.17797206382,3155.0376586234615,53139.17797206382,1.0,1.6262959327668005,0.6648078218549945,0.01769303360323942,0.0324580521404654
LS-s,22,1000,1.0,18735.89075680761,38653.82231392683,23140.58570139306,38691.4374037512,2596.000870116599,53139.17797206382,2737.508384197763,53139.177972063815,1.0,1.5375223570226777,0.2746364180617074,0.024274381495066093,0.02560643057790908
LS-s,23,1000,1.0,18496.34687594229,38259.07160805645,22052.359336315276,38846.19829854308,2525.046623937447,53139.17797206382,2677.621537805978,53139.177972063815,1.0,1.5310182861213466,0.18079316074062324,0.030312870518994544,0.02566538870110332
LS-s,24,1000,1.0,13332.351871169523,38112.567549229134,15709.134959178971,39068.15844030269,1705.451298613629,53139.177972063815,1884.8608379264804,53139.17797206383,1.0,1.5780094485427896,0.2385712017990674,0.020657837778936414,0.02911780732696991
LS-s,25,1000,1.0,4639.300978591302,38670.83775587415,5089.117989934242,43753.237866276344,510.82360500702566,53139.17797206382,515.8453058244339,53139.177972063815,1.0,1.5343460783514344,0.23374322503700656,0.0211864886237969,0.03728114950824652
LS-s,26,1000,1.0,8855.322167343176,38407.59589872297,9971.235534019926,39523.16755266085,980.6749749610062,53139.177972063815,1046.3054653708832,53139.177972063815,1.0,1.3731374311978248,0.9796994030579808,0.028055183726690056,0.03625187203765853
LS-s,27,1000,1.0,7499.478083026492,38215.51532065077,8058.723783924365,42091.294400432394,740.8606422249698,53139.177972063815,782.2599469670185,53139.17797206383,1.0,1.3930458573365039,0.35822792180867713,0.028680144905399524,0.05081097071757697
LS-s,28,1000,1.0,15139.3373348718,37965.84614938716,17966.78458450155,39091.18718350564,2093.9037066127803,53139.177972063815,2262.007249281539,53139.17797206382,1.0,1.5299900394624981,0.2485464762042346,0.021737301767000568,0.03602084247226683
LS-s,29,1000,1.0,6502.803606043983,38215.55168767377,6547.805006870946,42552.151365160404,582.1167543223041,53139.17797206382,613.3760991814792,53139.177972063815,1.0,1.4130616818557655,0.25727211422417334,0.022684791462471432,0.04517111078631963
LS-s,30,1000,1.0,3106.1067444211103,38425.20717292682,4114.870433474396,43270.5826313616,432.3867475009737,53139.17797206382,433.43049866722885,53139.177972063815,1.0,1.5489520408900417,0.18435816872996924,0.025884316478018726,0.028155004949253885
LS-s,31,1000,1.0,7931.953639502582,38796.32113160656,10393.642832782443,43131.529054374485,910.2289553365451,53139.17797206382,964.7258376229399,53139.17797206382,1.0,1.5341876902861316,0.4313879845914419,0.01753926236805353,0.05287096504171748
LS-s,32,1000,1.0,3038.0340580980346,38075.160339431386,3768.6974131742627,47584.60379163441,320.1849834818644,53139.177972063815,321.5386586727418,53139.177972063815,1.0,1.5443985601232606,0.26100578174048805,0.021544928301472473,0.03864089394386372
LS-s,33,1000,1.0,7214.263430268778,38448.91777283624,7605.713410319462,41886.76899486787,668.7126226393059,53139.17797206382,706.0309468200751,53139.177972063815,1.0,1.5639553739315006,0.396250861070621,0.02268909672968855,0.0461249788886018
LS-s,34,1000,1.0,21470.305960857662,38240.133334154016,23763.312612690243,38500.510949168645,2841.7359774758115,53139.17797206382,3023.6856342831834,53139.177972063815,1.0,1.343999483453386,0.302172171558283,0.021310687706670974,0.02970699025309414
LS-s,35,1000,1.0,11655.838433668257,38300.258489600594,13527.190718976311,39165.688495239316,1383.3057768998965,53139.17797206382,1468.3462607932204,53139.177972063815,1.0,1.5432169497338568,0.29776012597362056,0.02305891020024682,0.03890422246437416
LS-s,36,1000,1.0,1701.873838944624,38697.552478090984,4892.044793189132,50592.79476162194,390.5711886481793,53139.177972063815,389.47746944946635,53139.177972063815,0.0,1.5545923074938355,0.1752418294004546,0.026127900389922593,0.025185406660734964
LS-s,37,1000,1.0,6363.167148716611,38248.45054451666,6090.9839214422,43487.50441635547,559.0774179183431,53139.177972063815,577.8909173981749,53139.177972063815,1.0,1.524386095417285,0.4372883577463858,0.020818128296419203,0.05275505699426658
LS-s,38,1000,1.0,8437.594857259654,38187.974325217794,7117.69659452682,40758.94938087541,774.4626020145704,53139.17797206382,796.1622875013614,53139.177972063815,1.0,1.5226318320061656,0.28571080469780746,0.0303475938284951,0.044094224141875485
LS-s,39,1000,1.0,14514.504164210608,38478.96618557168,19367.02053843944,39573.01580817255,1997.6483759515763,53139.17797206382,2130.6733635092282,53139.177972063815,1.0,1.5037181199430798,0.459146790222809,0.017544545554167044,0.03472537224762549
LS-s,40,1000,1.0,5300.305797539633,38472.44751335119,5308.521361172001,45302.871584469955,449.9097198678694,53139.177972063815,468.9256708097604,53139.177972063815,1.0,1.3773639080487219,0.6942579888326579,0.022285794773954627,0.0357332717854735
LS-s,41,1000,1.0,4523.608322600974,38104.56271087524,7005.655671689468,59665.7423546318,386.28098002706196,53139.177972063815,424.7510719148008,53139.17797206382,1.0,1.446577120326036,0.8421455894678677,0.022038382805370356,0.05322707423992758
LS-s,42,1000,1.0,13697.335435865725,38157.673625720665,18272.216941329614,39649.945152240936,1995.1263071247522,53139.17797206382,2157.6824662753434,53139.177972063815,1.0,1.5597736149658779,0.3906107302773247,0.02359262468269216,0.041379363978847596
LS-s,43,1000,1.0,3854.045922730585,38159.26696506961,5153.770518918765,45227.21276968929,472.17663921172,53139.177972063815,471.25881999079775,53139.177972063815,0.0,1.4298725910506718,0.17418727989815602,0.02486277528130979,0.029410483036743044
LS-s,44,1000,1.0,2494.2583698448134,38214.49622934058,5249.958817616602,58863.718845017596,279.6297657708368,53139.177972063815,285.9812157397372,53139.177972063815,1.0,1.46666512493905,0.5582164656041864,0.025695797805511695,0.04378368599220041
LS-s,45,1000,1.0,5535.035539072691,38040.08173074016,5142.16106355302,43227.158235017196,505.0635108665108,53139.177972063815,514.3580548746271,53139.177972063815,1.0,1.5553754676283802,0.27059580910989617,0.017410641319377057,0.04800150349490148
LS-s,46,1000,1.0,19481.257340970107,38242.045541408675,21676.71138908059,38234.22603268306,2506.8102891527687,53139.177972063815,2716.4700530291784,53139.17797206382,1.0,1.5147833100718584,0.22954614845800064,0.01738274784503837,0.026027201622544772
LS-s,47,1000,1.0,18096.573304307145,38019.9285117111,22630.98594010442,38848.051508739874,2492.9070199031726,53139.177972063815,2708.6279261674845,53139.17797206382,1.0,1.5035433565295029,0.33165760036854236,0.020052172323040813,0.032497705876488356
LS-s,48,1000,1.0,3188.0818839919566,38379.02113001092,5367.957193869883,55930.20123102891,321.87861845352285,53139.17797206382,334.3685359417741,53139.177972063815,1.0,1.6713058405443746,0.4907812954694913,0.017543177163018765,0.04125956204415314
LS-s,49,1000,1.0,2842.8481531333728,38622.92520640067,5630.843385579425,43192.93790585682,591.0972755782393,53139.17797206382,594.5952940592545,53139.177972063815,1.0,1.5741622166983071,0.08496816600648305,0.022851484171929483,0.022519056715808835
LS-s,50,1000,1.0,3610.7261438618257,38150.70372929652,6678.267474463279,68213.86267846863,322.7110979256236,53139.17797206382,332.95160407328825,53139.177972063815,1.0,1.5749658639801023,0.5203562788297937,0.02072783156246623,0.05453162173030616
LS-s,51,1000,1.0,3409.1435851641436,38009.73784349892,5293.491827093957,43188.293288934736,547.0085439708129,53139.17797206382,545.8291400054475,53139.177972063815,0.0,1.5588300586457036,0.09183914566839732,0.026308161821793977,0.030084056004369624
LS-s,52,1000,1.0,4692.904490989569,38219.086343102696,5295.819321739782,48271.68724689644,417.619697372116,53139.17797206382,432.1412969648832,53139.177972063815,1.0,1.4800903794781912,0.3141045564919547,0.019397306267402877,0.028237337172589045
LS-s,53,1000,1.0,6627.31764133168,38400.20614958775,5557.126911663963,43128.381498452094,550.0165811805866,53139.177972063815,572.0952936028079,53139.17797206382,1.0,1.4943812313439373,0.3064795529739295,0.02672077066381066,0.042320621282955224
LS-s,54,1000,1.0,1466.242830117385,38441.048948756485,4244.434994389088,50887.341567682335,336.4990640114592,53139.177972063815,341.561918391379,53139.177972063815,1.0,1.5071419160971633,0.4964700486152755,0.02634534949954377,0.027504290723559904
LS-s,55,1000,1.0,10303.261515873382,38672.9084918235,13506.598113457792,41320.75460977883,1373.2177081585812,53139.177972063815,1495.180442179507,53139.17797206382,1.0,1.54230609524984,0.49148682694614887,0.020457129972525436,0.052305903290597415
LS-s,56,1000,1.0,17401.07111475653,38058.29137483747,21356.372895205026,39029.740318894204,2412.4294678371234,53139.177972063815,2557.42990469506,53139.177972063815,1.0,1.4919904363347827,0.3528704015083151,0.025943698538570304,0.03151530949373893
LS-s,57,1000,1.0,15038.369786342031,38360.41875512981,15903.971833043592,38185.17256840342,1828.333982391137,53139.177972063815,1889.615777810971,53139.177972063815,1.0,1.5630444679752136,0.14901496191007862,0.02184771622294003,0.03701472628131234
LS-s,58,1000,1.0,5973.933438833112,38493.251726368326,5598.564480401613,44091.58784630769,516.4552343942662,53139.177972063815,531.4826522333333,53139.17797206382,1.0,1.5353420355373426,0.34273854091086453,0.01988126110784416,0.04497303491567978
LS-s,59,1000,1.0,21460.80211913743,38335.65071624498,25872.40337928771,38673.191888915346,2943.7004213193795,53139.177972063815,3126.0095911062326,53139.17797206382,1.0,1.5013008418351104,0.30521205486993835,0.02704144031841952,0.03475035160896219
LS-s,60,1000,1.0,6031.2510085393105,38297.513840260624,5539.905275439024,42339.91941209501,594.3183973879886,53139.177972063815,606.5894818181873,53139.177972063815,1.0,1.529913288439696,0.24709735727074253,0.02435751579806558,0.0267232282450337
LS-s,61,1000,1.0,10481.867382425497,38226.646014236816,13694.957023623676,41007.12383551324,1329.9087573356792,53139.177972063815,1445.3935138450606,53139.17797206382,1.0,1.4590188250916785,0.34448236714012787,0.028448364286233662,0.050201195102450115
LS-s,62,1000,1.0,2809.1509267472647,38493.957229285545,4692.897883271473,50506.440159480095,357.0568158812357,53139.177972063815,357.87252292915025,53139.177972063815,1.0,1.469475580725605,0.30017206689108444,0.024021089334367803,0.039774022226096065
LS-s,63,1000,1.0,1388.7814200537623,38304.399297028256,4300.039445022485,49489.58459688282,359.9604907602558,53139.17797206382,351.1228441843117,53139.17797206382,0.0,1.621735424401405,0.28173518210931764,0.025170940259321702,0.026014450544552672
LS-s,64,1000,1.0,15201.830058807362,38131.46255009215,17563.04516869736,38341.168265723565,1966.6760370000277,53139.17797206382,2087.915210961437,53139.17797206382,1.0,1.4861194762374716,0.24379564812186424,0.0198954255636151,0.037056078147481866
LS-s,65,1000,1.0,11989.102013603853,38423.05151515592,14019.298825147998,39234.03750691257,1488.2277614276443,53139.177972063815,1593.5567825212793,53139.17797206382,1.0,1.464325543889849,0.43875151106278815,0.017726208495859704,0.03121738768375365
LS-s,66,1000,1.0,14857.307405873544,38040.348112183325,16501.535830087465,38679.7632172766,1780.6251332372372,53139.177972063815,1878.4077175374491,53139.177972063815,1.0,1.464853782066069,0.20114249436810241,0.020072811792440626,0.037702008834865165
LS-s,67,1000,1.0,3258.5656756417548,38435.3854454719,6200.177662452412,45320.141145917456,559.9878941160614,53139.177972063815,552.7411837103455,53139.17797206382,0.0,1.4584219671990997,0.16639048456895955,0.016274307645311077,0.03173227093325642
LS-s,68,1000,1.0,10148.918554562424,38299.13931613964,15908.626158074818,40537.41510715321,1529.1578467937986,53139.17797206382,1644.5841110990582,53139.177972063815,1.0,1.4892671389321122,0.6372728873240896,0.0260916085986974,0.03821978804384739
LS-s,69,1000,1.0,5454.3616300631165,39051.997037287736,5080.563096578457,43086.85306971632,490.93383392872914,53139.177972063815,495.42442638976456,53139.177972063815,1.0,1.632422336793652,0.2773682804658744,0.017927103028317303,0.04583719925580283
LS-s,70,1000,1.0,5361.247914231548,38635.7448760066,5339.416382208988,47641.52323284872,427.7350069977397,53139.17797206382,448.35037147026117,53139.177972063815,1.0,1.5807937356101203,0.9682898512082463,0.023087081950210593,0.04695936617413132
LS-s,71,1000,1.0,12462.586085179008,38197.386062811696,14126.15163527729,39197.25434700152,1593.0180399245776,53139.17797206382,1673.7380432751563,53139.177972063815,1.0,1.4971787607547302,0.47529775472604374,0.025331124709032593,0.038808074826902884
LS-s,72,1000,1.0,2679.583221290529,38390.63327699021,4907.737884963054,56163.628602243,298.48876966328555,53139.177972063815,301.1253968406462,53139.17797206382,1.0,1.479970391028082,0.385914572879529,0.021697023234060326,0.035527514106264375
LS-s,73,1000,1.0,3275.3896820701393,38109.28956377845,5576.553428049625,58538.29735233913,299.90314097843947,53139.177972063815,310.0403299997479,53139.17797206382,1.0,1.518053594121884,0.45062177495088784,0.020649670868272962,0.03677204817138672
LS-s,74,1000,1.0,4634.397624423227,38368.718897058076,4322.268122254745,42437.002672376286,464.7424646309397,53139.177972063815,461.53170318785646,53139.17797206382,0.0,1.5729372296808306,0.18188097810311313,0.020258191746112385,0.04132485067928586
LS-s,75,1000,1.0,5502.049512270623,38500.09584827622,5382.793947759501,44551.86483816382,488.0450322473828,53139.17797206382,505.4531078194318,53139.177972063815,1.0,1.4660979028369399,0.46439580780116235,0.02917155164708952,0.052579032760969494
LS-s,76,1000,1.0,8328.590586830127,38159.55860157167,13033.13837878333,43312.8289845495,1187.6856837201524,53139.177972063815,1298.3677674289588,53139.17797206382,1.0,1.5010880648248566,0.7786263656486637,0.021426691644766,0.05318284792155798
LS-s,77,1000,1.0,17032.353937788415,38449.08451798186,22122.30320680889,39293.35580601092,2422.3566464932856,53139.17797206382,2650.194305234714,53139.177972063815,1.0,1.5574525535801305,2.0862572471777963,0.02268490449576923,0.03610898197324663
LS-s,78,1000,1.0,9236.305475872836,38626.82913953594,8603.636370404782,39602.83379625782,877.4471205257576,53139.17797206382,927.0779851019884,53139.177972063815,1.0,1.5474467368276563,0.2422350251631745,0.0246198318926546,0.045667899735863396
LS-s,79,1000,1.0,2815.8695199963513,38656.13045237134,4434.867188918705,50057.33872618865,338.50952839450747,53139.177972063815,345.18519911811813,53139.177972063815,1.0,1.5435414690093676,0.2693759528452434,0.023080756662089853,0.036078482681320606
LS-s,80,1000,1.0,14657.193314291566,38143.73930840092,17054.767972932714,38524.84526307277,1936.0186476291437,53139.177972063815,2076.6938530602138,53139.17797206382,1.0,1.613191472436085,0.17948186537091623,0.024522431034419197,0.032187218035904595
LS-s,81,1000,1.0,2652.453141696533,38189.13152590643,4316.57921107026,50789.92837463827,295.25720459633897,53139.177972063815,301.96374167167414,53139.177972063815,1.0,1.4780535383701363,0.2239927421696327,0.026913461478839586,0.042599371901832515
LS-s,82,1000,1.0,3312.3001160254885,38475.809758940144,4045.975814062347,51303.15917378612,334.68580006347906,53139.177972063815,332.8888528213572,53139.17797206383,0.0,1.3780898150740786,0.4277902111039452,0.02853126588401598,0.04438804886363674
LS-s,83,1000,1.0,5561.812848676524,38818.12094787249,5393.465386666773,41493.64062637954,568.8284774315941,53139.177972063815,576.2366669169706,53139.17797206382,1.0,1.501676008468201,0.2519077169428693,0.021184639759089515,0.03852513055842011
LS-s,84,1000,1.0,2275.00873566726,38848.516317547495,4066.911151391251,48661.62969022183,344.34653224391406,53139.17797206382,339.5073140533903,53139.177972063815,0.0,1.6044174770521058,0.22097974054199793,0.021158539783094645,0.03192255653748013
LS-s,85,1000,1.0,11232.35634179573,38725.39109501851,16489.9141317987,40858.98254296985,1635.2708920126533,53139.17797206382,1774.6768929622262,53139.177972063815,1.0,1.4190607578568668,0.38488259206804754,0.023005574867029133,0.04234537824907592
LS-s,86,1000,1.0,16933.65427409492,38436.49200286811,20339.831844922854,38765.6210563987,2364.6650904160615,53139.177972063815,2505.0634992682494,53139.17797206382,1.0,1.5020937980721683,0.5966661186632136,0.02067547849181809,0.03324714057905508
LS-s,87,1000,1.0,6891.889632896382,38459.94324321108,8929.484512348485,43236.705888422526,727.1322845971234,53139.177972063815,792.0447937885713,53139.177972063815,1.0,1.5562872975539819,0.4963788250671662,0.02112918040130846,0.0415249966288591
LS-s,88,1000,1.0,2055.716662369343,38411.43141675503,5424.611342396569,44276.23477456713,533.4855362710592,53139.17797206382,532.2696682512876,53139.17797206382,0.0,1.4940065874853412,0.07911034400509069,0.02325679172827765,0.015985751631634727
LS-s,89,1000,1.0,7305.11241769572,38539.68248720374,7429.782026290373,41240.08989486173,739.3073195061718,53139.177972063815,754.8254299237396,53139.17797206382,1.0,1.4198605126614836,0.33926997936059056,0.021084849008557435,0.05458526207837988
LS-s,90,1000,1.0,5664.40404628089,38375.8622436718,5177.7088842923295,46087.110838127155,501.60872973058326,53139.177972063815,522.4148969976761,53139.177972063815,1.0,1.4324981011819626,0.33880489739860525,0.03265798215000571,0.04721807540628791
LS-s,91,1000,1.0,2982.7529253257685,38422.47053575514,5183.899211019111,50357.58771601951,366.653781991384,53139.177972063815,374.1201774570592,53139.177972063815,1.0,1.4903136916771733,0.2851170714086657,0.018511750400652272,0.03725610951818952
LS-s,92,1000,1.0,11818.041400925145,38134.11607461238,16392.0464395139,40128.183234718774,1555.7024793506635,53139.17797206382,1742.5590304936,53139.17797206382,1.0,1.5499176124457552,0.49132490744738627,0.025080789023156167,0.043652524099718294
LS-s,93,1000,1.0,1951.9991337930535,38282.01271424021,5089.167094290948,44165.02953640613,536.9080854363461,53139.177972063815,527.686798174962,53139.177972063815,0.0,1.416192948409123,0.08595106119092438,0.02572769551684207,0.02084774861369259
LS-s,94,1000,1.0,4323.427585086425,37995.047620596844,6990.453951271927,42632.47956461941,727.4668807627991,53139.177972063815,723.8659945579013,53139.17797206382,0.0,1.4532847082158014,0.09028286214925432,0.0194040375293962,0.023663521156205302
LS-s,95,1000,1.0,19111.243537103295,38298.536258276654,23444.636479293462,38587.08423506972,2597.4287991503506,53139.177972063815,2780.913246299935,53139.177972063815,1.0,1.54026023187416,0.21660744397432571,0.02286343206744015,0.030675223771667374
LS-s,96,1000,1.0,3799.396707271422,38041.42359697939,4568.4283775982185,45450.685684259886,404.78706377321305,53139.17797206382,410.2750808570472,53139.177972063815,1.0,1.4369543577356843,0.2986279945388169,0.019678153299218227,0.02834931724894144
LS-s,97,1000,1.0,14114.772806684174,38144.93355336234,15287.008639071893,38312.7444616139,1644.4528434853173,53139.17797206382,1746.147008410132,53139.177972063815,1.0,1.5242001844775672,0.1959266609495863,0.024383176201765798,0.030061119050605732
LS-s,98,1000,1.0,4321.654543928502,38188.424427805,5735.162289216322,42090.05610330881,624.7491824421752,53139.177972063815,632.0951351855042,53139.177972063815,1.0,1.5431150386513839,0.19750602795139968,0.021374828519313424,0.019708214197538723
LS-s,99,1000,1.0,2816.6900739323773,38763.57016662865,4439.58599124329,48700.69315002933,343.0899570746725,53139.177972063815,340.5962396567481,53139.17797206382,0.0,1.577283010153485,0.23565708323595352,0.022235615543367275,0.03169032147502046
LS-s,100,1000,1.0,4987.477552545849,38658.11265162288,5729.078051047021,50899.07999253487,405.04702971111294,53139.17797206382,414.5388692996811,53139.177972063815,1.0,1.5024780281160532,0.3912583305457006,0.026430910708837848,0.05899691598876714
MN-U,1,1000,1.0,17934.416825996334,38169.26600206338,24055.51883802392,41852.27957244303,2409.172462661537,53139.17797206382,2529.799157697371,53139.17797206383,1.0,1.5049754468153405,0.09568221132351179,0.01968954946380817,0.034565175528642245
MN-U,2,1000,1.0,11186.4447683353,38348.33635993618,16127.683409479556,41336.49837191605,1390.6487716487345,53139.17797206383,1468.9328992659628,53139.17797206382,1.0,1.5000112454070802,0.08903508797463869,0.025654188671166266,0.02525558829645549
MN-U,3,1000,1.0,9332.07350873841,38284.40767916071,14414.781818200758,40261.19023994164,1145.2893703262412,53139.177972063815,1250.0596038314288,53139.177972063815,1.0,1.499569999065726,0.06807084545788164,0.01715620661813342,0.03285993540502024
MN-U,4,1000,1.0,26349.836695169834,38129.73473907555,29528.670334544484,40225.35526520823,3145.2415809833647,53139.177972063815,3283.694202308772,53139.177972063815,1.0,1.3937102908813732,0.06256975522248136,0.026646678759818947,0.02945430159541843
MN-U,5,1000,1.0,10686.558296481791,38227.70853275359,15569.636333645078,40760.36025324008,1399.7407092577305,53139.17797206382,1445.6726656446197,53139.17797206382,1.0,1.434156191710349,0.0751670125562463,0.02161554664155598,0.028930031151217374
MN-U,6,1000,1.0,22885.320265282346,38373.2658733981,27243.376256044867,40959.33198589114,2891.219219669495,53139.177972063815,3061.2126892042725,53139.177972063815,1.0,1.507487074008974,0.053697465998266344,0.01984625493314123,0.025295083468378603
MN-U,7,1000,1.0,8347.10003709668,38537.11649529508,12297.998288290055,41013.667819346534,978.6685621108586,53139.17797206382,1032.1073251425612,53139.17797206382,1.0,1.6245792936557966,0.1393108891633716,0.022363448301282503,0.03665339357628429
MN-U,8,1000,1.0,10033.318467522506,38000.4529229241,14398.233778815931,40166.889089430275,1322.238180109018,53139.17797206382,1382.1046475180738,53139.177972063815,1.0,1.610088774213121,0.05042504465846645,0.023022458988380887,0.027038374314853904
MN-U,9,1000,1.0,21657.865134974356,38330.2924700137,24550.993246050264,39378.71661714336,2897.8167606890997,53139.177972063815,2981.727176664266,53139.17797206382,1.0,1.5497123456999524,0.08623976625085567,0.02723980186278318,0.027038748137629093
MN-U,10,1000,1.0,17692.157417051174,38615.412109758225,22702.387097106202,40222.40640267971,2446.675651276293,53139.177972063815,2634.5331959613413,53139.177972063815,1.0,1.486178562580221,0.10303604122374747,0.02038159073859953,0.03234407105826566
MN-U,11,1000,1.0,19370.951586596646,38767.69482257846,21092.008824656274,39765.22336547098,2604.778684585003,53139.177972063815,2661.4108639193005,53139.17797206382,1.0,1.4148858409606069,0.07905921925609637,0.025068829615145546,0.031885091614210534
MN-U,12,1000,1.0,14463.054623544409,38335.75370471272,21741.551066911317,39346.601055115156,2120.9822342830103,53139.177972063815,2335.141317867922,53139.17797206382,1.0,1.4499401443241167,0.16751767478300714,0.02719090826136433,0.034817764388748076
MN-U,13,1000,1.0,7706.950492107337,38819.579256869096,13762.636035523185,39583.006215515474,890.4353954243386,53139.17797206382,992.051085535368,53139.17797206382,1.0,1.5943825615589151,0.15777781047431869,0.018456675582149955,0.04239571568123056
MN-U,14,1000,1.0,7755.092164891987,38214.24386454368,12262.283679042706,38702.696731373886,886.7042456500302,53139.17797206382,958.8695209479341,53139.177972063815,1.0,1.6574716400275948,0.18776953265457486,0.02051037628734532,0.040494735366686595
MN-U,15,1000,1.0,21764.60628579034,38188.17350272104,27840.716737739785,42015.80197923648,2808.8452423206236,53139.177972063815,2885.298929948363,53139.17797206382,1.0,1.5088925448487644,0.05034122850248292,0.024384534013278766,0.027299836066247245
MN-U,16,1000,1.0,9096.79091956677,38386.129041043634,13932.43705965197,39451.70627821321,1174.610367442868,53139.17797206382,1247.0006404452338,53139.177972063815,1.0,1.5155282115579376,0.10027210273358335,0.024425477967513376,0.03175923990238362
MN-U,17,1000,1.0,7726.833414078408,38558.531222754034,12081.29269539404,40715.13562381424,846.3001368015957,53139.177972063815,910.7272860138851,53139.177972063815,1.0,1.4809666662617673,0.0579172396662035,0.022176452311106317,0.022618047024531605
MN-U,18,1000,1.0,11548.308989095667,38121.44420073716,17946.810058563657,40647.44022280572,1624.9592498354077,53139.177972063815,1742.542939380947,53139.177972063815,1.0,1.4762328274518792,0.15511802956356877,0.020106075087821487,0.03414809402600827
MN-U,19,1000,1.0,10498.836065617057,38016.43860944756,16514.95737652965,39096.52276869976,1442.0925843504779,53139.177972063815,1590.374965742113,53139.17797206382,1.0,1.6050705855380976,0.10637603010459899,0.023820899131504984,0.037334912327689505
MN-U,20,1000,1.0,7345.85682654119,38017.41270798372,11272.642082840126,40146.49659932533,792.8444999095465,53139.177972063815,863.134279266626,53139.17797206382,1.0,1.5698291904649193,0.09533259002151448,0.01872254139019722,0.03154259653255411
MN-U,21,1000,1.0,12475.528484650451,38418.97532462838,18899.434310987053,40415.02603393767,1741.2126827188438,53139.17797206382,1849.1666943711257,53139.177972063815,1.0,1.6262959327668005,0.15941284043469411,0.01769303360323942,0.03924109986059378
MN-U,22,1000,1.0,6856.855250069232,38490.52286587549,12746.578334311494,38566.668013807575,849.8370885915131,53139.17797206383,926.2391016963983,53139.17797206382,1.0,1.5326297499943902,0.11869588542373183,0.022387780146292533,0.035720740247254947
MN-U,23,1000,1.0,7081.425685371871,38259.07160805645,12315.140706407401,39690.83896934179,780.4798607056118,53139.17797206382,868.150687440652,53139.17797206382,1.0,1.5310182861213466,0.14082464157749486,0.030312870518994544,0.030777492584564817
MN-U,24,1000,1.0,17426.556922413467,38233.07471893614,22022.952419731395,39340.59490741977,2325.88461738168,53139.177972063815,2491.558922177056,53139.177972063815,1.0,1.4807763567783594,0.12003450500242283,0.0176759458902982,0.024521245095197725
MN-U,25,1000,1.0,10023.011097813693,38670.83775587415,14851.28747013503,41327.80799684915,1355.8811739231746,53139.17797206382,1435.7872941639655,53139.17797206382,1.0,1.5343460783514344,0.05235073064889174,0.0211864886237969,0.026373159692527307
MN-U,26,1000,1.0,11427.38560125428,38309.116097032434,15860.484631330932,39157.007584698724,1556.4889428673962,53139.177972063815,1644.8552476758396,53139.177972063815,1.0,1.4832252884283017,0.14863706145560404,0.025139417850844056,0.03660904508280827
MN-U,27,1000,1.0,14440.684838896861,38388.17949204329,19512.906031405044,41515.49203781002,1931.1719510154076,53139.177972063815,2016.817457733294,53139.177972063815,1.0,1.5644155958971788,0.08858357382156569,0.023997459098080688,0.0317933366443175
MN-U,28,1000,1.0,24845.615678647013,38153.24931742836,28191.68435860238,39693.08526350419,3260.502645459882,53139.17797206382,3347.0859167838835,53139.177972063815,1.0,1.4029492974692708,0.09409198418249383,0.02004880289809121,0.0235008849137717
MN-U,29,1000,1.0,7294.031446708914,38236.59802707883,11433.378375177599,39044.12495184825,777.1707675381167,53139.177972063815,845.1007840642876,53139.177972063815,1.0,1.428939927785457,0.08692659962051269,0.01954997576298458,0.03708028170611933
MN-U,30,1000,1.0,7796.930625332021,38240.95539125036,11612.895003767124,38100.77449579532,905.8195025939874,53139.17797206382,975.2006492213346,53139.17797206382,1.0,1.487273563535642,0.26279670526056725,0.017680939337652087,0.04129441981160447
MN-U,31,1000,1.0,16548.19627841685,38544.6126946355,20686.823674269566,39916.486460905166,2189.2988389588336,53139.17797206382,2307.9042534731825,53139.177972063815,1.0,1.387186966012296,0.11648457090373816,0.0228574668445507,0.035261925590708044
MN-U,32,1000,1.0,7956.081690250098,37996.8208404691,12467.021042631202,39021.1580353375,976.5210704872329,53139.17797206383,1053.8933309034742,53139.177972063815,1.0,1.5108942045554592,0.11890370088186669,0.027824934346101764,0.035977669813214805
MN-U,33,1000,1.0,9663.866489034306,38870.70855201212,13110.884218161611,39335.83031285931,1171.5855312303966,53139.17797206382,1253.4352662821634,53139.177972063815,1.0,1.506502651747553,0.060905942827414475,0.024142930627436547,0.032288596565034196
MN-U,34,1000,1.0,7338.901661250899,38421.60878434293,10916.644244031115,39408.93514048469,781.4281051557945,53139.17797206382,825.3193922146125,53139.177972063815,1.0,1.4606072052474455,0.1198340055461319,0.019993641576034768,0.03599776078522369
MN-U,35,1000,1.0,7150.540215435265,38342.61357344876,13030.490089285871,40248.055064598346,778.1499039800922,53139.177972063815,858.0845970107797,53139.17797206382,1.0,1.5333300960718337,0.32624866003339775,0.02397641797507397,0.03429096908094804
MN-U,36,1000,1.0,9465.24387305148,38406.671254906265,13676.003821998604,39976.750109009154,1208.7991341565187,53139.177972063815,1280.9833954059122,53139.17797206382,1.0,1.491024808697496,0.24445684976354448,0.02595342226854641,0.0411431308939123
MN-U,37,1000,1.0,20755.22401730436,38260.46619126214,24067.873583473924,40230.583556901125,2589.150889377963,53139.177972063815,2734.431548264257,53139.177972063815,1.0,1.481895041013124,0.06141753870444543,0.023349010737721065,0.028425599279125555
MN-U,38,1000,1.0,19558.264441692943,38330.35145439913,24419.511077147632,41287.846032770714,2482.204426091017,53139.177972063815,2596.9318437505262,53139.17797206382,1.0,1.41329289148711,0.1005319670588934,0.025808122966226896,0.028561693251649332
MN-U,39,1000,1.0,10364.797171104019,38239.59579405495,16600.846149367004,39767.03685935603,1401.0758061213196,53139.177972063815,1532.1714913733117,53139.17797206382,1.0,1.4845076552187484,0.11707151285602617,0.02409429473086863,0.04278697061915846
MN-U,40,1000,1.0,9292.174360602483,38437.28673774151,15199.690915297615,39686.86660532154,1123.9631488115574,53139.17797206382,1251.2402280175675,53139.177972063815,1.0,1.4782004290655169,0.23577803186487256,0.022767562345205494,0.03704339788415966
MN-U,41,1000,1.0,18099.904711578336,38259.98139662101,22069.449222261883,39737.43875399354,2353.265326346424,53139.17797206382,2447.0885417023933,53139.177972063815,1.0,1.4277898605901225,0.07188918778051297,0.03198029853106753,0.028802554856445853
MN-U,42,1000,1.0,11269.351195119058,38029.01733649796,17493.19683622686,39819.63492198936,1457.0840813195541,53139.177972063815,1535.9954219685078,53139.177972063815,1.0,1.5779045506798224,0.12384556177422204,0.016748647364427716,0.031079376212838433
MN-U,43,1000,1.0,21441.27249330368,37900.59757169271,27698.599300590024,40130.24407174717,2886.392876670965,53139.177972063815,2990.857513872217,53139.17797206382,1.0,1.4315973458117615,0.09659309000219375,0.022311227795893125,0.02984533841510757
MN-U,44,1000,1.0,7062.5408051708455,37963.443768050885,10871.514610071365,39264.22265348129,738.6400818306071,53139.177972063815,798.4397663418765,53139.17797206382,1.0,1.4615873131489423,0.10227713551011494,0.023332646273191312,0.03905889913628637
MN-U,45,1000,1.0,9665.225453450992,38092.77896819279,15719.198494660894,40647.51772791038,1203.5636996525614,53139.177972063815,1304.0602797035094,53139.177972063815,1.0,1.584832180896844,0.0983726184148018,0.017835718554636778,0.032683257869262336
MN-U,46,1000,1.0,7374.872561079907,38505.776115367546,10704.821139713928,39252.32727085857,772.4497671083332,53139.177972063815,833.6402605968824,53139.17797206382,1.0,1.5055185151291357,0.12900356822293935,0.017765432922670223,0.030233534987756237
MN-U,47,1000,1.0,10616.47808071758,38183.388656419585,15603.847988509096,39401.1651298885,1331.256477400717,53139.177972063815,1395.90139294454,53139.17797206382,1.0,1.5008526333602812,0.10766283117719502,0.021349572372344753,0.03184397365550243
MN-U,48,1000,1.0,19577.528805917715,38696.20862764196,24357.10199866665,40008.06850645434,2701.5944272778474,53139.17797206382,2770.3965995982544,53139.177972063815,1.0,1.651690958323843,0.1636851414774076,0.021843866966132636,0.03357288788909977
MN-U,49,1000,1.0,10709.292963092623,38430.791742969486,17062.56313325375,39668.86705059553,1490.957905654956,53139.177972063815,1612.1605968594645,53139.17797206382,1.0,1.5501176538715185,0.14573000286154925,0.022877366035665706,0.03978370580810849
MN-U,50,1000,1.0,12433.10121678403,38144.51002045584,17180.427921095197,40410.951942378044,1511.3723438328448,53139.177972063815,1606.3232343754137,53139.177972063815,1.0,1.5646194305335166,0.07432049108271631,0.020940689767593782,0.02831633449457551
MN-U,51,1000,1.0,18000.67789773786,37995.57363153726,23864.885820394058,40194.52499683081,2360.2090845123666,53139.17797206382,2527.4563554553743,53139.177972063815,1.0,1.5815303868131392,0.11719743303218781,0.024172027476262615,0.032087922980645986
MN-U,52,1000,1.0,12039.951216086985,38450.96636963607,17758.679657259567,40416.559700818616,1531.4858761040814,53139.177972063815,1657.510666414152,53139.177972063815,1.0,1.4865174819075078,0.12485240582738891,0.019426270755926907,0.03234549031834912
MN-U,53,1000,1.0,14700.489023965929,38168.916802671214,21522.087341131435,40001.61342375974,2157.5344007260005,53139.177972063815,2288.748863511326,53139.17797206382,1.0,1.530055348209778,0.0936413434909771,0.01984864940044759,0.033122512953456223
MN-U,54,1000,1.0,16514.7411959084,38379.777610083016,22083.948481985426,39654.31284012488,2438.447914995356,53139.17797206382,2463.557425903251,53139.177972063815,1.0,1.4606079019711367,0.2909588422157308,0.02134562716423833,0.03648900477013418
MN-U,55,1000,1.0,14845.467326398415,38006.047763080795,18981.190445646185,39943.942628705045,1908.1952464838141,53139.17797206382,1992.5604530834603,53139.17797206382,1.0,1.5086633306694925,0.040833367070796225,0.026050139180894525,0.02745969495676345
MN-U,56,1000,1.0,8448.348253484788,37977.60719331652,11892.363780490208,39759.73620564157,1068.656264261795,53139.177972063815,1131.5187137500297,53139.177972063815,1.0,1.492609970605513,0.09362916484559182,0.019920287241828014,0.03210528226955709
MN-U,57,1000,1.0,14015.247729089913,38412.570361546546,20751.536386593765,39318.06591574509,1902.2994610456449,53139.177972063815,2029.3468471052634,53139.177972063815,1.0,1.4921474923903504,0.1054009541740733,0.025874162187101382,0.03723606906454009
MN-U,58,1000,1.0,6907.324698052895,38078.00676282478,10184.146001173245,39921.587314415185,706.9728708022287,53139.17797206382,753.0465872235561,53139.17797206382,1.0,1.4899802978067325,0.08671032535157179,0.021466656907099143,0.034203295178514
MN-U,59,1000,1.0,15633.433577714111,38262.58953148059,22346.79845139464,39604.72766780996,2125.8252507097504,53139.17797206382,2240.2059151556623,53139.17797206382,1.0,1.461315068831043,0.07106149938288368,0.01583737826525991,0.02775148900065705
MN-U,60,1000,1.0,9747.915815482622,38631.96224351443,16141.458117972354,41129.64790558064,1286.3627566431564,53139.17797206382,1377.6240222998867,53139.17797206382,1.0,1.489796512916729,0.1138704867104315,0.026263888034967146,0.035094589230837754
MN-U,61,1000,1.0,15040.214524341376,38567.13772203251,18763.707264998848,39529.24296294315,1920.2550910426992,53139.17797206382,2039.9586665769489,53139.177972063815,1.0,1.495351451728626,0.05748845443360769,0.021393196864491978,0.030621405763017962
MN-U,62,1000,1.0,14390.909993274014,38287.24346929167,22063.17828018975,39671.25331053493,2012.4128915956649,53139.17797206382,2215.8811464898026,53139.17797206382,1.0,1.4685623310239984,0.23148375294622997,0.025036992382171143,0.03175051355365849
MN-U,63,1000,1.0,16239.73183470091,38255.657162745636,24270.937099975486,40311.663533861254,2390.4890885823934,53139.177972063815,2616.3082749122523,53139.17797206382,1.0,1.6161909428199541,0.10538459822214563,0.01877519253924556,0.030433817043695247
MN-U,64,1000,1.0,23402.80616752204,38200.47491111074,26390.046931036173,41099.17284342673,2866.0306430916144,53139.177972063815,2978.166746643633,53139.17797206382,1.0,1.4900075551534506,0.05780692266880123,0.0190487510489342,0.030072322702607387
MN-U,65,1000,1.0,25117.06634461062,38506.540485079095,28538.98488679112,39809.74246128381,3058.103312430424,53139.17797206382,3243.2040431811815,53139.17797206382,1.0,1.452326081985535,0.1124261366607424,0.02695913837628377,0.02911735314087921
MN-U,66,1000,1.0,20245.839269157477,38213.85218037963,25663.65378932046,39904.30701294988,2626.345127073348,53139.17797206382,2757.2207768675407,53139.17797206382,1.0,1.4540152253982033,0.13727491891075222,0.02002499489472242,0.03337208062997021
MN-U,67,1000,1.0,7733.598942276254,38510.325501366824,12534.839575386364,39307.611943851065,843.4963616665852,53139.17797206382,934.9431104032635,53139.177972063815,1.0,1.4467359559547872,0.24411670071548056,0.016440140026207035,0.04057194907092543
MN-U,68,1000,1.0,16234.774803921857,38341.51636502599,21128.8507005776,39961.68613121744,2243.713193570711,53139.17797206382,2385.8301948308945,53139.177972063815,1.0,1.4997359332731648,0.07616455013736569,0.02700172997640203,0.03262372414809592
MN-U,69,1000,1.0,24743.404267344384,38922.77222417905,27316.104157611167,39788.227982682205,3188.293722965176,53139.17797206382,3340.6642131906683,53139.177972063815,1.0,1.6112186254782273,0.08980246228485299,0.018606396432064805,0.028287584654511165
MN-U,70,1000,1.0,9682.969365612507,38861.65289892604,15619.398276567023,39696.02620180812,1326.6889709838708,53139.177972063815,1440.608291726385,53139.17797206382,1.0,1.5864115347806242,0.09485432168235089,0.024112628168246074,0.03683645639526387
MN-U,71,1000,1.0,6435.030916121939,38581.38651488566,10407.559955256052,41324.66924922496,673.9788388283149,53139.17797206382,726.5316458789499,53139.17797206382,1.0,1.495211496459564,0.12542447294922976,0.027821261081282463,0.03213915920057524
MN-U,72,1000,1.0,8329.560485282422,37906.597774008354,12713.475641978715,38981.46131345138,926.5061699837397,53139.17797206382,999.1609271900086,53139.17797206382,1.0,1.4733419589676513,0.2021504236659925,0.022335920764895295,0.04188812944832128
MN-U,73,1000,1.0,11838.810409120775,38645.14050853746,15726.348408664657,39580.96533602012,1597.4720926177383,53139.177972063815,1684.1157492628108,53139.17797206382,1.0,1.5441756278505077,0.08861018913077541,0.023840731871742057,0.03298884480020098
MN-U,74,1000,1.0,12769.36849072397,38322.04286471018,16867.101812220026,41512.49803928344,1542.8282043515683,53139.17797206382,1598.01656092057,53139.17797206382,1.0,1.5376069098866638,0.06686611956658063,0.023393579559611737,0.03124356796628192
MN-U,75,1000,1.0,10623.162362752433,38354.40302286823,15869.091871071869,39337.1351749832,1405.5813266340294,53139.17797206382,1480.4694914436325,53139.17797206382,1.0,1.472183363648604,0.07950281981460997,0.028722880285852015,0.03895393415971661
MN-U,76,1000,1.0,9881.550381874404,38389.07621166237,15805.787823073686,40242.90109258272,1300.9596879982366,53139.177972063815,1410.0530826859713,53139.177972063815,1.0,1.4771652911855992,0.1282095060024398,0.02329499793199035,0.029134682955379253
MN-U,77,1000,1.0,22154.685064132762,38271.88494500066,26806.47384600223,39276.040806287885,2984.918668512761,53139.17797206382,3111.381839349696,53139.177972063815,1.0,1.5610088292142468,0.15389377828678374,0.021308666983230345,0.027988350455627687
MN-U,78,1000,1.0,11389.721675686385,38336.355806974134,18381.269451013148,39692.32450561534,1590.2496326893402,53139.177972063815,1658.6880188551409,53139.17797206382,1.0,1.56363464696287,0.10296370498164793,0.018690655380768688,0.0338080464513469
MN-U,79,1000,1.0,20643.494541796957,38490.90546522135,24109.85730832434,42203.4246464349,2458.6750665018562,53139.177972063815,2562.7582910080505,53139.17797206382,1.0,1.545345785390333,0.061766158310075404,0.02105017189832345,0.02606900162511439
MN-U,80,1000,1.0,18105.42288970133,37998.888057938755,23360.35291091051,39543.41540368279,2548.2471085631505,53139.177972063815,2621.2934576461457,53139.177972063815,1.0,1.6132430852859758,0.08215859798510064,0.025793585218523693,0.03297231669556638
MN-U,81,1000,1.0,25282.552401415564,38378.53297764549,27951.07515726141,39999.69425778532,3269.4050745485256,53139.17797206382,3274.743051461353,53139.17797206382,1.0,1.478391378763483,0.10312681425004828,0.02276161454452866,0.03219613017745621
MN-U,82,1000,1.0,14273.021061262765,38398.967361827374,18235.4159074341,39495.92264922032,1927.327345429827,53139.177972063815,2002.3841938603503,53139.177972063815,1.0,1.5048116475651663,0.2292817780853771,0.023046416666968647,0.034394472580386574
MN-U,83,1000,1.0,7539.490459298563,38285.54923682763,12253.179822089915,39386.97000811419,844.3690248100379,53139.17797206382,924.6770040772326,53139.177972063815,1.0,1.5500665350146314,0.16572829782416307,0.020031744698259545,0.0398682925152677
MN-U,84,1000,1.0,16945.490200395114,38497.554147196555,20515.224030844092,39296.960302778025,2382.9414468197415,53139.177972063815,2475.8696540474402,53139.177972063815,1.0,1.579930837628899,0.0851524811426741,0.016934384172537374,0.03545350955393192
MN-U,85,1000,1.0,11880.59576180311,38065.010315380816,15568.224374160678,40154.64134595555,1495.5940701554364,53139.177972063815,1565.5194137003725,53139.17797206382,1.0,1.6007302010497046,0.10537474371942214,0.023064896246798347,0.02506025336747129
MN-U,86,1000,1.0,20753.720333432644,38990.84401155847,25657.851136947826,40543.97040265795,2900.9569448012453,53139.17797206382,2931.4253425991333,53139.177972063815,1.0,1.5180658471670154,0.06574390240840498,0.020347148619767552,0.029251295464115486
MN-U,87,1000,1.0,17924.17779185117,38543.07574712714,20930.418820248848,41411.27112903021,2218.5998163407558,53139.17797206382,2267.3582620458483,53139.177972063815,1.0,1.425805502846414,0.14750049366475085,0.026997473216144346,0.02983144989154141
MN-U,88,1000,1.0,9633.906636105887,38539.158091245125,16758.14282533199,40938.32483246484,1235.8489120647796,53139.17797206382,1337.340055814511,53139.177972063815,1.0,1.5353161937172746,0.08531758406307115,0.019316638986612195,0.03253898467287681
MN-U,89,1000,1.0,8099.48935189113,38353.56382288005,12654.901779830805,39490.16194880618,958.5800915098062,53139.17797206382,1030.853083378031,53139.177972063815,1.0,1.5167238029130814,0.11537291714196517,0.019652639117888705,0.03306773275334989
MN-U,90,1000,1.0,15250.288089154956,38346.226575776804,19870.873619241687,40926.76375400508,2013.1823692988653,53139.177972063815,2102.2748469908606,53139.177972063815,1.0,1.509161699923562,0.07132095574800569,0.02390330209200928,0.028914734735392703
MN-U,91,1000,1.0,8239.158153809047,37866.86416133567,13217.327422950539,39739.87916148507,999.3308135617854,53139.17797206382,1108.5023448256661,53139.17797206382,1.0,1.4534980480410513,0.05772096601847989,0.018741401525430964,0.024876787751920478
MN-U,92,1000,1.0,8949.083072880563,38247.899273148505,13128.560091031837,41088.22453625826,1054.6693138312503,53139.177972063815,1130.9241026010009,53139.177972063815,1.0,1.445403567938986,0.054309592702465805,0.018408938600243098,0.02686216318217526
MN-U,93,1000,1.0,18604.879161612982,38351.10171339463,20870.200473042976,41042.449062705666,2289.271097713352,53139.17797206382,2316.3904385854785,53139.17797206382,1.0,1.5780193755748155,0.04701573160897306,0.02042838707693195,0.02562702339590238
MN-U,94,1000,1.0,9245.304171836975,37776.51639920717,14577.725529559273,40349.63940115382,1154.1323972397581,53139.17797206382,1242.3114281647604,53139.177972063815,1.0,1.468771113053128,0.05684199550675372,0.01597219921885215,0.033954087330815334
MN-U,95,1000,1.0,7510.962985961543,38117.630724399256,12087.366205731807,39119.8857703665,849.8576575129719,53139.177972063815,948.2612688779707,53139.17797206382,1.0,1.5517123264968018,0.10127260326259756,0.023812769824718312,0.03741829228515774
MN-U,96,1000,1.0,27844.71159617464,38202.03160213593,28723.091070844814,40431.8639910579,3397.186117583428,53139.177972063815,3433.7736747003883,53139.17797206382,1.0,1.4760257116644415,0.07204125384022297,0.021017099147130017,0.030980041896412132
MN-U,97,1000,1.0,9789.678951887161,37954.23913007801,14702.865849416046,39171.45508711143,1221.5729799923906,53139.17797206382,1341.0902567683775,53139.177972063815,1.0,1.523093699961086,0.44478563461828935,0.023676120111646246,0.03931501098650561
MN-U,98,1000,1.0,8724.72259374793,38173.84267617051,13387.963379653454,40963.61993830167,1112.3958951984291,53139.17797206382,1159.9160175866336,53139.17797206382,1.0,1.5351005469384131,0.09356506271285937,0.027010413780862507,0.04248585169992872
MN-U,99,1000,1.0,19892.8683924472,38473.80202109393,25738.12072145434,40720.42449083271,2650.6733058645805,53139.17797206382,2776.834327110124,53139.177972063815,1.0,1.6131544940598674,0.06854619580335455,0.021557976481027575,0.025564709858092782
MN-U,100,1000,1.0,11453.777828807139,38593.96101754527,16989.64353901706,39865.65305235805,1600.9466777553391,53139.17797206382,1707.087623536086,53139.17797206382,1.0,1.5231091126364276,0.13824433777115439,0.023081023439678945,0.03144343614162193
SIM,1,1000,1.0,14709.979821825335,41466.83361952444,10564.560358960323,39256.20886548948,1605.631316267969,53139.177972063815,1593.1363579077165,53139.177972063815,0.0,1.011383515018837,1.0015553266210677,0.004347646155335228,0.012041391527294108
SIM,2,1000,1.0,1189.9786505468028,43603.62861427307,1166.0014383504417,43703.408998255894,167.97902908127747,53139.177972063815,168.26925585735864,53139.177972063815,1.0,1.0157878095790425,0.9992949998046274,0.04750070169477376,0.04760028712010122
SIM,3,1000,1.0,2666.781937614822,39694.38351162325,5303.511065813538,40732.02166454715,538.9171646908997,53139.17797206382,551.9777156114958,53139.17797206382,1.0,1.020627304679427,1.045935817345901,0.004596974842638874,0.009250788174759593
SIM,4,1000,1.0,2317.3736415752483,42061.88032032466,4302.29381115143,41556.018277046256,784.1433391850939,53139.17797206382,800.4494370069358,53139.177972063815,1.0,1.013111591119683,1.005864496817696,0.008766247759656015,0.01734200085683602
SIM,5,1000,1.0,4310.523241083887,51127.697695735624,2030.0003780019463,45513.62898664619,1698.2670009330946,53139.17797206382,1775.4101766362476,53139.17797206382,1.0,1.0162669137509401,1.045736283989923,0.0672972020739091,0.05044761409694601
SIM,6,1000,1.0,7137.712689848322,48987.59853844538,28317.76262778759,41942.40697840858,879.5486165515374,53139.177972063815,3536.797382926233,53139.177972063815,1.0,1.001520592190574,1.0057934425784998,0.013938761552183774,0.011982281441041244
SIM,7,1000,1.0,2254.2921430117294,65224.915203171324,1601.6880520974414,55719.366792780274,328.7613166400235,53139.177972063815,333.7428620972611,53139.17797206382,1.0,1.0011052919478853,1.027288101672082,0.051596971811580516,0.049181438291858566
SIM,8,1000,1.0,37742.800398610045,46066.31525320042,30073.47173319679,39783.43132867035,3971.1698662682174,53139.17797206382,3903.225317644464,53139.177972063815,0.0,1.0170293174857805,1.0798640536934623,0.004335455211798175,0.014962059244546981
SIM,9,1000,1.0,18067.855993749705,39340.84399868785,24840.449055904537,42688.467577024625,2741.2750189625954,53139.17797206382,2573.9403290795417,53139.17797206382,0.0,1.115905102036281,0.9978582851232388,0.02409110938599622,0.029915931819937534
SIM,10,1000,1.0,36424.769827707074,41523.75562938237,27870.864910602548,39129.09738974157,3681.2413051190715,53139.17797206382,3669.9645298961955,53139.177972063815,0.0,1.0935659259814074,1.0009535115852328,0.028676607043165034,0.03338231147596825
SIM,11,1000,1.0,2026.336167432682,54315.68080748212,1875.1359048906165,54524.53461406652,622.9547458663325,53139.177972063815,627.6471962673972,53139.17797206382,1.0,1.0165895059351047,0.9992298965513462,0.07321772598939888,0.037801248765616066
SIM,12,1000,1.0,18228.174076242663,38515.12393483001,18550.078152195092,46051.8349246826,2102.5528901717344,53139.177972063815,2078.1330971536017,53139.177972063815,0.0,1.5123334754784181,0.9964922078476114,0.022613152780098608,0.025360763167377152
SIM,13,1000,1.0,3597.4345591778506,39935.67226994567,10466.374657183724,39077.824116423886,2636.4947357775795,53139.17797206382,2660.509897385484,53139.17797206382,1.0,1.0520274329811892,1.0710269930839242,0.012111725077764028,0.004460392460644346
SIM,14,1000,1.0,363.1685776172668,45141.57441242461,541.1455243670337,45863.15211964413,1251.9302250788728,53139.177972063815,1238.6810116914253,53139.177972063815,0.0,1.0033967857158965,1.00466479040543,0.03499744102912176,0.03616228272602619
SIM,15,1000,1.0,1390.519868233785,40633.084757175646,3413.318892867794,40859.492506426024,3414.4203965580614,53139.177972063815,3264.7624960607745,53139.17797206382,0.0,1.0616602286608758,0.9986843517326393,0.03520588205341472,0.036800831847993744
SIM,16,1000,1.0,12341.94238583075,51268.43074484625,3927.2188976813645,46904.58739576388,1790.062092300017,53139.177972063815,1709.2061947280054,53139.17797206382,0.0,1.0359096167243529,1.050248494415729,0.06671197090630462,0.05548790508265773
SIM,17,1000,1.0,5715.060700867677,43581.62732987554,16850.612916535,40902.58729915478,781.1268234481074,53139.17797206382,859.5285122630901,53139.177972063815,1.0,1.0035484363963745,1.0002784061960595,0.011528219117235216,0.02563455498420307
SIM,18,1000,1.0,7899.674956897893,40668.67139306815,5022.42859216055,42184.531340626054,3264.7546931290553,53139.177972063815,3112.7426626666183,53139.17797206382,0.0,1.0139950123557018,0.9980552863883715,0.01979446738483442,0.02231160489590895
SIM,19,1000,1.0,9221.038960425025,38879.366351701494,18105.21584261501,41168.72208917441,2540.3928492539217,53139.177972063815,2703.1063057845677,53139.177972063815,1.0,1.1653900637027126,1.0686684556855126,0.019226877922605853,0.010884914109002148
SIM,20,1000,1.0,1413.4334507476337,47276.97697424932,993.4675782678985,47250.413028002455,363.7070799841159,53139.177972063815,364.9368490053133,53139.177972063815,1.0,0.9988409619817944,1.011287460135477,0.031564632435861745,0.03329202280725406
SIM,21,1000,1.0,1004.2691547696202,43685.795599635814,2050.856733677411,44885.82354157513,2635.2408038087306,53139.177972063815,2338.5699166773206,53139.17797206382,0.0,1.0254659352242002,1.001535496780864,0.08084974761786523,0.041517659653296714
SIM,22,1000,1.0,6809.320695075831,54693.00463766075,8736.78378919966,49826.32019162766,1393.6896726749387,53139.177972063815,1440.3163101586601,53139.177972063815,1.0,1.0310254756709973,1.0894981458937156,0.012133319951750383,0.016641189249485846
SIM,23,1000,1.0,16247.67382872796,53004.12481678706,7563.273144666269,39932.425070193865,1551.3986238352718,53139.17797206382,1745.611836837169,53139.177972063815,1.0,1.0307528622319821,1.0997667915989842,0.05824625094725622,0.01702366711447266
SIM,24,1000,1.0,5421.4231611908945,39697.64194209824,5320.042407224402,43201.77904674162,604.181333378091,53139.177972063815,592.4961410615405,53139.17797206382,0.0,1.1286670684128022,1.0215116360411323,0.0440204312602357,0.06254202964564066
SIM,25,1000,1.0,2477.893587228346,42071.45687295509,20701.66947253341,42980.386910190064,385.7685572726278,53139.17797206382,948.4425658064912,53139.177972063815,1.0,1.0084837216843598,1.0499287062463458,0.05246601188160989,0.05794711009328445
SIM,26,1000,1.0,9258.710138159615,41058.15569530979,9749.806953503527,41014.485695775395,1183.7411084847297,53139.17797206382,1131.2363021342765,53139.17797206382,0.0,1.1862998202292734,1.0003308577654637,0.033339092945101144,0.025995587484805013
SIM,27,1000,1.0,7114.444317141973,39843.33203063517,13077.919244311603,39045.6495328383,876.004888880693,53139.17797206382,972.7279209629089,53139.177972063815,1.0,1.0423612529297612,1.0308083727617556,0.00988423696833782,0.026352794256775124
SIM,28,1000,1.0,3461.2398816878012,57225.674374622016,8433.168542543239,45695.14895060229,592.2902104926254,53139.177972063815,603.2355512162372,53139.177972063815,1.0,1.0083758731194081,1.0181593306219336,0.004462237037389322,0.0317998493828046
SIM,29,1000,1.0,12781.379412217495,77975.84512126767,14368.836496905225,40720.157894867254,1797.9543815052907,53139.17797206382,2873.4357877578823,53139.17797206382,1.0,1.0041234745098693,1.0757158073844157,0.025467117280868676,0.015185212099165851
SIM,30,1000,1.0,10843.728593023632,53907.822647564535,12999.80786983959,39996.71567461199,1676.9426844681425,53139.17797206382,1971.7532092330948,53139.177972063815,1.0,0.9987172367421959,1.1172117343449177,0.054271182670304875,0.029173223428400296
SIM,31,1000,1.0,3264.193819763807,48247.59070364684,2141.1311341410556,43407.130243657244,517.2190104610887,53139.177972063815,517.8238334512581,53139.177972063815,1.0,0.9999874854605503,0.9996962686913025,0.04369018663430839,0.049172745379298013
SIM,32,1000,1.0,18537.672423897297,39421.030148486825,18757.3982491704,45595.641945832394,2819.8194742035757,53139.177972063815,2461.956630837772,53139.177972063815,0.0,1.2910870677968587,1.0070148488113677,0.017593660444671512,0.021965697541508702
SIM,33,1000,1.0,1132.566105814656,39244.833082217636,11785.27007534329,55948.20949483724,368.03437168882976,53139.17797206382,1226.769382915157,53139.177972063815,1.0,1.0116998876768797,1.0086724473238224,0.027772074831029205,0.038719494374604126
SIM,34,1000,1.0,2700.573743939065,39390.16899202413,2537.6051855855726,41460.18139122313,417.2776875776425,53139.17797206382,420.73651648625855,53139.177972063815,1.0,1.053104538382325,1.0046872207581958,0.014456658567459946,0.011589648629213982
SIM,35,1000,1.0,8449.93259423138,45204.27648663675,7140.08405660302,42332.03550538649,919.1119384429901,53139.177972063815,928.3637249845709,53139.177972063815,1.0,1.106805892498627,1.1441890556648862,0.06306143452273379,0.049015555562506405
SIM,36,1000,1.0,7470.195827332777,43188.39110863103,14158.178880556728,44872.233631197974,1487.9820163661852,53139.17797206382,1473.6870577115926,53139.17797206382,0.0,1.0664902506220542,1.063102461797624,0.003999522234565674,0.018295601343802745
SIM,37,1000,1.0,2767.543639911106,45268.388389988686,9952.544023918927,39868.59852764209,2638.5413505206243,53139.17797206382,2675.7802472771164,53139.177972063815,1.0,1.0081019048667297,1.0357416958542704,0.01567148565438341,0.00943886730943754
SIM,38,1000,1.0,3287.861784656347,48527.387343919705,9602.28173098437,44866.12236169175,737.9181105380869,53139.177972063815,1428.1137644205614,53139.17797206382,1.0,1.0158145581452098,1.025526789794113,0.0787052474605637,0.05134101818824379
SIM,39,1000,1.0,1034.7772190420208,54722.84040808356,2190.665539800642,83334.35384447216,788.4257364536261,53139.17797206382,744.4729811501118,53139.177972063815,0.0,1.036019522045789,1.0011549011817755,0.04402485388784555,0.04736438553360838
SIM,40,1000,1.0,3209.242269911086,42538.96197421627,3359.249839126859,44706.90830766903,448.4244945360878,53139.17797206382,449.10141145390605,53139.177972063815,1.0,1.0845328558074638,0.9997067050449439,0.057722266777516774,0.06297155380327926
SIM,41,1000,1.0,9266.142701404468,44703.68753446017,1881.3316729213118,47221.19624576522,2307.4984501486115,53139.17797206382,2179.633826238517,53139.17797206382,0.0,1.0050800076425526,1.0303377124942583,0.0549086754397207,0.03850637814366543
SIM,42,1000,1.0,4789.53859744783,69509.54806509905,2302.3112199535135,52557.33573404565,821.1887192556611,53139.17797206382,853.6065413967874,53139.177972063815,1.0,1.0331961855811813,1.0426365886243807,0.0409624246037753,0.04428501636196268
SIM,43,1000,1.0,508.99536230030446,51644.225733493775,7626.600547080398,79573.96957362173,421.4820442217492,53139.17797206382,1035.7649984017917,53139.177972063815,1.0,1.0115326262657405,0.9993293730776251,0.027869451399457193,0.017804919905788252
SIM,44,1000,1.0,6527.699131870333,48716.43229210541,10213.27549782944,42625.0913823944,1181.782455562357,53139.17797206382,1671.9891071459488,53139.177972063815,1.0,1.0142687624959152,0.9996796633732683,0.026749353432922254,0.02995096205577475
SIM,45,1000,1.0,817.4585031281968,99917.40637285789,845.7437914186618,90498.54569550621,671.9044984826264,53139.17797206382,675.435248768974,53139.177972063815,1.0,0.9991128750360233,1.0078997243292818,0.10567721414883258,0.10344180778002673
SIM,46,1000,1.0,9904.271857899332,54035.99808573381,4693.016158081462,41905.37684355436,1313.2818962836682,53139.177972063815,1374.9256758368392,53139.17797206382,1.0,1.0394504579000663,1.0478435013420384,0.06550435961754361,0.055590421645411246
SIM,47,1000,1.0,32783.982353701664,42868.656182973915,21518.835671296714,41649.68632807559,3377.3030468298884,53139.17797206382,2516.7386907604223,53139.177972063815,0.0,1.0269665400000665,0.9985072448787813,0.05636609813970941,0.030689358912484612
SIM,48,1000,1.0,16241.204440417496,38656.57596512421,21543.576369678114,48555.94361281464,1642.5470494807635,53139.177972063815,1757.9348750381619,53139.17797206382,1.0,1.3695131802506066,1.0447863605520507,0.01909128564615415,0.041499723361281125
SIM,49,1000,1.0,16789.974786757426,43909.81961059389,15151.320512916416,39149.686213616675,1978.4275844001727,53139.17797206382,2011.8526991283388,53139.17797206382,1.0,1.0462141334078965,1.039153475590205,0.04453115060195602,0.016392962684483318
SIM,50,1000,1.0,23446.546314800253,40452.95172902685,10651.838820239615,43568.2835184064,3595.0150037014146,53139.17797206382,3592.080158789859,53139.177972063815,0.0,1.0452834391902557,1.0521031864758141,0.014766701999924404,0.006510156414574138
SIM,51,1000,1.0,8281.991850768223,50421.36797329785,4179.968493520034,40003.505412124614,2775.0009688455084,53139.17797206382,3021.5094852360135,53139.17797206382,1.0,1.0179971474175857,1.2232052329775978,0.03597535674908694,0.022483273302822276
SIM,52,1000,1.0,4120.73574454128,121828.2345462468,1235.442014055628,65544.86670067505,784.0911968583616,53139.177972063815,843.6511758934573,53139.177972063815,1.0,1.002646596582547,0.9945516004933849,0.06462255835823794,0.05784045234226891
SIM,53,1000,1.0,1301.2571614916596,46180.324975510324,3871.4117136935365,61211.83722587738,226.43631196378328,53139.177972063815,238.6797381335159,53139.177972063815,1.0,1.0221632929694136,1.0103528901706182,0.05888864566761826,0.054428220973114644
SIM,54,1000,1.0,25996.220270159203,39579.77779094133,28690.175655460665,38771.748265620365,2910.6593397314173,53139.17797206382,3072.257796616004,53139.177972063815,1.0,1.0476268414950116,1.0304911315286345,0.057455076879101896,0.03209908148086431
SIM,55,1000,1.0,8582.80661310088,43095.24582775115,14334.820208848723,42882.8804056012,2184.609055540035,53139.17797206382,2219.123362868222,53139.177972063815,1.0,1.0656334387756372,1.0889486823877976,0.03045519171761322,0.029598025742847936
SIM,56,1000,1.0,7574.242927476079,40908.98939229968,10166.8538757003,44627.493953450794,1520.8912110355386,53139.17797206382,1475.9167140554791,53139.17797206383,0.0,1.281036373112522,1.0891467635006344,0.03535638367880692,0.0390986551359388
SIM,57,1000,1.0,6916.17296289455,41140.518452721735,5020.341910359413,40015.697295230624,1116.0820615075836,53139.17797206382,1077.3656146364633,53139.17797206382,0.0,1.0985128726822122,1.0793660014487036,0.013502057776977027,0.039747015052373644
SIM,58,1000,1.0,5241.366325790954,70447.17848931657,14038.74386237861,47262.550523430255,655.7583575644217,53139.177972063815,920.4743894384142,53139.17797206382,1.0,1.0089878564392036,1.0014345512667442,0.021797410160895554,0.05459336552540493
SIM,59,1000,1.0,4717.05009117019,67141.04407523203,3777.302452863777,61351.84631003065,731.8810492800005,53139.17797206382,736.4150550415161,53139.177972063815,1.0,1.0207985378219735,1.0206702916479329,0.054391794697140616,0.05729513136928716
SIM,60,1000,1.0,2498.310748060481,46929.791699348614,4623.639170367009,51445.20377985683,434.22845236236924,53139.177972063815,435.38938350008084,53139.177972063815,1.0,1.0202374730580808,1.0156625948229483,0.010998770690117421,0.047337327018328657
SIM,61,1000,1.0,4498.803095363854,50212.777564598866,3722.416090423298,44860.30833622556,611.3930408129143,53139.17797206382,625.7851883752351,53139.177972063815,1.0,1.0527120207881198,1.0213824194775836,0.03675709701399476,0.04273700926084329
SIM,62,1000,1.0,8429.024695349903,45834.30811694385,4735.0487967722065,49428.80064302665,1298.5423132500946,53139.177972063815,1055.7807962285187,53139.17797206382,0.0,1.0152722219005998,1.0178618456605313,0.013588518499061338,0.010000094448560119
SIM,63,1000,1.0,31801.154470437257,39069.752392737646,33855.231978138065,37719.5820485899,3310.7192414776773,53139.177972063815,3662.320645018338,53139.177972063815,1.0,1.2979905239560035,1.0798789413139922,0.03238713674262646,0.038879731051193515
SIM,64,1000,1.0,51250.84692707663,61188.18645195122,40410.31291996691,46665.5341262289,4205.083739082109,53139.17797206382,3872.944893713187,53139.177972063815,0.0,1.0212071504110896,1.0211688273889679,0.07963601106090648,0.03275939646886202
SIM,65,1000,1.0,5028.125819009805,41695.73824421614,3705.711161522205,41391.05321780575,2462.535057251233,53139.17797206382,2477.302906286991,53139.17797206382,1.0,1.0719418240152627,1.045816790379212,0.04320268493644071,0.04524578485104846
SIM,66,1000,1.0,4556.85059975886,68292.93422135754,2011.8385498405928,45953.56214073562,452.0312219449112,53139.177972063815,453.2144751247432,53139.177972063815,1.0,0.999854720396411,1.0100153896043986,0.05751691296004133,0.05281849460883918
SIM,67,1000,1.0,12788.976306763485,41465.2621479381,16985.299892286064,39697.58239818418,2236.1993682041775,53139.17797206382,3467.909739542455,53139.177972063815,1.0,1.0102994308263267,1.3069567779984195,0.03562505745731107,0.02253296653646781
SIM,68,1000,1.0,879.8609325519993,45051.59014631243,2333.1605945365836,52430.133938418956,641.1878941490234,53139.177972063815,638.457919700261,53139.177972063815,0.0,1.0125062776831921,1.0024761374856164,0.025154722333065718,0.04629843704083112
SIM,69,1000,1.0,2362.0314734978624,57094.69918276335,2213.277354428118,46005.238700740534,1856.6108057133465,53139.177972063815,2012.32268815222,53139.17797206382,1.0,1.011007916652304,1.0038567508815432,0.05445703672839515,0.029524392405705435
SIM,70,1000,1.0,5833.765469786144,58398.26023806814,3498.510106791314,40191.691720397794,628.9694474634323,53139.177972063815,641.3302989436229,53139.177972063815,1.0,1.0058363374844195,1.0617097858948155,0.042334095318397054,0.035600655939716085
SIM,71,1000,1.0,3630.4023477907745,45183.79071103386,4333.693084312146,45615.92850492612,590.849448307491,53139.177972063815,599.9335871588748,53139.17797206382,1.0,1.0154324993250603,1.0687327288887956,0.06129883653862064,0.04825782010047773
SIM,72,1000,1.0,2892.6098728489487,49044.77212914191,5935.132167273179,68860.99400905335,630.3163411969108,53139.17797206382,618.5576458484753,53139.17797206382,0.0,1.0642648972540554,1.0098192187834287,0.024365965374791528,0.022049890907640084
SIM,73,1000,1.0,2113.022072044707,43514.90333188836,3089.6774439218766,49750.96364590194,466.919230782919,53139.17797206382,459.85797830260265,53139.17797206382,0.0,1.0755350116593412,1.0119024169682898,0.02094532084411869,0.05769396809120151
SIM,74,1000,1.0,5494.85351183356,41435.48982806264,6933.07392050723,44424.14756608193,1958.044836590455,53139.17797206382,1887.6954475075343,53139.177972063815,0.0,1.1454256447505595,1.0791426440057308,0.025367781569387734,0.03324336229676008
SIM,75,1000,1.0,35554.68061740516,41550.786952245646,32459.70075824768,40375.29336279699,3995.8069564941634,53139.177972063815,3848.008299678284,53139.177972063815,0.0,1.058236759332152,1.0212783139814383,0.025233093151231498,0.034223718788675896
SIM,76,1000,1.0,1196.8997287106574,130752.92865480269,1112.133669799,122468.29536199346,465.8785942048585,53139.177972063815,478.36445116120683,53139.177972063815,1.0,1.0010766836966036,1.002389056619148,0.05225369803546988,0.05302637833778122
SIM,77,1000,1.0,11200.30885537342,49363.393170343006,8632.026505408412,40609.95611329857,1040.072819011837,53139.17797206382,1068.5438532951403,53139.177972063815,1.0,1.0152522873562093,1.051888067425613,0.062226462315808806,0.04888855247634361
SIM,78,1000,1.0,391.9185119072474,41464.75845140937,14050.76475447135,39965.52302813866,197.55647639113062,53139.17797206382,324.86790716157304,53139.17797206382,1.0,0.9997125379841786,1.0050788391513292,0.008724333925774543,0.017928307834507825
SIM,79,1000,1.0,12615.040748248208,44234.56151955941,15901.980805894204,39438.83171431527,2435.643919207102,53139.177972063815,3387.909509966745,53139.177972063815,1.0,1.0099153934897012,1.4144489012137131,0.014425068432081379,0.020324654065251715
SIM,80,1000,1.0,2970.804476261502,43480.59794444189,12990.399455289755,41935.54580163566,919.435796619796,53139.17797206382,1984.4103694077596,53139.17797206382,1.0,1.0215416394324488,1.018717032768189,0.02659248959907351,0.05447069352297864
SIM,81,1000,1.0,25295.810053246372,51132.91107680369,19296.741122341693,40258.17173739582,2971.6692051195923,53139.177972063815,3250.7752435028706,53139.17797206382,1.0,1.0076932136305643,1.0381191571582262,0.03712023575447293,0.008879629801449511
SIM,82,1000,1.0,9868.699639222083,41616.90796216569,10757.909610429168,40535.3822599265,2270.187154894124,53139.177972063815,2429.5842291251647,53139.177972063815,1.0,1.208432530342232,1.0364001097478368,0.029689524478965026,0.03275979920376821
SIM,83,1000,1.0,17535.627877267252,44469.704640513984,18239.447020957505,43552.9225548415,2178.9189435905796,53139.17797206382,2395.0477927914926,53139.177972063815,1.0,1.0291528908683163,1.06182264500743,0.019460434006991316,0.00749611952744637
SIM,84,1000,1.0,3045.6438448192266,55119.59295074121,2389.5042720130523,46810.41919307098,352.3974139892412,53139.177972063815,353.8849239899836,53139.177972063815,1.0,1.0162588513770285,1.04373818697054,0.06609511550032213,0.06477643743425725
SIM,85,1000,1.0,16434.223448271772,38108.6784306252,23281.197433888017,55366.39031185592,1777.9764941705248,53139.177972063815,1747.0615081836734,53139.177972063815,0.0,1.646125563335516,0.9991260046200293,0.03333181795737126,0.06833778317083102
SIM,86,1000,1.0,2041.891376596092,40249.42684644568,1758.348855502084,42658.16686753805,233.8865444332235,53139.177972063815,232.9415273884633,53139.177972063815,0.0,1.0087286716972965,0.9997163206789466,0.04329198462072753,0.06056457125294969
SIM,87,1000,1.0,8803.410142800243,61180.906245558945,4420.286920366663,40469.03499024419,1266.6249006603339,53139.177972063815,1263.0106142689197,53139.177972063815,0.0,1.001155037712319,1.0588757062963654,0.01120103016430632,0.018984696587402844
SIM,88,1000,1.0,889.9430859715002,47653.79685476805,907.9478664618373,48503.93060442977,198.50747223183686,53139.17797206382,196.79781832246167,53139.177972063815,0.0,1.0095740181857296,1.0140295165408904,0.04133063061208641,0.041949703830333154
SIM,89,1000,1.0,3133.4963053831902,45461.4910272437,3451.4463778588197,44700.38526766046,485.24780789652107,53139.177972063815,499.3772831752397,53139.177972063815,1.0,1.014322499227608,1.0214699084135879,0.029119258536025747,0.03337648543432741
SIM,90,1000,1.0,10922.45360229493,42547.22859826409,9283.32901031707,38977.26422536818,1336.9460759639446,53139.177972063815,1371.99986806435,53139.177972063815,1.0,1.0811263677564555,1.3354110573586695,0.057222414312019194,0.025276946752343453
SIM,91,1000,1.0,3737.320860694513,40741.286613121614,2399.9518992942412,39571.054159893814,2824.9290850154794,53139.17797206382,2766.9139084151225,53139.177972063815,0.0,1.0237276700548648,1.0215200995933318,0.015799658052988743,0.01633443290126454
SIM,92,1000,1.0,2922.6506727867163,40111.760244501274,2446.325400679596,38777.02499537659,394.2509067420086,53139.177972063815,391.72877640519494,53139.17797206383,0.0,0.9968178673736907,1.1036099254268248,0.03212554491895827,0.027734869608873065
SIM,93,1000,1.0,6816.08496435788,47059.22273355177,16174.442729941691,42242.1358414095,700.6310723156505,53139.17797206382,1791.4263920198268,53139.177972063815,1.0,1.0087497859122907,1.0665456441550571,0.06318031951437211,0.06200199926350307
SIM,94,1000,1.0,22001.043147828997,43294.89471750839,14696.217760819083,39679.84990793867,2526.50296745575,53139.17797206382,2696.0024602384096,53139.17797206382,1.0,1.028236338790614,1.19664057185721,0.010805094750690681,0.01900681490586067
SIM,95,1000,1.0,14441.711523322554,47140.74602740842,4836.201438872412,45195.20643982635,1235.2584592182775,53139.177972063815,987.0399724073318,53139.177972063815,0.0,0.9914524807081915,1.0200255195695989,0.007392534684753716,0.0031331806254671236
SIM,96,1000,1.0,11224.073577141127,49629.32029317474,8013.081025759539,40047.586628954115,1804.6107610540948,53139.177972063815,1810.7810729316839,53139.177972063815,1.0,1.0129363119553263,1.001736858455329,0.00816690362670321,0.016470338752033388
SIM,97,1000,1.0,31188.40512737769,42660.41286135721,20069.882432163013,41036.54753126623,3624.5620210331113,53139.177972063815,3370.7706076812265,53139.17797206382,0.0,1.0739881975886842,1.054028410520368,0.0130123559996475,0.019869560588266517
SIM,98,1000,1.0,9072.57189006411,41812.592875697504,8425.163112359643,39229.13581462094,1087.3813063542716,53139.177972063815,1097.0834626607389,53139.177972063815,1.0,1.0119520704411975,1.1924243287502883,0.01795645291988707,0.03385514758455852
SIM,99,1000,1.0,6759.078095510567,43648.73489167691,9758.13564197839,43778.89338742445,1670.695753879635,53139.177972063815,1707.1487879267738,53139.17797206382,1.0,1.119246369942957,1.0632789191127365,0.04407185633859919,0.04173754005586451
SIM,100,1000,1.0,5397.719011168518,43848.7655936206,4790.198446357733,40095.341054164805,568.3287556572782,53139.177972063815,569.429379812462,53139.17797206382,1.0,0.99963545085124,1.0953952098950717,0.052395991773629746,0.03996278262347343
SIM-c,1,1000,1.0,37253.78354920754,56615.4469588013,12960.38592819958,39986.54643622067,2232.7207343574037,53139.177972063815,1963.1318388793254,53139.17797206382,0.0,1.0027950419263991,1.0287254545958564,0.03308143305932803,0.012922099191040723
SIM-c,2,1000,1.0,34803.39018965299,39511.450108338984,35176.01752503035,39760.75289620948,3863.0291763436408,53139.177972063815,3830.411714430418,53139.17797206382,0.0,1.1045146023663528,1.00364955978782,0.03004039352364567,0.025470908617152767
SIM-c,3,1000,1.0,7552.093652821517,53299.445312451855,14452.812996902006,41378.26256910607,1648.5517942395495,53139.177972063815,1840.9167166043453,53139.17797206382,1.0,1.0150335250150284,1.0045755760132742,0.003306654372386574,0.0016391117725241245
SIM-c,4,1000,1.0,41244.97031054356,81429.32205779647,20388.969038440155,38876.2824498401,3047.392191743047,53139.17797206382,3625.4751086165256,53139.17797206382,1.0,1.0052662072401666,1.308800504291587,0.041661312252758285,0.023047694340912854
SIM-c,5,1000,1.0,32928.90659267797,38582.11151368736,30225.279449010955,40441.235982547594,3675.530384385949,53139.177972063815,3348.8134638211104,53139.17797206382,0.0,1.097310888073285,1.0929243593171463,0.04067860341431737,0.028802762163996996
SIM-c,6,1000,1.0,6997.627520507709,40571.56371796243,8236.13345672954,41665.882787355935,1647.4620781960648,53139.177972063815,1658.399658654514,53139.177972063815,1.0,1.1376370836892988,1.0017704334960018,0.04505234305746566,0.040105990599606234
SIM-c,7,1000,1.0,15546.528020723379,42461.53850227176,26193.84575938151,39804.16598909089,1909.6785703465566,53139.17797206382,2696.249372112337,53139.17797206382,1.0,1.0605110753181568,1.1134819111585312,0.04966474126002612,0.024368740113692042
SIM-c,8,1000,1.0,16774.130180223896,43581.66797970059,14246.472741012909,43105.127694047434,2396.4593260383244,53139.17797206382,2617.5569591143076,53139.17797206382,1.0,1.025755611900884,1.0005185278260624,0.024872266578011535,0.03336853457872025
SIM-c,9,1000,1.0,14383.824924089806,38490.77559712656,12219.919875435393,38450.59694839696,2197.6326791757565,53139.177972063815,2243.536428829901,53139.177972063815,1.0,1.0993565028920347,1.148967141568231,0.01725801895640831,0.023500360985161922
SIM-c,10,1000,1.0,11242.846750911573,44728.6553366986,8413.345136561184,38747.58737556114,1103.3930516623295,53139.17797206382,1090.5078998167126,53139.17797206382,0.0,1.0203116532907057,1.0405422606125658,0.031234758855892535,0.024572485197079275
SIM-c,11,1000,1.0,20325.46684872962,106778.87930786931,16185.676277233786,48216.868398945735,3608.731303223927,53139.177972063815,2019.322594892676,53139.177972063815,0.0,1.011667220084052,1.0097934036684106,0.06262568341300456,0.01126618490095662
SIM-c,12,1000,1.0,3038.2710792522394,55682.21217203966,8122.284264720378,64366.59498811229,501.02920186834814,53139.17797206382,526.25295818894,53139.17797206382,1.0,1.0369975046928006,1.0003191437935655,0.05425620970207506,0.06348903388587468
SIM-c,13,1000,1.0,7730.565664564188,39642.45770732232,4926.082425297396,39137.86401918888,1356.084821955524,53139.17797206382,1346.792012071793,53139.177972063815,0.0,1.0326390648259367,1.1475909911424278,0.0059184875914881484,0.016160892600450224
SIM-c,14,1000,1.0,31323.446529634395,41318.70186524839,23233.657101995836,39937.713353549305,3288.052780953894,53139.177972063815,3332.341386323276,53139.17797206382,1.0,1.2219773762877006,1.0057552297088301,0.03245725172497471,0.02397338750949456
SIM-c,15,1000,1.0,5103.4403129072625,39694.48602269025,9717.15350901918,38208.51546307989,566.769879753575,53139.177972063815,599.3232429480046,53139.17797206382,1.0,1.0388925771155717,1.0601016625838828,0.03612410088222724,0.03467135347147544
SIM-c,16,1000,1.0,6526.8177316922665,45738.27659307819,5608.395060282379,40723.247067918746,1010.8914947513066,53139.177972063815,1037.9373558486884,53139.177972063815,1.0,1.0005648086666705,1.1190064002621933,0.013680162730063363,0.012910492195237743
SIM-c,17,1000,1.0,8659.419585773458,49251.69059847122,4496.328350223836,49217.73548873972,1885.809173290129,53139.17797206382,2052.3384053308073,53139.17797206382,1.0,1.0235335498513538,1.009675220057149,0.028527685298074253,0.033303817133443395
SIM-c,18,1000,1.0,1212.8587717065166,70496.66425537347,769.3586754714325,57157.606794979,461.58453003286996,53139.177972063815,462.1866095176632,53139.17797206382,1.0,0.9991133649977789,1.0092987141978604,0.09400115402910865,0.07632623954371735
SIM-c,19,1000,1.0,12587.300479184036,58005.60501667854,35180.06146592222,41508.00906747024,1101.1062669802413,53139.17797206382,2032.3370884810563,53139.177972063815,1.0,1.0171050902498473,1.2035368232775743,0.029982553425323907,0.04426187166428806
SIM-c,20,1000,1.0,458.188714927124,40134.74289441523,622.7385967060311,40134.25415137134,168.8799965646833,53139.17797206382,168.99782496407968,53139.177972063815,1.0,1.001416209036125,0.9968952594889446,0.020102857613101575,0.029032336394536416
SIM-c,21,1000,1.0,8434.100270322819,47645.083411176005,6154.043468919601,41542.76235262036,1814.2647414132396,53139.17797206382,1840.8972776790479,53139.177972063815,1.0,1.0088978144208853,1.005053272881311,0.02154408935615839,0.016752802717051665
SIM-c,22,1000,1.0,39143.65245492467,48307.90895912711,31780.647676459135,38064.74495241598,3565.7874012278617,53139.177972063815,3643.970414754428,53139.17797206382,1.0,1.0581590405867591,1.012643146710625,0.04501164248794082,0.030869514273328427
SIM-c,23,1000,1.0,31745.704978924463,64643.610139140015,20071.361924156976,38382.124945644784,2615.852812305089,53139.177972063815,2707.7435733913667,53139.177972063815,1.0,1.0023534448533746,1.027798953085371,0.044434520163232134,0.028825341570576632
SIM-c,24,1000,1.0,9540.374206170847,39184.48408035145,12422.774284646095,41165.937680518124,2422.845881378482,53139.177972063815,2397.000404452136,53139.17797206382,0.0,1.1519612881362955,1.016114973403997,0.022435655491058193,0.014981078152393705
SIM-c,25,1000,1.0,4964.911459439462,40461.03303648319,24103.332019117028,48491.955896408894,997.2316111389192,53139.17797206382,2948.571278703305,53139.177972063815,1.0,1.0104238425934333,1.033344647081616,0.029033070099075048,0.045632612245372274
SIM-c,26,1000,1.0,2450.8708572548003,48739.96877670086,2260.6192142935965,48867.60439908652,916.0226387790108,53139.17797206382,910.5048090921746,53139.177972063815,0.0,1.0282236408456837,1.0325239755103095,0.03644220357909293,0.035296754098843156
SIM-c,27,1000,1.0,31618.82589918119,46519.03535133727,27457.538563858507,38656.536100369965,3519.4411507033656,53139.177972063815,3448.916527742304,53139.177972063815,0.0,1.026846586109131,1.2389730749746841,0.028591650525761025,0.029008059477876574
SIM-c,28,1000,1.0,23598.26049074107,42278.5707852872,17118.03674646833,42139.17892270562,3092.76835557548,53139.17797206382,3745.3371596495217,53139.177972063815,1.0,1.0253146291705362,1.0476584281660817,0.018108798023845935,0.021289708827850078
SIM-c,29,1000,1.0,10119.848058317137,40618.48075059362,15038.337644166508,40565.97418481646,1945.253668501279,53139.177972063815,2151.618895868268,53139.17797206382,1.0,1.0145823677888715,1.3666878126553157,0.05783185171143516,0.034170396088195235
SIM-c,30,1000,1.0,10130.5627881781,39723.059796662485,9584.125914065291,38286.609375417946,1294.7600355358545,53139.177972063815,1291.0218230681396,53139.177972063815,0.0,1.0167040169444752,1.1181535892491021,0.028785379318061365,0.02981668073770725
SIM-c,31,1000,1.0,8704.463605299468,55698.09711197374,10965.311339098098,39688.59667671821,2862.2282880867942,53139.177972063815,3362.8964951728103,53139.177972063815,1.0,1.0243418023099293,1.1597589412239797,0.013863462625581085,0.009047041046346703
SIM-c,32,1000,1.0,1583.9131168982517,44379.647193868994,1583.2714216637264,43838.11259726097,219.49311158588532,53139.177972063815,220.82000611276464,53139.177972063815,1.0,1.0178628546511594,1.0248116285376836,0.04578907870444753,0.04453348867411039
SIM-c,33,1000,1.0,5804.224839333058,42411.4900199223,8542.663704772447,41959.333588748035,1022.51879415629,53139.17797206382,1054.7589775790352,53139.177972063815,1.0,1.0068855246295783,1.0018406670149396,0.05605303432122517,0.028344889095128636
SIM-c,34,1000,1.0,12735.303893726445,44228.258183626414,5268.147646180723,39264.87692830442,1965.140138398183,53139.17797206382,1939.3882781476234,53139.17797206382,0.0,0.9986739752721896,1.0155691793226214,0.00542219830752076,0.007864104138340487
SIM-c,35,1000,1.0,16462.438758920172,41923.455748818655,31035.04571193684,38869.68362465876,1837.2973431103474,53139.17797206382,4098.078989749863,53139.177972063815,1.0,1.0336298216361675,1.0306640117308883,0.05201596185052867,0.0329942064524601
SIM-c,36,1000,1.0,4719.2525036871275,50242.00055834717,3737.384564337013,52224.00945479439,1308.595806821881,53139.17797206382,1332.174974830311,53139.177972063815,1.0,1.0374637793688242,1.0009465745541952,0.04364877249362206,0.054032739636412995
SIM-c,37,1000,1.0,3019.205042926702,40240.114886840805,10239.918923926678,51866.05617729078,500.68961916866175,53139.17797206382,534.8394235598715,53139.177972063815,1.0,1.0205491777332139,1.0321358915669174,0.04429703718658016,0.05025670719624611
SIM-c,38,1000,1.0,16109.555639444738,38947.74893655758,18807.713267355477,41407.11719680831,2942.274968897918,53139.177972063815,3159.5716293913306,53139.177972063815,1.0,1.2087211616741174,1.0877680775596927,0.013833936580745988,0.01578367195745358
SIM-c,39,1000,1.0,17208.104844642985,41180.243430378825,24548.968644097393,40495.01546764534,2111.153859647424,53139.177972063815,2232.3168309338157,53139.17797206382,1.0,1.066683557886202,1.0325238260531857,0.03163649344899123,0.017002756296166807
SIM-c,40,1000,1.0,2141.186559342956,44319.58683530665,2466.351258738243,49853.23847705497,595.1900013969869,53139.177972063815,575.6026562535201,53139.177972063815,0.0,1.0192081878484534,1.0025431467122055,0.028554979775832073,0.032498499745109974
SIM-c,41,1000,1.0,26981.121283296703,39418.66931426004,30382.680968783585,38548.346998444,3488.3348795402444,53139.177972063815,3654.0917795587757,53139.177972063815,1.0,1.1164076130195253,1.6328259511877024,0.008194428132581826,0.02237751267623092
SIM-c,42,1000,1.0,5558.389949626502,43757.49142279203,10033.455593576855,44058.599536900525,633.7939193990303,53139.177972063815,678.4291613231999,53139.17797206382,1.0,1.0445977544423473,1.011262742962422,0.04526893349966305,0.06356374090975402
SIM-c,43,1000,1.0,3135.014761798425,42939.650164082814,2592.4862314352677,41802.35594127989,729.3296579600985,53139.177972063815,728.2633339980068,53139.177972063815,0.0,1.002240977902592,1.00224324255184,0.029615456963654033,0.02865280094706422
SIM-c,44,1000,1.0,20120.081378145383,39229.74936270677,16010.589283407815,38772.29892193008,2672.7276053947585,53139.177972063815,2599.3986958556407,53139.177972063815,0.0,1.004212340848942,1.006588089467302,0.024217980823418403,0.0192645029349986
SIM-c,45,1000,1.0,3758.0949285299175,63314.4520283709,12288.091602583103,92666.72702648872,912.2696606118488,53139.177972063815,978.9282582874696,53139.17797206382,1.0,1.030470075989419,1.021591043821386,0.08341174466926844,0.1050657189171952
SIM-c,46,1000,1.0,3344.1775318879736,47517.6467197756,14120.020333650933,43044.29742033312,385.7373671465814,53139.177972063815,532.1864691526021,53139.177972063815,1.0,1.0073184817685445,1.0481745825901871,0.025631428548707934,0.04883834918854635
SIM-c,47,1000,1.0,27507.255312580393,47818.363909890155,27893.044318753404,39766.86982986978,2773.0010321167974,53139.17797206383,2748.8619396282243,53139.177972063815,0.0,1.0014190929913507,1.0006212376715187,0.008656700753934649,0.02120034996666122
SIM-c,48,1000,1.0,811.2004673555712,44839.805540906076,7352.634977411908,49932.526542638865,490.1103368063376,53139.177972063815,957.6729318730304,53139.177972063815,1.0,1.008425136511835,1.0144021153541551,0.04937764577367604,0.03479065189344838
SIM-c,49,1000,1.0,3882.575757341834,47938.51962992425,2939.936871498151,41331.031164715685,399.57093011822667,53139.177972063815,400.5942337341311,53139.177972063815,1.0,1.0035286485796782,1.084758848349429,0.044733294559143176,0.06304472184352569
SIM-c,50,1000,1.0,13025.387477707027,44582.24923853015,13675.677138933775,45749.85718739574,1883.881062017198,53139.177972063815,3928.028009165925,53139.177972063815,1.0,1.0228025295305994,1.0435558019835438,0.022273022967311564,0.022348693206177776
SIM-c,51,1000,1.0,7825.74194574748,39220.49790168513,5537.888500460625,39318.096311819936,1121.2729860089962,53139.177972063815,1129.7730587615854,53139.177972063815,1.0,1.0432671200498063,1.0221098817133683,0.007679871977075132,0.013344366311950321
SIM-c,52,1000,1.0,5451.617736423265,40240.88201343082,4646.580144508874,38896.71891397843,819.6888525860431,53139.177972063815,814.1030660365151,53139.17797206382,0.0,1.0170622311536859,1.0040118465517305,0.01718211825911959,0.027197784466129943
SIM-c,53,1000,1.0,1993.7960612608042,39102.85912677739,15310.613750317014,45532.48286957711,1434.5037383183358,53139.17797206382,1745.0698681832318,53139.17797206382,1.0,1.0318870111787226,1.024506719026864,0.023455215553632155,0.03172479395934043
SIM-c,54,1000,1.0,36016.675684770904,39095.573131382735,18020.212751015297,49352.11266506943,4100.681724733114,53139.177972063815,4106.313137886058,53139.177972063815,1.0,1.0279081017382166,1.0026186158580415,0.018738572466572744,0.0453391748322633
SIM-c,55,1000,1.0,31788.2915243503,39099.859851077184,33024.72001957485,38156.86043761844,3806.696212586779,53139.17797206382,4319.263629801806,53139.177972063815,1.0,1.0157904681758803,1.0185372398824766,0.021283406290401558,0.021087703511743057
SIM-c,56,1000,1.0,8040.360967307419,42396.56531311047,25339.995277254882,42315.67935695029,861.3346655029468,53139.17797206382,1624.0670447698376,53139.177972063815,1.0,0.998770968599,1.006913694575988,0.029651711025645427,0.01474161410739039
SIM-c,57,1000,1.0,41434.486081461524,41320.17024074873,51674.56585988469,59289.81398164707,4367.935624037159,53139.177972063815,4315.396949833521,53139.177972063815,0.0,1.0389572593207508,1.0015695529034396,0.021955353500350508,0.09004546734197547
SIM-c,58,1000,1.0,961.5043885862343,48317.76272232556,6397.849755760471,41602.32236927672,1598.6849019217113,53139.177972063815,2004.2077506372175,53139.177972063815,1.0,1.0124801571715656,1.005189771700346,0.02475311856872608,0.03968693528372246
SIM-c,59,1000,1.0,19949.1712682424,40209.176266159906,14968.606521374617,38424.24104989522,1910.5617300477766,53139.177972063815,1812.154098501468,53139.17797206382,0.0,1.0436666449518706,1.0303003099154486,0.03559059953546115,0.021719020789411007
SIM-c,60,1000,1.0,2398.3528747418286,42167.618938533415,3075.0107508813685,52387.20528180486,333.64543921101256,53139.177972063815,328.3707418614823,53139.17797206382,0.0,1.0682635996070353,1.0020571156240767,0.02924876470770199,0.059506943111117
SIM-c,61,1000,1.0,8506.272537784671,42968.03792491909,6132.560602618938,41734.0298397953,1523.7516890136985,53139.17797206382,1464.4687314335642,53139.17797206382,0.0,1.0579267331656885,1.015996220983352,0.014119924841281495,0.025556268636000055
SIM-c,62,1000,1.0,16714.808228192847,45332.7601974583,12608.118944273374,40591.28263172136,2191.275540426208,53139.17797206382,3460.7820048289714,53139.177972063815,1.0,1.0032863410422683,0.9990203429356155,0.012617179007268045,0.011471217003297333
SIM-c,63,1000,1.0,6772.537800419026,41211.94186766351,10603.881269540369,52448.80189065925,1031.2377303633518,53139.17797206382,1009.5164868054887,53139.17797206382,0.0,1.2060534254638968,1.0716768414904532,0.05829832815295062,0.06052032301579155
SIM-c,64,1000,1.0,5956.043383753565,44382.32575120782,4653.780686404381,42158.69510169515,1824.3622406072982,53139.177972063815,1926.4894078077573,53139.17797206382,1.0,1.0184145056159188,1.0791237059007495,0.0351326447433319,0.02640988860382555
SIM-c,65,1000,1.0,37899.180319960615,44057.981457298585,38252.688226883256,39347.677878434,3798.6500709128154,53139.177972063815,4192.2762412605125,53139.177972063815,1.0,1.0841740955415715,1.016711979894202,0.05609398377799685,0.016954946600593244
SIM-c,66,1000,1.0,2316.2572291500046,41862.86074226064,12163.968146088213,45360.74448590704,1245.3331623945787,53139.177972063815,1927.1226836563997,53139.17797206382,1.0,1.0546098530971812,1.0266630627367686,0.029713919770036464,0.04002152309486954
SIM-c,67,1000,1.0,14801.246207642846,39123.86593500071,11813.261176418344,40635.24759095538,1510.8121547852038,53139.17797206382,1496.563406815884,53139.17797206382,0.0,1.2153037250525507,1.0214013555216295,0.02850677907283869,0.02636726457494204
SIM-c,68,1000,1.0,9592.278330681256,39607.47485658668,7220.273514490167,39350.275365531255,1309.3710232852723,53139.17797206382,1341.541105266008,53139.177972063815,1.0,1.0982388222217805,1.1857638253514329,0.030452626655252685,0.027192724731399096
SIM-c,69,1000,1.0,4803.160478676784,53722.04333561784,3212.568928550324,43272.43874281931,487.3487343347365,53139.177972063815,497.5084887887872,53139.177972063815,1.0,1.007066103442072,1.0506759975877653,0.029673317201117322,0.04152012078404402
SIM-c,70,1000,1.0,19238.961020175495,38878.09541853012,13981.158094022687,39708.951635512596,2139.0605112001467,53139.17797206382,2108.26131048724,53139.17797206382,0.0,1.179659154014166,1.0165288221854474,0.021181402703397197,0.04050046132240616
SIM-c,71,1000,1.0,13381.409314341217,40106.85041722226,14530.163431971298,40155.76186235708,2591.7588275632925,53139.17797206382,2885.2306540683494,53139.177972063815,1.0,1.1630499626418556,1.0385557948785822,0.03497985372154015,0.040001445784688956
SIM-c,72,1000,1.0,5774.021091647629,41580.52919788518,4819.198249663782,39082.31570947718,610.3311501380097,53139.17797206382,610.3899708262172,53139.17797206382,1.0,1.0037942830539341,1.0477256565240478,0.06346466402238934,0.039216341971591774
SIM-c,73,1000,1.0,7747.50639578347,40357.986924107114,7739.162852711961,38824.92518143948,853.9543387876081,53139.177972063815,869.6113759396271,53139.17797206382,1.0,1.0016005217798638,1.0095456888448646,0.04610977947452663,0.038679689005479904
SIM-c,74,1000,1.0,762.9642698638324,56496.86467468508,4779.902775917672,78780.36626475817,676.9086244393109,53139.177972063815,732.7195243693506,53139.17797206382,1.0,1.0011136984172342,0.9990818052013078,0.033619622306519714,0.11055684106804403
SIM-c,75,1000,1.0,4821.883593308503,46894.12719983523,3837.197827310274,49203.663191615226,1021.0246458844729,53139.17797206382,1031.503227639624,53139.177972063815,1.0,1.035111587786744,1.0039988451184896,0.007596322531913432,0.016538305402104412
SIM-c,76,1000,1.0,8395.908415864358,41603.931659187656,6687.103949196436,40515.70946691398,1605.8304248961165,53139.17797206382,1638.335488873461,53139.177972063815,1.0,1.0261815739280111,1.0413542019990167,0.023413610361401126,0.01933267450749258
SIM-c,77,1000,1.0,32618.59766901094,39666.70751763483,33301.80610989223,49393.341311142816,3880.703208965317,53139.17797206382,3990.6837230595856,53139.17797206382,1.0,1.0593354643702155,1.0068851590832288,0.015337082715770592,0.029293973563407984
SIM-c,78,1000,1.0,10314.541805888426,43895.01908331306,5900.814141362251,39397.95127953982,1684.3187707422132,53139.177972063815,1690.298649394655,53139.17797206382,1.0,1.001110067824984,1.2409983783899445,0.03621420382872568,0.03222249791460628
SIM-c,79,1000,1.0,35384.98341483005,41095.20238268851,30491.537238500747,38657.81436855118,4291.347067100718,53139.17797206382,4229.39017758133,53139.177972063815,0.0,1.05440356423707,1.252566659629746,0.012425321484643157,0.005116040973246635
SIM-c,80,1000,1.0,2663.483959306601,48901.38972019937,3431.6132663105636,47004.03996241462,723.09186350098,53139.17797206382,759.9755923627677,53139.177972063815,1.0,1.0023901206805024,1.039286515333432,0.05551357429727467,0.05934559570197961
SIM-c,81,1000,1.0,13724.149723864703,38416.70593803069,16079.084660936998,43401.04774257548,1541.9368941233265,53139.177972063815,1539.2305244993051,53139.17797206382,0.0,1.4596321061306485,1.1143313377174864,0.03225384689978133,0.05412541086814554
SIM-c,82,1000,1.0,5396.726240121695,42341.498565309936,9182.152500467331,42662.87631771562,2145.684022859145,53139.177972063815,2318.0520873843384,53139.177972063815,1.0,1.0419125240781217,1.089277258164133,0.015115183974154097,0.02249428267750156
SIM-c,83,1000,1.0,22668.132288097648,48295.60206677769,30263.149658906394,40246.84221622662,1973.9665289272552,53139.17797206382,3004.0492836017183,53139.17797206383,1.0,1.0333159624828026,1.004939110364028,0.047533819659044164,0.02201040408133293
SIM-c,84,1000,1.0,4166.4389669299935,40917.560098024114,6895.867417413032,40984.601231174005,2186.3403680881624,53139.17797206382,2069.031918552514,53139.17797206382,0.0,1.033914795499134,1.002577671432923,0.02270371101422523,0.016847601680212168
SIM-c,85,1000,1.0,25668.549125388316,39524.685577094686,22926.65165899849,39486.4751935925,2996.4879580526963,53139.177972063815,2815.4526441151907,53139.17797206382,0.0,1.0075388136008605,1.0460184825309076,0.05107619171723916,0.024832948263392097
SIM-c,86,1000,1.0,41089.677909144244,46240.05129482788,34832.41136407755,38598.81543833839,3391.4138290187916,53139.17797206382,3707.3729843204833,53139.17797206382,1.0,1.085957213430117,1.1375464627193856,0.0322928245199661,0.017952625087740173
SIM-c,87,1000,1.0,4771.837094141172,41828.07900933831,5756.743500133065,42510.37123404779,731.1112768331994,53139.177972063815,695.6271033265914,53139.17797206382,0.0,1.0354564557397876,1.005251816819353,0.032056413816194236,0.05186880295720729
SIM-c,88,1000,1.0,2597.417006401067,60141.45150755529,28295.90449441412,52900.87897308891,405.96989888536524,53139.177972063815,3263.4412485018247,53139.177972063815,1.0,0.9996225340367029,1.0021243472613837,0.046130329188545365,0.018412780581146336
SIM-c,89,1000,1.0,3089.1185358954735,42915.91418015823,4873.440611944178,54350.16461861094,488.113115824995,53139.17797206382,483.08812250966287,53139.17797206382,0.0,1.0652140104288672,1.002509097623092,0.04172311854254325,0.0711348634558022
SIM-c,90,1000,1.0,2813.342762698956,42284.256119147234,5180.9053914848755,41240.375402971,2503.8775920468397,53139.17797206382,2799.8668576410805,53139.177972063815,1.0,0.9987443715283376,1.0730344672461793,0.0522524733770604,0.03463766446940908
SIM-c,91,1000,1.0,2774.3881954588182,37943.951752513465,2724.704086736954,38073.06107135888,346.4267574797805,53139.17797206382,346.95205782743403,53139.177972063815,1.0,1.016352017843876,1.0257230643974216,0.02756739077134244,0.031624462841917826
SIM-c,92,1000,1.0,3907.027893749464,43499.084420811836,9751.315881648694,45775.78245700139,587.6642941164857,53139.177972063815,1354.4436796820937,53139.17797206382,1.0,1.0065582912414959,1.0260342975660492,0.055744945224884504,0.053442563736742284
SIM-c,93,1000,1.0,31642.329873003968,54539.76348913972,27208.90052756804,39224.893092268976,2835.9250316853377,53139.17797206382,2844.414632240194,53139.17797206382,1.0,0.9998695703424891,1.0028147873949915,0.012713351155231005,0.019815484910217174
SIM-c,94,1000,1.0,6472.10152350406,48118.22478699536,11006.611040530217,46073.43193465631,1294.3151349862178,53139.17797206382,1158.6794533712714,53139.17797206382,0.0,0.992591066128713,1.0009137471635978,0.05132715703098789,0.05515815267426203
SIM-c,95,1000,1.0,56286.60912833108,71908.2637516871,39643.61573954491,40410.905782517424,3185.4881978993,53139.177972063815,3536.477146947298,53139.17797206382,1.0,1.0032453921860172,1.0260426429334688,0.07185835488226905,0.03994915735691471
SIM-c,96,1000,1.0,8819.883667577984,42815.718094569,4172.187604764233,39531.91332335559,1866.254815456457,53139.17797206382,1979.7938857541908,53139.17797206382,1.0,1.0119175647578638,1.0364377387742694,0.022492277453933084,0.024933734209706553
SIM-c,97,1000,1.0,12935.963109967033,38878.620600572234,11204.65425145282,40455.91670817477,2148.8455713460644,53139.17797206382,2225.720068145778,53139.17797206382,1.0,1.0929594097766948,1.0595555738505664,0.011429381665391395,0.014750443369216097
SIM-c,98,1000,1.0,38472.70259361775,39883.798852365115,35076.713150822165,38484.42395574165,4072.2571049664307,53139.177972063815,4106.511078044839,53139.17797206382,1.0,1.0058865654581477,1.349676276372889,0.03588184021150415,0.007829713573473484
SIM-c,99,1000,1.0,5358.8138011957635,45878.82419519991,7636.481037883105,40058.74267871889,2170.300850961405,53139.17797206382,2149.9599351836205,53139.17797206382,0.0,1.0308982300905878,1.0573121551688593,0.01911603126643898,0.007197498588501556
SIM-c,100,1000,1.0,15081.317911734724,43123.16912598417,25849.107365948068,42637.73275646074,1554.921309434194,53139.177972063815,1879.6627550906048,53139.17797206382,1.0,1.035744272870986,0.9994923492886237,0.009333405909982799,0.02691173293835282
SIM-G,1,1000,1.0,1789.7151626006473,38683.42972247726,1626.7212487009774,38533.28169432476,213.20164461554674,53139.177972063815,212.82267907425148,53139.177972063815,0.0,1.0041960623859996,1.0022458194288435,0.0201031201279807,0.03226745984898821
SIM-G,2,1000,1.0,1063.3520504190592,38386.29414112197,1036.935722760089,38367.43783906275,147.02790017577428,53139.177972063815,146.2122726193916,53139.17797206382,0.0,1.0137352016484558,0.9984952744051504,0.02205549039431046,0.02616960581863163
SIM-G,3,1000,1.0,2445.628934975423,38253.73999154814,2495.9310504523773,38017.772301865916,317.26612973574976,53139.177972063815,316.34603351872664,53139.177972063815,0.0,1.0168919733201565,1.0474242640948872,0.03134281170512215,0.027719685026188844
SIM-G,4,1000,1.0,1986.0798845581694,38332.85815396685,1990.4769559588085,38031.64736053061,226.98026077123072,53139.17797206382,226.89910711944634,53139.17797206382,0.0,1.0096815464774471,1.005985746644331,0.02253004784130459,0.04561204013918595
SIM-G,5,1000,1.0,20871.37421652295,38218.24483835566,22578.283032995132,39120.10290293019,2465.157847127075,53139.177972063815,2476.166117752644,53139.17797206382,1.0,1.0250575690083634,1.043637657577903,0.023546925269319917,0.025012691180744964
SIM-G,6,1000,1.0,1314.9838666376165,38317.48324750096,23255.88937800956,48528.27646117877,325.8756138836087,53139.177972063815,2642.4880517026468,53139.17797206382,1.0,1.0037948102847014,1.0114986563206925,0.019308931846221577,0.03051760387599576
SIM-G,7,1000,1.0,1865.3898910991209,38094.81772968739,2458.045613214265,38914.09953491306,213.93651608539116,53139.17797206382,217.3340426577327,53139.177972063815,1.0,1.0007832474217515,1.0271084601876168,0.02811771201296342,0.0535097527013575
SIM-G,8,1000,1.0,10587.506044135323,38130.91388701553,9773.21034601173,38297.73584777108,1208.723759418944,53139.17797206382,1185.5343048608513,53139.177972063815,0.0,1.015646727205432,1.1096954487115043,0.03246880095581054,0.01487891889377556
SIM-G,9,1000,1.0,23747.16493862415,38063.27406028447,30774.681735218077,42673.71379909375,3084.514392387276,53139.177972063815,2972.9366549076626,53139.17797206382,0.0,1.113938039672954,1.0015149945445838,0.027853109488519698,0.0357669153606801
SIM-G,10,1000,1.0,30653.545875788557,38191.6535531975,28994.12097385842,38958.00016666522,3441.661581652553,53139.17797206383,3364.470619558567,53139.17797206382,0.0,1.094748080106181,1.0006851410593984,0.028737798244740747,0.026975273547614913
SIM-G,11,1000,1.0,1557.8449546616284,38036.64229798627,1583.2051809907257,38258.64261672857,192.5922431166404,53139.177972063815,191.83619086720637,53139.177972063815,0.0,1.017152860944418,0.9993502570345992,0.028207244587460857,0.030507990140755538
SIM-G,12,1000,1.0,17611.53788532969,38576.39675931068,15924.302610737497,38357.111572310154,2090.5065904777593,53139.17797206382,2089.5479871023995,53139.17797206382,0.0,1.5136086918556972,0.9967819804155972,0.019356025255197595,0.020200626729088605
SIM-G,13,1000,1.0,21512.200053563705,38226.923221547215,23029.536601356856,40485.522958213944,3136.4845610449033,53139.17797206382,3139.2005538411504,53139.17797206382,1.0,1.0606878010313892,1.0665080811746164,0.02351534485065617,0.0072944162762982835
SIM-G,14,1000,1.0,1016.8877180540651,38439.62536262362,10559.688129252632,47623.172813881385,314.7796773958062,53139.177972063815,520.2325410502128,53139.17797206382,1.0,1.0066636154651012,1.0078091800037945,0.024071504176459924,0.02700004385060356
SIM-G,15,1000,1.0,4158.10272098947,37951.397481095235,10733.619769953006,47904.34363094473,862.8895213604297,53139.177972063815,859.1973960130812,53139.177972063815,0.0,1.0768166879170418,1.0064572712888118,0.0218888282804292,0.03384417037877632
SIM-G,16,1000,1.0,10348.5774549708,38340.1269475041,10492.759688175864,38485.3476849041,1281.4817796335255,53139.17797206382,1255.01185506718,53139.17797206382,0.0,1.0297493726136853,1.0453658336659677,0.025806828911670587,0.03794810590450189
SIM-G,17,1000,1.0,1794.4303368996964,38367.52280548996,4026.3434881976973,40751.67691259036,218.60941635318716,53139.17797206382,228.64275951051337,53139.177972063815,1.0,1.0036710468108228,1.0009288015444298,0.020682213266526823,0.05985266772600922
SIM-G,18,1000,1.0,10754.502765119025,38415.55554681536,15021.60808636958,38876.00029547243,1585.2403472329925,53139.177972063815,1545.3683203317012,53139.17797206382,0.0,1.0166612242991286,1.0004707884501987,0.023315078352840538,0.021134525561754304
SIM-G,19,1000,1.0,12159.541930344643,38434.323668396995,13709.599931182549,38504.295631695284,1652.7123007535567,53139.17797206382,1637.9850106764484,53139.177972063815,0.0,1.1604277738093607,1.044310687444039,0.02051790045408482,0.019698728767218284
SIM-G,20,1000,1.0,934.6106039961614,38406.32138388492,6117.939575135068,45902.89525842063,180.99689320369723,53139.17797206382,230.79883652635664,53139.17797206382,1.0,1.0053746781911619,1.0082267763121322,0.03653938476274325,0.05055177249890773
SIM-G,21,1000,1.0,6165.857263662951,38535.217068420185,20361.685565588075,41139.46937088819,1250.5558453333651,53139.177972063815,3642.5365920972467,53139.17797206382,1.0,0.9999883998027527,1.0035523730336715,0.025088430639420133,0.02268232101659641
SIM-G,22,1000,1.0,23571.39599394641,38465.58793735887,30935.20584453439,41222.88655543261,3661.941980020454,53139.177972063815,4274.43695873069,53139.177972063815,1.0,1.0315990323692448,1.119261917106651,0.028353375985663606,0.00828820193566149
SIM-G,23,1000,1.0,6883.6698915028,38183.95028062721,14052.140301068126,40125.49778751408,1083.3271102616882,53139.17797206382,1165.7230124257394,53139.177972063815,1.0,1.030046080955746,1.0888458272431032,0.027473416677532576,0.020417743783209562
SIM-G,24,1000,1.0,5081.338777804576,38218.492189301614,4919.947433877392,37921.61424525718,634.5361872797773,53139.177972063815,636.1587326664753,53139.17797206382,1.0,1.1031262038528518,1.0175970509118364,0.025745068098967334,0.03319689025244329
SIM-G,25,1000,1.0,1907.6732334358933,38334.91497671853,12884.016003101113,44711.64883911135,532.0915199483328,53139.177972063815,824.0127476209718,53139.177972063815,1.0,1.0030197437662003,1.0316322206543587,0.020732960781657036,0.028812505236211053
SIM-G,26,1000,1.0,10647.97651591332,38676.1026978137,11643.115746360923,38424.265511955775,1435.6249813532572,53139.177972063815,1451.8983465570082,53139.177972063815,1.0,1.1957008795579451,1.0019817028868114,0.029690537553967083,0.030059534305588123
SIM-G,27,1000,1.0,5470.261016644528,38301.85361022117,11237.812571674138,42888.2324269111,693.2943744478314,53139.17797206382,954.8880822688993,53139.17797206382,1.0,1.0335992356953347,1.032160378947134,0.019180281787790725,0.04302380754058745
SIM-G,28,1000,1.0,4146.897015713591,38609.9675827484,4855.270536195202,38718.56240716223,564.4395878922396,53139.17797206382,565.5084242465161,53139.17797206382,1.0,1.00752151885544,1.0174567609676526,0.022368153188835775,0.02586756242949933
SIM-G,29,1000,1.0,2388.3300476332383,38704.92533585114,2432.848338617112,38588.60421032096,312.7326747012323,53139.17797206382,312.4986645733745,53139.17797206382,0.0,1.004484229883826,1.089760093351319,0.02638119367671292,0.030381851684744596
SIM-G,30,1000,1.0,4745.114719805353,38326.79136930658,4909.28266176364,38025.20235466224,570.1695403594167,53139.17797206382,567.6820830204872,53139.17797206382,0.0,1.0003206794591182,1.172916598237381,0.033436438667137136,0.03066447867643285
SIM-G,31,1000,1.0,1891.2131443328635,38189.64362714094,3350.0412866127226,39263.29440863477,315.329898315511,53139.17797206382,312.47628056205895,53139.177972063815,0.0,1.0000132310763676,0.9986129717371114,0.028284614797019665,0.021924776800206013
SIM-G,32,1000,1.0,13511.659077548113,38351.246736048546,12923.94487899875,38125.081463821116,1709.784434554314,53139.177972063815,1719.5227228999845,53139.17797206383,1.0,1.320004505768533,1.0028245327060765,0.018415925280151266,0.02557879096556684
SIM-G,33,1000,1.0,1234.4990668502046,38241.61183230413,14388.58336939503,50326.577155357794,326.1265805094449,53139.177972063815,1843.4581707556824,53139.177972063815,1.0,1.013599560838487,1.010542881775655,0.023312903984844518,0.050833941955382954
SIM-G,34,1000,1.0,2320.065760754856,38516.030908572444,2714.654344521304,39388.51829212486,330.6464945672128,53139.177972063815,328.1241488847028,53139.177972063815,0.0,1.05469950414693,1.0051520272573298,0.022876363724064225,0.021498986220903012
SIM-G,35,1000,1.0,7659.4695548386635,38199.22192311623,7838.436130079892,38348.336015413224,953.1061872352425,53139.17797206382,958.6573800884697,53139.17797206382,1.0,1.0886274724240088,1.1549039476775311,0.022379773442506582,0.0296531100321166
SIM-G,36,1000,1.0,5785.927326955747,38018.711223365724,17007.99752743284,43401.9142751608,1467.1548534777864,53139.17797206382,2386.7308198244345,53139.17797206382,1.0,1.1127404153810472,1.0671029971297556,0.02485095267883746,0.028013865508676794
SIM-G,37,1000,1.0,2370.6196745581346,38441.33938961734,16108.127149098606,43647.167628300915,899.507313299764,53139.177972063815,1582.7434000769326,53139.17797206382,1.0,0.9997314144570894,1.0525841717031617,0.023153400647116854,0.025719287510278428
SIM-G,38,1000,1.0,1803.304971627938,38716.75110371235,14072.583700762181,46462.05422011179,565.1651973745007,53139.17797206382,925.908609503364,53139.177972063815,1.0,1.0118215561806012,1.0162638713651662,0.02403876138940774,0.020848449226038745
SIM-G,39,1000,1.0,1179.867632125324,38374.02872165894,1175.9154800209449,38398.06351418301,167.42578872306385,53139.17797206382,170.8588299826601,53139.17797206382,1.0,1.0345131319234693,0.9988325753552584,0.024825469421153205,0.026456613064061826
SIM-G,40,1000,1.0,2969.8384700172255,38416.56394456371,2930.033724494138,38328.16221408787,363.36509141049834,53139.17797206382,365.3000198180224,53139.177972063815,1.0,1.0849563286123989,1.0015107618370775,0.02833050548862284,0.03335905234739208
SIM-G,41,1000,1.0,8706.62014963016,38090.39767275065,8793.892152661556,38144.774614467606,1116.8206252786756,53139.17797206382,1107.8265676006895,53139.177972063815,0.0,0.9956854491148672,1.0167717539148111,0.025285368453763973,0.02482886008393365
SIM-G,42,1000,1.0,2786.1094666692115,38133.751828061766,2699.16241009477,38034.086711977136,347.91341335316486,53139.177972063815,347.5151692489271,53139.177972063815,0.0,1.0268743070660034,1.0370346361820846,0.02639805487080791,0.02932705726633233
SIM-G,43,1000,1.0,887.7552210620702,38102.95734041435,10893.602935971945,68965.6019513527,268.7316906783084,53139.177972063815,544.6167389743521,53139.17797206382,1.0,1.0111211922524825,1.0001740278693907,0.028976746829262788,0.01647487507036067
SIM-G,44,1000,1.0,6893.088912483023,38185.151987255114,27894.0595201177,45578.9685129284,848.1373170526776,53139.177972063815,2294.603055223298,53139.17797206382,1.0,1.0064246398486942,1.0065560464802221,0.029187082923234107,0.04609278624367698
SIM-G,45,1000,1.0,710.5695380793735,38035.2036402071,5648.24675608028,44106.85609810909,133.77292704760725,53139.177972063815,210.09633355340313,53139.17797206382,1.0,0.998167748910065,1.012552093602397,0.02642229271099354,0.07145577176351718
SIM-G,46,1000,1.0,9201.05948859933,38166.099229149164,18374.831840084626,40227.14030243669,1607.0630108498467,53139.177972063815,1699.5296495044265,53139.17797206382,1.0,1.033348198444312,1.062662894075223,0.02303469430723426,0.0196181553031538
SIM-G,47,1000,1.0,17011.25172336692,38547.04210747064,17749.070285922797,39040.659910166505,2186.7112604351446,53139.17797206382,1863.8595100356188,53139.177972063815,0.0,1.0270676219215804,0.9990518617607614,0.024944261705486304,0.02459817160368239
SIM-G,48,1000,1.0,11536.327267833465,38136.95510926607,12868.167565709427,39886.15903114276,1367.2277421702388,53139.177972063815,1380.2952134395714,53139.17797206382,1.0,1.3820748589308005,1.0298999905403676,0.025942812753315902,0.03536672806234888
SIM-G,49,1000,1.0,34019.5548332851,38423.71346802618,30755.6523863117,40023.48556448268,3950.2357728007883,53139.17797206382,3650.784603442818,53139.17797206382,0.0,1.042877065713692,1.0313653618528178,0.02434595904605809,0.024670364775018123
SIM-G,50,1000,1.0,23536.2106343739,38665.23144619708,19106.359907478844,38267.42588274919,2620.0643823995006,53139.17797206382,2407.1673744471163,53139.177972063815,0.0,1.0351166203574913,1.048272242625751,0.02460063187849497,0.012811166317621055
SIM-G,51,1000,1.0,7231.088156890241,38490.31255364989,22182.27572892425,40128.47114566334,1759.496342426367,53139.17797206382,4320.306881990069,53139.177972063815,1.0,1.0235424355234704,1.215238369058342,0.018369167208189253,0.011752764955933989
SIM-G,52,1000,1.0,2427.7938487343436,38309.75853564814,2599.4461567881326,38392.53787657061,324.8061586768165,53139.17797206382,322.5559874633425,53139.177972063815,0.0,1.002953984059472,0.9950539092195914,0.022637960582973096,0.024339484271313612
SIM-G,53,1000,1.0,915.2368227773679,38383.98871871586,8962.024092863532,48529.67517399718,230.21354260247347,53139.177972063815,320.37033768257004,53139.17797206382,1.0,1.0218134786120072,1.0105577645145232,0.028464018217326185,0.03500149771853957
SIM-G,54,1000,1.0,24900.26223186181,38155.27053927614,28041.799924955496,38844.53277224238,3113.9359624459375,53139.17797206382,3236.994730264163,53139.17797206382,1.0,1.0521932713107809,1.030685565953479,0.025565710693136193,0.02496233351145096
SIM-G,55,1000,1.0,16018.851266127782,38612.50813590913,26753.90129313903,39338.321675660954,2927.8519066828403,53139.177972063815,3962.955167198336,53139.17797206382,1.0,1.074930254810642,1.1427196941562667,0.024137979535906743,0.011839854252534253
SIM-G,56,1000,1.0,9550.356939874291,38244.02934247958,10504.9206390784,38771.224623628485,1207.9167229333643,53139.17797206382,1214.228477428078,53139.177972063815,1.0,1.273273464342834,1.0902395609769242,0.029480706841664185,0.025053322106812694
SIM-G,57,1000,1.0,5333.084853559543,38232.62575623226,5733.625294956537,38423.08805861224,708.7642117208385,53139.17797206382,714.3445928226331,53139.17797206382,1.0,1.0420773384586717,1.068444602711323,0.0234851547964849,0.021331851730434993
SIM-G,58,1000,1.0,2464.532707801346,38191.82672640222,9289.850996284706,39956.30822092011,350.9308911044546,53139.177972063815,530.824305082195,53139.17797206382,1.0,1.008346151977842,1.0026743929565065,0.019911300333198947,0.051576294455968494
SIM-G,59,1000,1.0,3249.128361903217,38172.6500026031,3438.231468754454,38634.85662104217,436.48891788118993,53139.177972063815,430.7425311000158,53139.177972063815,0.0,1.0192971797762664,1.020944651235842,0.023016518366580665,0.021757510379087058
SIM-G,60,1000,1.0,1887.9801462297435,38488.067254399735,4744.889262812927,44539.24839800063,209.12143275918817,53139.177972063815,211.41935300349854,53139.177972063815,1.0,1.0273153997242344,1.016418035547783,0.02899687650147189,0.07885570920972118
SIM-G,61,1000,1.0,15665.006679851393,38077.412195119774,16749.042871241472,39359.191673209716,1993.195688407761,53139.17797206382,1879.1992917620762,53139.17797206382,0.0,1.0162979003962695,0.994626846594027,0.027988532518312074,0.02460876023704461
SIM-G,62,1000,1.0,9300.101621680256,38425.46627806391,6173.293110587767,38622.837786601754,902.3113071066009,53139.17797206382,761.9388239141471,53139.177972063815,0.0,1.0293043728141518,1.0040900545029843,0.03060971627334511,0.022627655952021455
SIM-G,63,1000,1.0,29418.9936742847,38248.436264859454,30995.908093579787,38449.17984963569,3479.9565635009553,53139.177972063815,3294.8294084942154,53139.17797206382,0.0,1.3087480270097733,1.0806304136295826,0.024809938385392926,0.03559166537732987
SIM-G,64,1000,1.0,21570.482648120997,37823.83751447359,22454.427298129835,38867.31139848512,2474.8571177025383,53139.17797206382,2496.4005130988253,53139.177972063815,1.0,1.0257076179959181,1.0171623437887312,0.027175766575862476,0.031537600088064825
SIM-G,65,1000,1.0,4445.886642676124,38434.705653149416,9732.263769161238,44750.06711598569,527.4238414511872,53139.177972063815,565.1812204995649,53139.17797206382,1.0,1.051042924665084,1.0190307474714404,0.025239638928777813,0.06749625725154598
SIM-G,66,1000,1.0,1157.83408125966,38213.23303483252,1050.2284379550883,38256.66294691197,153.78396663872104,53139.177972063815,152.72587946375262,53139.177972063815,0.0,1.0037112230622043,1.0100285262979052,0.020773427937041813,0.027636334373780533
SIM-G,67,1000,1.0,12308.167330144064,37894.963670477984,26483.958036612494,38887.68278287316,2878.7428691590176,53139.177972063815,3713.927370257529,53139.17797206382,1.0,1.0147306603462232,1.2970009200987314,0.02573405386845645,0.009929272792533535
SIM-G,68,1000,1.0,2877.2995882969717,38249.75952851013,4717.275143297329,39170.94808084677,482.1194597775375,53139.177972063815,483.48789264969577,53139.17797206382,1.0,1.015867789683981,1.0023370301360144,0.018936255390442382,0.028424721653815422
SIM-G,69,1000,1.0,27928.103379632048,38212.42855141235,25338.232795887303,42116.40890468908,3192.3343973041215,53139.177972063815,2457.160796456632,53139.177972063815,0.0,1.003660725511329,1.0135018959805306,0.026109992385921012,0.01554608744589805
SIM-G,70,1000,1.0,3853.5323045679716,37967.49900353137,3862.0078034301214,37970.513245867936,488.0271314877075,53139.177972063815,486.3159526847465,53139.177972063815,0.0,1.0068650581842695,1.0618951846337672,0.031188457525840756,0.030571297253038893
SIM-G,71,1000,1.0,3485.4575903175596,38762.00303919157,3997.5574738886594,38863.29094353876,453.3947858921585,53139.177972063815,457.72122549309347,53139.177972063815,1.0,1.0177052088980327,1.0594420884869733,0.02371917625609407,0.020817463033142414
SIM-G,72,1000,1.0,3349.4284669220683,38125.73296018378,4463.686083735505,38885.1987567965,410.677016462039,53139.17797206382,419.70902631939,53139.17797206382,1.0,1.0899929875839427,1.0076661630207027,0.029246518718646343,0.03241748980053226
SIM-G,73,1000,1.0,2550.047612501423,37907.51925565294,2458.798030590584,38170.99304337356,324.7958406834374,53139.17797206382,322.17751969002506,53139.177972063815,0.0,1.0682516624209948,1.0115475372010616,0.020457105029105846,0.03472693816171627
SIM-G,74,1000,1.0,11106.098320418758,38442.52049497005,20152.246953444825,41765.53163328739,1546.6852586824646,53139.177972063815,2810.517807825072,53139.17797206382,1.0,1.1299557516269194,1.0689278286114,0.02829879050792966,0.039795349301387686
SIM-G,75,1000,1.0,31677.63945109276,38311.751919951406,30290.9615999998,39266.88208356661,3661.1057486323352,53139.17797206382,3533.1347682142878,53139.17797206382,0.0,1.0481780265654106,1.018338675805158,0.019480309673174795,0.0332135706223703
SIM-G,76,1000,1.0,1794.7797080062976,38232.987570954545,13960.34447269154,45455.96037711007,568.8882946548667,53139.177972063815,1486.7567596006502,53139.177972063815,1.0,1.0050124171337804,1.0074460671457985,0.02711974864916714,0.02221550131624939
SIM-G,77,1000,1.0,6511.18180176308,38022.902896911764,15638.538920073068,41593.7434415227,1262.7489550020045,53139.177972063815,1276.6179281346083,53139.17797206382,1.0,1.0190134787279876,1.0313454569989957,0.028100989018511626,0.032128367224272564
SIM-G,78,1000,1.0,382.6878823228428,38413.18020516696,454.6131234773181,38494.75797470752,61.379752160088735,53139.17797206382,61.271591574652135,53139.17797206382,0.0,0.9991863413084947,1.0038439987918786,0.0266229675098955,0.027719743770733947
SIM-G,79,1000,1.0,14102.41911416149,38440.44661610404,25879.481190299957,38575.12655839458,2067.215490515357,53139.177972063815,3150.7074444303726,53139.17797206382,1.0,1.0097500910783348,1.4148022324202474,0.025031721945625328,0.01752642276533232
SIM-G,80,1000,1.0,5229.730974746298,38368.8856709737,18888.892595612815,42454.10272648845,1378.4887811723936,53139.177972063815,3211.7246735431354,53139.177972063815,1.0,1.0170428143765111,1.0200904386351404,0.02122382941496754,0.020212657543856434
SIM-G,81,1000,1.0,21217.01141480711,38007.47071787153,24756.92296371821,38737.89449480754,2949.248374809814,53139.177972063815,3109.242721136222,53139.177972063815,1.0,1.0065415154598734,1.0362047374304124,0.022746316895217677,0.009787236389503295
SIM-G,82,1000,1.0,14861.194722884558,37913.500581211614,22722.78063437971,39266.630179507316,2597.7498399999963,53139.17797206382,3646.6494173170645,53139.17797206382,1.0,1.2232688622968777,1.0287126515559775,0.026341958026617724,0.02313277259185603
SIM-G,83,1000,1.0,21064.845768209692,38159.79969366689,13738.048157017605,38456.845821597766,2241.088345972432,53139.17797206382,1948.7999674201888,53139.177972063815,0.0,1.0273962897923976,1.0634524591601613,0.0257040021612494,0.02141124378467941
SIM-G,84,1000,1.0,1749.2898876735017,38063.84184871039,4408.7227188036295,41833.55161090859,255.78465557682472,53139.17797206382,261.5815567219281,53139.17797206382,1.0,1.0129459147491209,1.0409675865824715,0.021703125820723618,0.05586411833370039
SIM-G,85,1000,1.0,16133.147312445828,38902.52393143326,15016.272113300667,38034.533737540434,1920.6989879768626,53139.17797206382,1909.0600111303706,53139.17797206382,0.0,1.6462644548142427,0.9994507288398834,0.023386216419333142,0.03202551813489275
SIM-G,86,1000,1.0,1798.0987113604701,38615.070538978274,1567.1251849444502,38977.31624766959,204.34861793479155,53139.177972063815,204.04882145865793,53139.177972063815,0.0,1.0130685650898674,0.9992540175974194,0.021678534936658424,0.05008840483552237
SIM-G,87,1000,1.0,3298.1823214796473,38041.33736957427,6729.747969143042,38879.55071412596,429.9412499285746,53139.177972063815,470.72631242163976,53139.177972063815,1.0,1.0000982661763687,1.075388515530422,0.023351709380958607,0.043983298921045216
SIM-G,88,1000,1.0,1336.9792125027507,38376.638630321606,3493.4959680031807,42443.90692962035,194.2163731740453,53139.17797206382,199.450458535949,53139.177972063815,1.0,1.0051973016349771,1.0139085301625521,0.019039665741051384,0.029191014896666194
SIM-G,89,1000,1.0,2678.7059459705024,38246.77259063593,14494.526172547927,44327.29306448759,898.2874923566167,53139.17797206382,1286.670374817983,53139.17797206382,1.0,1.01615390075331,1.0288314144519897,0.018558342030756257,0.017273099130669645
SIM-G,90,1000,1.0,10058.51173185664,38268.56668330907,9856.70285358511,38181.61773096591,1239.9382321127732,53139.177972063815,1233.7534500806732,53139.177972063815,0.0,1.069808588342147,1.3259288156350275,0.026086237830690025,0.023721781623910046
SIM-G,91,1000,1.0,2702.5590708981563,38291.14025249123,2780.4983740286907,38609.16600762287,341.3943989107362,53139.177972063815,341.16618550403336,53139.17797206382,0.0,1.0041954750011362,1.0158935000155374,0.028791931797180516,0.03271240848519689
SIM-G,92,1000,1.0,2800.6226198929835,37957.314931764944,2810.324755786466,38362.1017969762,376.28470580365877,53139.17797206382,372.95102142914027,53139.17797206382,0.0,0.9950017250760109,1.1056560925413632,0.02560705541561725,0.025830744801769848
SIM-G,93,1000,1.0,6297.951234615533,38185.99691179046,20167.624100098554,43138.982469949406,1446.5856447688602,53139.17797206382,1869.8484360961952,53139.177972063815,1.0,1.0342971937909324,1.0781186619310414,0.02680880489850803,0.04653201757189219
SIM-G,94,1000,1.0,8342.211557060591,38306.971307923275,8547.094033643383,38673.1139945514,1069.464151401815,53139.17797206382,1061.4746785753018,53139.17797206382,0.0,1.0304409171271232,1.1956051403702008,0.02137366018761964,0.024816977706108995
SIM-G,95,1000,1.0,4470.985661384846,38102.865724515126,3672.9111219233505,38493.99826689012,520.8065642100926,53139.177972063815,504.841536909381,53139.17797206382,0.0,0.9937061532679866,1.021807449428594,0.02779681192962155,0.021614381778263504
SIM-G,96,1000,1.0,29287.52528340899,37905.07091300772,32172.92183457194,40175.60058794147,3879.1672861717584,53139.177972063815,4292.3775826927285,53139.177972063815,1.0,0.9949497248403475,1.0031262923681163,0.02422950343756303,0.022179259333875073
SIM-G,97,1000,1.0,27831.975821806343,38285.260678911276,29432.052118553383,39160.98165623745,3372.6971134207006,53139.177972063815,3278.013831806269,53139.17797206382,0.0,1.0720582870786266,1.0590883179113006,0.02317190659959046,0.02880876848864753
SIM-G,98,1000,1.0,7577.476748497812,38206.529345019866,8137.5361634845995,38378.24299166378,928.6866094988627,53139.177972063815,926.0786191862949,53139.177972063815,0.0,1.0084631088146963,1.1944868107432938,0.02163741629926937,0.02756544192909555
SIM-G,99,1000,1.0,5844.803244077232,38146.93643718647,5922.337972537131,38662.80224941273,752.4810024367089,53139.177972063815,752.2498221831346,53139.17797206382,0.0,1.1152954418559953,1.0335174672522154,0.024377657736629033,0.02879748867503604
SIM-G,100,1000,1.0,4761.191791370147,38151.19395964025,4584.979057455739,38246.25232869215,548.5865419896347,53139.17797206383,548.6194434311491,53139.17797206382,1.0,0.999675677860565,1.094256027924233,0.02585216134994653,0.031898139696922644
SIM-ln,1,1000,1.0,93.23169907917182,42386.90544846363,9827.805916781359,42174.14202648349,44.561955129145765,53139.17797206382,73.90840477597827,53139.177972063815,1.0,0.9993128572461228,0.9978330009439605,0.004372847200111219,0.0177556051001101
SIM-ln,2,1000,1.0,80.28447720562414,47740.17043813354,85.2870607051612,48603.410297433555,14.126007814961737,53139.177972063815,14.127803648159048,53139.17797206382,1.0,0.9994674368153569,0.9986692111332051,0.04813790445738456,0.05251112465434933
SIM-ln,3,1000,1.0,80.09784395365,46765.22210288422,3741.0850645116752,47500.494106197875,22.882751174976068,53139.177972063815,23.431406243132663,53139.177972063815,1.0,0.9996705756660406,0.9993361771281881,0.0047873402180997485,0.011559826155935045
SIM-ln,4,1000,1.0,81.49818480157978,47957.049807718824,1657.616399582971,47391.29168232732,41.42712225760121,53139.177972063815,72.99484093973771,53139.17797206382,1.0,0.9997023134405135,0.9967179683262866,0.008617658213006732,0.01943803904339507
SIM-ln,5,1000,1.0,59.980043775753856,94754.93491378543,66.1754000867587,88117.18344984694,262.0344643142375,53139.177972063815,263.6392295875555,53139.177972063815,1.0,0.9989751252586718,1.0001940530320022,0.08065606146979594,0.08247475771400242
SIM-ln,6,1000,1.0,110.57746917919033,55536.440419241255,7220.580223400904,58626.51042707436,69.90907812828297,53139.17797206382,458.8122466690311,53139.177972063815,1.0,0.9987424146099765,0.9987223447117265,0.014446893808081441,0.008783479554722327
SIM-ln,7,1000,1.0,137.67442177979493,70153.71723872039,133.07945414228573,70613.51382387456,25.43072776483511,53139.177972063815,25.5193141110644,53139.17797206382,1.0,0.9988925888869503,1.000339614073933,0.053342445099487344,0.05911997199225161
SIM-ln,8,1000,1.0,7802.090873308967,64173.208481024296,4844.2392436825685,41027.39537263388,2147.678587216623,53139.17797206382,2017.8605818176588,53139.17797206382,0.0,0.9994912362892185,1.0012703335266673,0.004384597182592967,0.008730408823247736
SIM-ln,9,1000,1.0,1983.2703151041849,42368.516077354245,21515.739233143966,50500.335343392304,694.6437956013219,53139.17797206382,1988.5491061039133,53139.17797206382,1.0,0.9997571266469207,0.9984455464722733,0.025093363449281866,0.03584386695088653
SIM-ln,10,1000,1.0,223.60013288713776,57172.822687148684,180.02498202019322,56714.39356918019,56.95591161002697,53139.177972063815,57.49609352043427,53139.177972063815,1.0,0.9995932258468886,0.9989626805091568,0.03409447705432273,0.052961869326086
SIM-ln,11,1000,1.0,77.11292381441804,67686.80301393106,72.50082801033153,67478.6163580841,22.032675229527904,53139.177972063815,22.043576198860926,53139.17797206382,1.0,0.9991549071541154,0.9990295433401496,0.08955622359432609,0.09243820664784527
SIM-ln,12,1000,1.0,355.6681740102128,52500.12707480639,401.03731327813176,57864.67235908181,80.45597637777509,53139.177972063815,77.64718124804104,53139.177972063815,0.0,0.9995183197759128,0.9982518139955958,0.026813608146217683,0.032125298298799634
SIM-ln,13,1000,1.0,37.14405387218906,42058.230439435254,7007.0023280782525,39751.4628775016,1974.0420086308734,53139.177972063815,3084.635065599043,53139.17797206382,1.0,0.9995473601404437,1.0004660860163341,0.012392517612371876,0.00594181399512867
SIM-ln,14,1000,1.0,8.371815138065621,78892.5670673736,19.33109021652186,81391.21735739536,122.28221139984561,53139.17797206382,124.2994332131061,53139.17797206382,1.0,0.99872029438761,0.9990857563007403,0.040379880414108484,0.03969213706162459
SIM-ln,15,1000,1.0,22.995969518587035,42906.12382841353,31.39004568907945,43643.629241103095,1557.2980500795188,53139.177972063815,1556.965774295684,53139.177972063815,0.0,0.9992406411865739,0.9981474149442657,0.053654454830249984,0.052636561425233055
SIM-ln,16,1000,1.0,128.97582660196827,90521.41673879113,107.39344514590564,82201.66766833221,265.4232307754263,53139.17797206382,265.7473628544337,53139.177972063815,1.0,1.0000023751360452,1.001030893481806,0.07975451277176103,0.08046533699389737
SIM-ln,17,1000,1.0,71.64118828245492,44739.38637854968,14092.386789212147,42084.722827823825,194.2913084829832,53139.17797206382,663.8785195658611,53139.177972063815,1.0,0.9988228325978105,0.9990816773860638,0.01196723163832292,0.04244880997669306
SIM-ln,18,1000,1.0,10478.62045252424,48835.33304038274,12321.140415843485,39776.77456534208,1891.4014842603965,53139.17797206382,2390.2340258070326,53139.177972063815,1.0,0.9989040483333355,0.9989973718356875,0.02122267172311772,0.016189919442598198
SIM-ln,19,1000,1.0,361.9866728320229,49827.805977053344,3389.492267336361,46895.85523382271,47.16467056109677,53139.177972063815,54.1990721057396,53139.17797206382,1.0,1.0008814125530896,0.9992668808080862,0.021955516220468235,0.07463256281574036
SIM-ln,20,1000,1.0,131.79111882165836,53442.6364025665,31123.88563809976,51010.455498427626,137.848272418941,53139.17797206382,668.7687574494385,53139.177972063815,1.0,0.9985541116840118,0.9987723696133511,0.03309369732856129,0.02971402286176172
SIM-ln,21,1000,1.0,5.033908606960249,81648.51648352655,30.45506421569342,61775.516128958945,772.0956420223533,53139.17797206382,815.9458213114602,53139.17797206382,1.0,1.000055610728541,0.9990151859071382,0.11423553601990066,0.10375982366960779
SIM-ln,22,1000,1.0,335.5016686136413,173862.24973032146,9834.471349692862,146966.9510281484,545.104593402135,53139.177972063815,748.1495257398818,53139.17797206382,1.0,0.9982097613338023,0.9997206116679579,0.011751027376429586,0.020759482756373602
SIM-ln,23,1000,1.0,231.24963011945437,80326.2207598034,680.3521501821233,90235.59566786958,103.96084840655584,53139.17797206382,104.89428879036049,53139.177972063815,1.0,0.999514806596068,0.9935253043096638,0.07328113878720752,0.07614245792637796
SIM-ln,24,1000,1.0,149.26513546571988,50255.28202341094,153.4182696569774,52665.52902338558,27.647771349952297,53139.177972063815,27.611131282564287,53139.17797206382,0.0,1.0015178438647507,0.9987853789646557,0.08080950175844939,0.08751413772035598
SIM-ln,25,1000,1.0,154.49466189015394,45939.50758525016,21313.93826913135,57979.69457877309,59.871919272173415,53139.17797206382,767.9562894682065,53139.17797206382,1.0,0.999165393588143,1.0004402637488528,0.06329953445268353,0.09001449893778263
SIM-ln,26,1000,1.0,128.2916536872633,57703.93040783449,273.181929666908,70411.86810042751,33.1092859992862,53139.177972063815,33.07928809157403,53139.177972063815,0.0,1.00323187659602,0.9989892609077479,0.034735412570191616,0.027599685460576347
SIM-ln,27,1000,1.0,179.09047068595447,40611.533596133784,13862.648178590465,54488.84723048278,129.68156633965222,53139.177972063815,1458.6375619885773,53139.17797206382,1.0,0.9982583514682101,1.0000227585074455,0.009455586860467144,0.047571901180398085
SIM-ln,28,1000,1.0,114.32254369175567,72906.53487928853,21746.455000033573,81520.28316548465,89.31667007878482,53139.177972063815,121.42709304946945,53139.177972063815,1.0,0.9992119472560684,0.9980034353746637,0.004568935090786772,0.04820759081512539
SIM-ln,29,1000,1.0,118.95615153380398,89211.36211627357,119.99780289323024,80920.92222053968,60.99524193560404,53139.177972063815,62.4836010355867,53139.177972063815,1.0,0.9993126385368339,0.9993093761161527,0.026492003628242222,0.031872634985124125
SIM-ln,30,1000,1.0,160.56941716388422,60010.472580400936,10373.53027983162,50498.271270304074,135.06281278063108,53139.17797206382,1284.782902072231,53139.177972063815,1.0,0.9985650974683611,0.9971842514394114,0.05655668478922354,0.04019696098116665
SIM-ln,31,1000,1.0,121.17081759744472,51374.35037606093,105.4256450641735,46361.97107330653,20.456986788336337,53139.177972063815,20.446394677111858,53139.17797206382,0.0,0.9981215382565963,0.9989205252505002,0.044875487970512294,0.07064112100262325
SIM-ln,32,1000,1.0,177.66723313036664,67160.80392503465,294.26875819078566,75477.00201218498,149.9486040259704,53139.177972063815,151.15477799238778,53139.17797206382,1.0,1.0025627981407608,0.9994529027827478,0.019098898066778617,0.02078041950854955
SIM-ln,33,1000,1.0,72.45892202899701,40124.049320978396,10149.96954785144,68740.43736543713,78.41189142275523,53139.177972063815,981.7140861065217,53139.177972063815,1.0,0.9993964268104819,0.9989697493466101,0.030225242370212044,0.04996967352883073
SIM-ln,34,1000,1.0,83.31611436320638,42057.15392368161,73.58521656851575,41812.00642665461,18.438167421528988,53139.177972063815,18.44280972278895,53139.17797206382,1.0,0.999842053939137,0.9984598755262024,0.014844882969485234,0.0107224108487452
SIM-ln,35,1000,1.0,254.0622946474238,80072.39689375652,302.96388744189636,81745.93913232586,81.54450105984314,53139.177972063815,84.43256306808536,53139.17797206382,1.0,0.9996879363727628,1.0003805835872492,0.11674658355313203,0.11665848227709946
SIM-ln,36,1000,1.0,443.8895052119336,79442.04802077086,1062.073403027498,64302.151673587694,885.6061824141839,53139.177972063815,997.862771155706,53139.17797206382,1.0,0.9976376597301462,0.9992777470884762,0.0035302573400758127,0.0068607231969387145
SIM-ln,37,1000,1.0,33.53357640188403,57003.21168821465,465.90904575925333,47060.22612759224,167.5885584186814,53139.17797206382,170.2706362055508,53139.177972063815,1.0,0.9990540832298791,0.9985191169032385,0.01646979940453696,0.010051057040436703
SIM-ln,38,1000,1.0,230.43649489893903,55156.03159806784,8098.961205631844,68903.03552168039,88.08439248143813,53139.17797206382,1045.6031047748484,53139.177972063815,1.0,0.9994629422748692,0.9992483722330854,0.10575018311467739,0.08277901592341014
SIM-ln,39,1000,1.0,96.42517504825815,96091.56692502569,88.57520483171677,96784.2427036339,90.82222463238887,53139.177972063815,91.45525457331809,53139.177972063815,1.0,1.0003980148206564,0.999037990485677,0.0549192567380194,0.05451168671961878
SIM-ln,40,1000,1.0,103.58733271248862,47265.13251074167,108.36374240583106,48120.8449274609,19.601417445717775,53139.177972063815,19.626102971749265,53139.177972063815,1.0,1.00084456434024,0.9984825765640005,0.06485071310706496,0.07207585953621587
SIM-ln,41,1000,1.0,42.92359034115206,64554.18145578189,28.732617444047747,63597.36512431098,245.71156425005074,53139.177972063815,248.32518857457097,53139.177972063815,1.0,0.9981440373475262,0.9986009851525921,0.065077139755306,0.07019375085674294
SIM-ln,42,1000,1.0,235.86220388870757,149206.0939549428,149.34384183047186,137385.13953605434,182.62036108604497,53139.177972063815,184.03736014330065,53139.177972063815,1.0,1.000371839228045,0.9985290714561245,0.050532274722569326,0.07221267605163371
SIM-ln,43,1000,1.0,75.17416805532321,67005.61220918567,563.7854092855038,74626.12982144841,17.281031377201217,53139.177972063815,17.28766369209713,53139.177972063815,1.0,0.9992334113616752,0.998915373504264,0.026195325240004542,0.03479234037173085
SIM-ln,44,1000,1.0,269.81829926164954,53084.201762161974,10677.77507135346,114999.13243618903,117.5651709422317,53139.17797206382,738.0613482765177,53139.17797206382,1.0,0.9995624851260946,0.9982326612968186,0.027161755897389176,0.03539594063943995
SIM-ln,45,1000,1.0,37.30224020674788,105554.14003757911,263.63255055085216,145272.93191590876,38.014960836375955,53139.177972063815,38.565301542613255,53139.177972063815,1.0,0.9988898138709907,0.9992957298255046,0.11377318001194357,0.1354456936027337
SIM-ln,46,1000,1.0,284.03981303299946,140754.40502075397,442.8388870621399,111525.72888318662,505.0175752374513,53139.17797206382,540.8269536434233,53139.17797206382,1.0,0.9996196435760959,0.9983958893289505,0.09470948569828758,0.07745821599744107
SIM-ln,47,1000,1.0,22281.452236404646,45819.83917785036,31916.111417687414,39377.30318169021,2486.7170436153474,53139.17797206382,3654.0968866983967,53139.17797206382,1.0,0.9995920304384918,0.9989532870776027,0.06885204508172768,0.032198884397629725
SIM-ln,48,1000,1.0,363.4917825036026,51695.50728796371,6859.5876957134415,59150.64628930563,69.42180994067607,53139.17797206382,126.30561669776996,53139.177972063815,1.0,1.0031879291042047,1.0006765099862516,0.01723392010101737,0.07540965189173326
SIM-ln,49,1000,1.0,414.22736357613496,63602.563608842764,337.1117712345216,54708.42112668291,123.72690087800265,53139.177972063815,128.18988626190804,53139.17797206382,1.0,0.9992160478151046,0.9997876827956169,0.043256781625283555,0.03725769223768832
SIM-ln,50,1000,1.0,183.1549120708882,45719.21002621978,243.67190383675012,43600.84750870321,331.3028381023273,53139.177972063815,321.65676687518715,53139.17797206382,0.0,0.999819350942516,1.0007639548882936,0.016125024338142016,0.004929949378084092
SIM-ln,51,1000,1.0,376.6171838044313,183541.98430236412,297.48232265662807,47998.8793141723,1529.264581000938,53139.17797206382,1662.1016323068327,53139.177972063815,1.0,0.999385584369578,1.0033868482489943,0.040315317248062074,0.027373985010665288
SIM-ln,52,1000,1.0,87.31017514862936,200929.11606978043,107.81145062629243,197779.06302728024,264.77446018850105,53139.177972063815,269.5036925982399,53139.17797206382,1.0,0.9990288562529815,0.9984760515562436,0.07164570557335773,0.08689776718126961
SIM-ln,53,1000,1.0,139.15804683871482,50546.13094791668,5811.820401516765,96241.46650705511,44.91105422458129,53139.17797206382,137.39248330919298,53139.17797206382,1.0,1.0002441115699232,0.9992733375426439,0.06609220878496834,0.05307965859388658
SIM-ln,54,1000,1.0,472.44583197289853,43469.39495979156,16887.06670014248,57835.79582449638,212.6758042164551,53139.177972063815,727.1747589868271,53139.177972063815,1.0,1.0003534710896254,0.9985499017569823,0.08087319442405838,0.07721031727550295
SIM-ln,55,1000,1.0,134.1833086208566,65798.9990891484,2267.608557197342,42009.004259467474,1480.089150102393,53139.17797206382,1867.614183471868,53139.177972063815,1.0,1.001712402431339,0.9995688100892319,0.035272782347932304,0.014794505602829978
SIM-ln,56,1000,1.0,202.28303341351426,76988.22712077908,510.470742554186,96333.0658868297,168.8616410200921,53139.177972063815,170.33706909282915,53139.177972063815,1.0,1.0063007566780968,0.9995655402727706,0.06328598174736857,0.05953785036400634
SIM-ln,57,1000,1.0,159.05303345867378,50135.851143158114,4552.841123328133,49360.427977234365,57.438430967189916,53139.17797206382,75.05227033375465,53139.177972063815,1.0,1.0007957532574017,1.0017466107929849,0.01345627318973412,0.05900256370091602
SIM-ln,58,1000,1.0,144.40389755301914,111165.16580264692,4019.020206919865,133307.49620382383,94.27361210312665,53139.177972063815,127.14073576949103,53139.177972063815,1.0,0.9993731191548968,0.9981520598542364,0.022889978264502665,0.07333117734855174
SIM-ln,59,1000,1.0,228.7359533213246,109078.18239516018,201.93911909180488,105842.1213623842,69.07341276584395,53139.17797206382,68.72569173983767,53139.177972063815,0.0,0.9991417426039728,0.9993492604238852,0.06015006343363514,0.05780340506819928
SIM-ln,60,1000,1.0,54.42245898053058,56651.69111910644,7386.22695275198,138111.15703353134,237.5245612421449,53139.17797206382,948.5956908732808,53139.177972063815,1.0,0.9992196089901463,0.999968900477693,0.011475417852950599,0.04203908306696012
SIM-ln,61,1000,1.0,128.200660152569,70590.8986973869,135.80187376389068,71107.75221330581,31.01619871962822,53139.177972063815,31.204301263662998,53139.177972063815,1.0,1.0013868195192577,0.9986590851526007,0.04160069055704096,0.03887847944703898
SIM-ln,62,1000,1.0,60.08750615602493,59244.81717145501,18027.93106700149,66482.30904393393,60.58371323172086,53139.177972063815,191.8332029792029,53139.177972063815,1.0,0.9984934344616324,0.9998694967329903,0.014279343348013899,0.010511627690005248
SIM-ln,63,1000,1.0,1149.491596181244,45785.646498670976,14392.639342528131,40345.32346082588,2176.5519455269723,53139.17797206382,2621.231285637952,53139.17797206382,1.0,1.0068690235023168,0.9979676404770493,0.056410430857963434,0.04068892010300455
SIM-ln,64,1000,1.0,265.683950276332,102592.0090502419,255.65293166563728,92041.08842218485,54.802220462261985,53139.177972063815,54.57387203056604,53139.17797206382,0.0,0.9990059390455678,0.9987101779694094,0.11694101029669465,0.10970818286333196
SIM-ln,65,1000,1.0,249.76895632717304,48037.67377669542,540.6711595319617,53292.55642953399,271.9596804352989,53139.177972063815,278.76899601993443,53139.17797206382,1.0,1.0004836860233404,1.0008825411760922,0.06288070017940411,0.06855013024812555
SIM-ln,66,1000,1.0,125.50305432502705,90487.16226210423,229.34644520075474,96845.07378901515,79.15906204111326,53139.17797206382,74.61143893041661,53139.177972063815,0.0,0.998370760095001,0.9996893778534524,0.06424852034113848,0.05196246455307242
SIM-ln,67,1000,1.0,182.19270281047764,42514.45152925787,6333.19183693831,44469.75726541242,275.6258870840393,53139.17797206382,1443.1492657524248,53139.17797206382,1.0,0.999007357483714,0.9961089840894496,0.03855099299941756,0.022707882333147255
SIM-ln,68,1000,1.0,32.01583803128794,47945.378113962375,80.90033358684036,51438.328074146906,20.799365538373497,53139.17797206382,20.779981924441046,53139.17797206382,0.0,0.998032845941825,0.9987834022188824,0.027914275878529165,0.050825522234734646
SIM-ln,69,1000,1.0,100.43520285183976,90676.6045337968,5571.239658490763,60997.04545927394,265.67398785104626,53139.177972063815,718.6200638285749,53139.177972063815,1.0,0.9994197487951312,0.9982155956593524,0.05914169352622186,0.015448793191445565
SIM-ln,70,1000,1.0,85.65458841807728,63948.245013518586,127.06931321376373,66490.58280896838,32.63288535169988,53139.17797206382,32.85466579035773,53139.177972063815,1.0,0.9994924879899006,1.0010672271956178,0.04379928993845463,0.04542262366921054
SIM-ln,71,1000,1.0,94.67197192742556,49055.56867686128,561.6500301060204,71840.53855622392,43.460286801365,53139.177972063815,44.128096118001665,53139.17797206382,1.0,0.998289577268017,0.9999576555297438,0.06691011904270863,0.03881452307498984
SIM-ln,72,1000,1.0,84.62933563527335,76642.00249073486,1189.0679751284001,116427.05367474297,50.747889347301225,53139.177972063815,69.70937417377438,53139.177972063815,1.0,0.9979199039568302,0.999370229633086,0.024345192394800905,0.08062436735370807
SIM-ln,73,1000,1.0,102.19704379762516,64517.469107998906,963.2191016803908,69587.37437185991,36.96364310728295,53139.177972063815,40.019451464900364,53139.17797206382,1.0,1.0019992284238102,0.9989760860607081,0.023297968087996793,0.06689420129535985
SIM-ln,74,1000,1.0,148.43980506382434,86962.26038718333,8617.997302258535,143455.83426472335,250.9866166036345,53139.17797206382,276.1242797997829,53139.17797206382,1.0,1.0028367660114952,1.00101950436673,0.030783404451418795,0.1040684134990735
SIM-ln,75,1000,1.0,13001.871261401304,49778.422372234956,12074.073964867195,39165.03658328386,1748.3294475851576,53139.17797206382,1688.29181009057,53139.17797206382,0.0,0.999267046519215,0.9991666448694657,0.029069973543281863,0.02311020777834433
SIM-ln,76,1000,1.0,220.5415619040699,176851.82620485814,234.24376294987195,174663.03791464388,73.21492018294609,53139.177972063815,77.10260343733239,53139.17797206382,1.0,0.9987677570041996,0.9989167395617083,0.06058601045108004,0.05328290091385709
SIM-ln,77,1000,1.0,165.85223273926442,62008.9443850418,120.72406638257527,57341.447107254564,32.070650120430344,53139.17797206382,31.878151785740936,53139.177972063815,0.0,0.9989547341530471,0.9996767481716478,0.09022355052280988,0.08312704434248508
SIM-ln,78,1000,1.0,31.126064011459306,41565.988504745015,231.61858561964888,41531.846038455275,13.466240833768452,53139.17797206382,13.475268746523643,53139.17797206382,1.0,0.9990314148926195,0.9990129100314409,0.008786424483947699,0.015267336301283414
SIM-ln,79,1000,1.0,197.7536489306014,45901.387977747254,2318.5522369087207,49162.28962977852,593.259759304734,53139.17797206382,1059.5930406486377,53139.177972063815,1.0,0.9994750856440885,1.0064440017697458,0.0142796985185008,0.012354649411432316
SIM-ln,80,1000,1.0,128.7523061558553,46771.519119819735,8444.58214952228,51411.41010321458,125.87494963384385,53139.17797206382,1620.3444374151904,53139.177972063815,1.0,0.9993460765719689,0.999179834974995,0.031233548423991005,0.0703035863193156
SIM-ln,81,1000,1.0,155.20394736554653,56189.651682216456,113.80706761572617,53095.62499655808,41.33429339356018,53139.17797206382,41.73080998289511,53139.17797206382,1.0,0.9992580448675757,0.9992174736582403,0.04005597170620161,0.037739249397069984
SIM-ln,82,1000,1.0,63.374448999484784,63183.60390512801,2341.8739533361554,87403.230858677,484.45405171061464,53139.17797206382,1254.864926502254,53139.177972063815,1.0,1.004241435816444,0.9990855892175486,0.03938475101227664,0.06554965472876921
SIM-ln,83,1000,1.0,99.01262546249833,50796.44687747526,216.37573403770813,57445.27146463155,26.6438147748728,53139.17797206382,26.57671644375805,53139.17797206382,0.0,1.0002790400316575,0.9995385166136587,0.022319140615273594,0.011877444568776376
SIM-ln,84,1000,1.0,134.7711850230508,63669.071008492334,81.32167917945299,57755.21143577823,19.941857328403973,53139.177972063815,19.952401951007772,53139.177972063815,1.0,0.9999019903130009,1.0003250117500138,0.06821956294975659,0.07354150302232243
SIM-ln,85,1000,1.0,339.8612586759373,53994.89234509766,554.4384333870296,64950.52351417638,79.22491403037553,53139.17797206382,78.67010869055005,53139.177972063815,0.0,1.0026078089191683,0.9984438834034851,0.06717843551110655,0.07800334397120244
SIM-ln,86,1000,1.0,103.00004432210119,40860.41246831702,2237.480510829021,51267.37763887531,17.22172440990372,53139.177972063815,20.794200626785774,53139.17797206383,1.0,0.997383581438809,0.9990222031940079,0.05300536408502569,0.06653843977315319
SIM-ln,87,1000,1.0,53.486327704771696,67808.30288116759,142.7406617423344,67665.33042355628,80.44693646651245,53139.177972063815,83.40672373981383,53139.177972063815,1.0,0.9991526681345051,0.9992893176432915,0.011390023458712073,0.02194234293027396
SIM-ln,88,1000,1.0,62.65573053949719,71359.88664962916,66.38786471438755,71406.5945478148,36.03289556246315,53139.177972063815,35.955516534570236,53139.17797206382,0.0,0.9989964315297533,0.9998096966338701,0.04266174193496762,0.03765381140664222
SIM-ln,89,1000,1.0,88.5473594951145,59787.17033877931,120.23311839469821,62027.58862307991,32.266452620321786,53139.177972063815,32.85303315360591,53139.177972063815,1.0,0.9988576641980076,0.9958508286784402,0.027719681316649557,0.04154905460694175
SIM-ln,90,1000,1.0,231.36292582415797,54335.84761453618,298.7188131974151,54704.14344687869,60.50210193619888,53139.177972063815,61.6299558626652,53139.177972063815,1.0,1.00318049462976,1.005405674463935,0.07860822449573097,0.06894596259163131
SIM-ln,91,1000,1.0,51.37941721968433,83831.75991925827,49.58585146745784,78684.51901718226,244.54333921285507,53139.17797206382,243.43289214959086,53139.17797206382,0.0,0.9995471920842353,0.998982426459356,0.01682854290691668,0.02419613769358981
SIM-ln,92,1000,1.0,88.86323008678144,40781.039456431674,84.2664362218965,40472.08698705894,19.06081437773532,53139.17797206382,19.051177955596987,53139.177972063815,0.0,0.9982744953085616,1.0031236198019018,0.033535872532337634,0.033905719627536475
SIM-ln,93,1000,1.0,315.63619656199796,60205.19068989625,13478.657304082833,69017.97069541641,111.46390126164505,53139.177972063815,970.2203369860745,53139.177972063815,1.0,0.9982822674440126,0.9980246458481487,0.08105365246695465,0.10716531890532784
SIM-ln,94,1000,1.0,164.99219669258719,48297.379982237144,143.1160179012856,47012.992315355754,74.31161774467768,53139.177972063815,74.24512350454056,53139.177972063815,0.0,0.9989374485246988,0.9988154938193606,0.010588498260988738,0.009908876797567736
SIM-ln,95,1000,1.0,81.44805552129782,53885.45034441988,83.33425317179751,53129.57054562377,18.32488950740565,53139.177972063815,18.324553168853562,53139.177972063815,0.0,0.9963706390644445,0.9994507936034748,0.007154526816780615,0.0057663146094034355
SIM-ln,96,1000,1.0,182.60499546645653,64278.27525491522,7047.574573166047,45334.56061325704,341.62420647847955,53139.177972063815,1864.629808394634,53139.177972063815,1.0,0.9980474856676309,0.9987506915955191,0.007933226985390281,0.005715842961498248
SIM-ln,97,1000,1.0,163.24968154802815,65944.71514245874,138.25024879734445,61390.90478713032,79.42624529433562,53139.177972063815,80.80728458263667,53139.17797206382,1.0,0.9982163087037134,0.9992270211233034,0.013854321344791204,0.013180164359350044
SIM-ln,98,1000,1.0,190.41198180420372,52819.779674073,2034.9990406363709,47783.923839791576,48.15044122810614,53139.177972063815,51.41539612178388,53139.177972063815,1.0,0.9987830539314022,0.999746299258386,0.018018553398575384,0.07197014466195725
SIM-ln,99,1000,1.0,497.25013826282293,79628.4523322804,5460.77463375601,78864.84177516037,107.47629530306443,53139.17797206382,250.6279201204661,53139.17797206382,1.0,1.0008315386997455,0.9975721858128073,0.05274769009003032,0.02701466797204084
SIM-ln,100,1000,1.0,122.56633061666818,43874.09767534044,125.46476410947369,44259.756420840626,20.29644337600577,53139.17797206382,20.283429926419444,53139.17797206382,0.0,0.9990441522125337,0.996517673665633,0.05264771524094342,0.06304562807228009
Cha,1,1500,1.0,111533.26089975417,176961.9463565156,91194.28702550373,96141.69267581086,4819.298495486387,119696.58924742763,7102.398416762107,119696.58924742763,1.0,99368271.42647824,100220404.98167954,0.05705431878851182,0.005531958837157128
Cha,2,1500,1.0,52008.612982076316,87126.35330095055,59448.73887745306,94836.71851096868,4360.886878322471,119696.58924742762,8282.31529754178,119696.58924742762,1.0,100497894.56776667,98659807.0135929,0.007271112547082623,0.013811204684640681
Cha,3,1500,1.0,32401.893046625075,172601.65821721742,11386.362179340758,87415.84236089478,6838.3305915384035,119696.58924742762,7650.073930895212,119696.58924742763,1.0,99924703.63662931,100328743.80045289,0.006358604758795999,0.01121855614817423
Cha,4,1500,1.0,55152.357287850515,86727.82040391273,37817.687097714945,86300.13280601538,4812.71007979907,119696.58924742763,4617.359504334412,119696.58924742763,0.0,99556361.45638889,102555452.19922622,0.03818329240240679,0.0074919428231685955
Cha,5,1500,1.0,77920.6253637699,98001.05882204731,59065.490912569716,88459.36231428784,7667.780956066499,119696.58924742763,7306.755637182416,119696.58924742762,0.0,100777401.26337956,96813941.94587155,0.020609190830388695,0.006119677474193954
Cha,6,1500,1.0,9596.611585968778,85515.67512149081,60866.403023681196,87736.28343069924,7307.552911055952,119696.58924742763,7640.292311664436,119696.58924742762,1.0,106927915.80793734,137636522.30496487,0.014441072441371891,0.004631908140390669
Cha,7,1500,1.0,11183.473176798281,139130.33736132862,22355.894544821676,86023.85067760036,2570.2171223934215,119696.58924742763,2653.228657689485,119696.58924742763,1.0,105483155.14373334,114905155.21985067,0.01213042776782114,0.0017895765783299878
Cha,8,1500,1.0,38194.90189806963,107886.10219229585,132155.55693487357,233922.31792573095,5485.5338689567,119696.58924742762,5614.918353954876,119696.58924742762,1.0,104667693.95105599,135321553.77437153,0.025145734532326023,0.002706619845927833
Cha,9,1500,1.0,27219.432782553653,85283.03753855193,52952.43577002562,87811.83402353509,6082.523002006625,119696.58924742762,5952.684970908646,119696.58924742762,0.0,101562958.272944,99382428.97127956,0.02058045866831604,0.0026590657515235053
Cha,10,1500,1.0,92175.23122815028,597782.3566599038,2279.467133697929,95114.77932065807,5356.401675290981,119696.58924742762,5897.581193507363,119696.58924742763,1.0,95925564.07526933,99382170.9682649,0.08051342034432006,0.03974173992118992
Cha,11,1500,1.0,48345.62309797236,85412.98596728969,38333.25074524888,85449.22780271218,5041.806457854692,119696.58924742763,4870.533713811097,119696.58924742762,0.0,100075223.38270402,101666589.0410929,0.01715946464079244,0.014647487375515907
Cha,12,1500,1.0,4946.210107980373,86503.03950821678,34216.28307778605,124456.95734237568,5351.9738623031935,119696.58924742762,5180.9215962949065,119696.58924742763,0.0,97563038.41513734,119070918.57315555,0.020586302929583626,0.003412520034116413
Cha,13,1500,1.0,33703.23423333935,130816.10724303144,34226.16791756953,88709.93896685191,3200.499875203297,119696.58924742762,3053.4843063745266,119696.58924742762,0.0,101236913.78180623,98600445.96635157,0.007622187695785219,0.020858493558724413
Cha,14,1500,1.0,15723.841448672149,85586.42123193323,22412.762322761628,87307.21526860796,2769.761513428599,119696.58924742762,2746.6405394230055,119696.58924742765,0.0,99323657.20553067,98631114.87797156,0.0205634316033249,0.017920838400402483
Cha,15,1500,1.0,65557.59054697573,94342.94177917743,53136.194529848086,86472.01715430812,6659.213202172297,119696.58924742763,6306.087892592758,119696.58924742762,0.0,99714238.16375822,98096530.41478933,0.034065477500477406,0.01421731246119725
Cha,16,1500,1.0,42336.231965760046,121610.89908789344,4041.3130589599728,86813.67949836628,2796.8128275621543,119696.58924742762,2790.199008484329,119696.58924742763,0.0,149433534.49917153,108817069.77232487,0.0019048968712932855,0.012815750740063924
Cha,17,1500,1.0,19499.699997380543,86375.77343862873,23462.842966233602,90353.9031643679,2783.3283681572584,119696.58924742762,2805.057013700608,119696.58924742763,1.0,98033670.24315555,96901292.83381824,0.014851898628467686,0.01594726420644822
Cha,18,1500,1.0,16491.397994796887,85769.77086319822,15247.657456657598,85680.8766270438,2088.035291648159,119696.58924742762,2088.68704983468,119696.58924742762,1.0,100989744.61284399,103558152.704544,0.01913295831888263,0.0199587504522954
Cha,19,1500,1.0,61698.553678717784,91492.28034128477,53119.41870384926,85620.10900679487,6710.12268849767,119696.58924742762,6691.313190588014,119696.58924742762,0.0,99621029.89207602,95413426.70663954,0.015586431100863492,0.006696393025278821
Cha,20,1500,1.0,43366.169885956755,85248.3251282545,38731.99099201137,85745.01384407957,5072.251978603743,119696.58924742763,5091.039415386658,119696.58924742765,1.0,96894292.79696488,91216105.41028622,0.018636115304314867,0.008768954680968392
Cha,21,1500,1.0,22081.7810187636,85365.96692965485,15040.521207965532,85957.90916284293,2475.0755801652267,119696.58924742763,2278.7779119869347,119696.58924742763,0.0,95034272.15622222,89472554.21193734,0.020652498259711292,0.007828481871745053
Cha,22,1500,1.0,12707.204597188354,85340.11975024058,16709.829122380157,86147.22290008048,2168.3388254175798,119696.58924742762,2128.1200440146104,119696.58924742763,0.0,98926213.346,104792491.7104582,0.014618482719144357,0.005621534768043664
Cha,23,1500,1.0,42149.60089165096,84790.2880269032,35614.46338754454,86264.63174934819,4997.472312864602,119696.58924742763,4885.927150239126,119696.58924742763,0.0,101033579.33922489,101508556.5431449,0.012998198571295742,0.016236004930650173
Cha,24,1500,1.0,37161.67683770815,86171.24391030765,63971.966006163486,152012.51183403743,6237.551006813925,119696.58924742762,7172.527832577851,119696.58924742763,1.0,92111495.55550931,88928413.212976,0.015364872792799623,0.02591797818648543
Cha,25,1500,1.0,13331.370515688062,85780.11034869839,40530.496192176484,116809.88945060337,3884.8001807327673,119696.58924742763,3104.3295028570183,119696.58924742763,0.0,100439712.99119289,90095431.19335955,0.022962357835537375,0.00553143818939898
Cha,26,1500,1.0,42095.38773012353,85610.71850464637,41088.29928702215,85698.37911396433,5170.116314313109,119696.58924742762,5079.7220321247805,119696.58924742762,0.0,98972882.74173334,79512452.20465556,0.020943372751400582,0.007479844049387325
Cha,27,1500,1.0,85154.89354574075,85434.80519216768,54283.93297971589,181970.8162122338,5050.309466193674,119696.58924742762,9675.753581693452,119696.58924742763,1.0,93275753.09911822,101464695.73088887,0.01879559538341359,0.025437356246968308
Cha,28,1500,1.0,131478.27428503172,150603.77878881388,37846.19029396886,96494.20546159288,5251.080608390506,119696.58924742762,5016.750537066842,119696.58924742762,0.0,93509874.89415288,116351576.37817599,0.010343776541888788,0.0038566270147537564
Cha,29,1500,1.0,47164.87991834372,147875.32745390068,24254.44600934092,89707.88373329467,2860.646036096061,119696.58924742763,2833.6129052083097,119696.58924742762,0.0,100693308.68175288,99062970.26827157,0.07224617037672945,0.027073485821669883
Cha,30,1500,1.0,85616.69558864663,108916.45059320767,50865.346982835385,85319.66086706697,6739.632565355687,119696.58924742762,6930.148186082725,119696.58924742763,1.0,106623591.50517823,100929815.5820249,0.02015036104643321,0.01929970574467637
Cha,31,1500,1.0,28031.99824379443,88484.18795310365,74426.2528925082,86318.76827057844,2665.5351020657954,119696.58924742762,9193.314693238073,119696.58924742762,1.0,100652541.50055955,93912478.9589849,0.02163549566764063,0.014073995610707575
Cha,32,1500,1.0,51874.497564491394,86583.44618973666,77372.15915212507,113081.99479986116,7411.744891071699,119696.58924742762,8666.534817927011,119696.58924742762,1.0,99833885.42242266,97839757.08649734,0.015800645667349074,0.042345109551890636
Cha,33,1500,1.0,18817.05443767961,85021.10042510497,33803.46668589933,148462.8857425715,2182.4857096861892,119696.58924742763,2181.2791679222637,119696.58924742763,0.0,99360556.12221289,103324324.15314622,0.026450553892479068,0.028140317529343817
Cha,34,1500,1.0,80468.10690580115,86403.70443675475,54065.895055222325,411042.6341907006,6267.964077322138,119696.58924742763,3817.389622900719,119696.58924742763,0.0,100315039.02301289,103243852.3951729,0.02013166443034253,0.007896274682028102
Cha,35,1500,1.0,12862.326188764695,85761.62149987434,12171.517130114256,84942.62877892639,1842.6204370943565,119696.58924742762,1833.1889346344262,119696.58924742763,0.0,103461052.94795556,102647671.22905733,0.009662867487961312,0.009616431309095641
Cha,36,1500,1.0,38782.5060937316,85938.75167684274,35825.341546453084,85445.75776312994,4680.10312078395,119696.58924742762,4606.750286472665,119696.58924742762,0.0,104709265.36732222,107079579.3646449,0.017583714492026763,0.019615261450456348
Cha,37,1500,1.0,124658.99533558002,122032.44235386289,83122.46496686511,347567.2998910392,7756.934370204466,119696.58924742765,3275.206608697642,119696.58924742762,0.0,101311556.7855729,97738980.14812224,0.10771092558130577,0.06337586244642718
Cha,38,1500,1.0,37933.12804640181,86304.63069890518,16386.707503613176,86792.55385115203,6227.975738408195,119696.58924742763,6281.412303463816,119696.58924742763,1.0,100239645.7759982,103201773.4644249,0.010128421736786434,0.0158888518595505
Cha,39,1500,1.0,73605.03734100124,91434.82255286709,37104.76764703754,89917.37324707628,7336.665100398267,119696.58924742763,6648.574826347336,119696.58924742763,0.0,93207220.64972933,88747391.75877821,0.016486534975823242,0.030834175195775505
Cha,40,1500,1.0,43878.32806453071,85389.77565645064,27869.958313979078,87944.9383883553,4537.296314688818,119696.58924742763,4213.838646936342,119696.58924742762,0.0,101841518.00182402,102307772.61369732,0.01201011260251148,0.006834627988521104
Cha,41,1500,1.0,42598.86823903759,85383.6654911349,40085.692874228684,85417.01335889375,4962.840592515962,119696.58924742762,4945.29770188875,119696.58924742763,0.0,99567754.29532222,89911196.4324,0.020154918928505346,0.007134375502410196
Cha,42,1500,1.0,8926.485783727501,85890.79814186951,34502.72734751844,120368.38893001273,2401.922298964573,119696.58924742762,2480.2445201782903,119696.58924742763,1.0,106121968.04976489,109763981.5841707,0.011625390446827462,0.0063827724812349235
Cha,43,1500,1.0,14325.766302426162,85356.28384235807,47086.76369884218,93272.40323844622,2385.8687637300927,119696.58924742763,7419.233609233002,119696.58924742763,1.0,101040623.43276265,102273553.8001649,0.03496829386934556,0.036732881756345974
Cha,44,1500,1.0,65002.94262771345,85762.88188297204,63160.6072166163,94339.6605538716,7901.7404404697945,119696.58924742762,7609.6219048266585,119696.58924742762,0.0,101033554.156396,98006678.83088888,0.019285392108334777,0.006489563943152314
Cha,45,1500,1.0,73169.6009563102,86371.81955119829,56437.03335914216,89918.67288209623,8251.470268858087,119696.58924742763,7228.195614676177,119696.58924742765,0.0,100607117.4499,95497460.00493288,0.015654436612038074,0.01761019888970052
Cha,46,1500,1.0,83176.94132476795,85430.68352293977,2007.4168616193424,125033.64762961095,6437.637445626469,119696.58924742763,2617.44673783546,119696.58924742762,0.0,97877970.12715556,102340389.69893155,0.007758651251226013,0.03698081730100975
Cha,47,1500,1.0,118301.99014857161,137880.03336087364,53865.17762388229,92656.72660441976,8281.225764508668,119696.58924742763,7917.782037908744,119696.58924742762,0.0,92203693.619084,105776681.72436622,0.019483179011972808,0.008509470294980101
Cha,48,1500,1.0,29732.53292375756,91528.70234533775,45360.29683616232,117024.86605067446,4475.2334237866,119696.58924742765,5400.241088114566,119696.58924742763,1.0,100403501.23323733,107093962.99879956,0.041176239986294744,0.024225089348924464
Cha,49,1500,1.0,43836.818009080744,85510.28431851012,35690.52240126504,85599.56756655697,4918.814431772114,119696.58924742762,4613.915539804448,119696.58924742762,0.0,99151540.38704488,97323995.1346329,0.026845909070138358,0.025047820078986694
Cha,50,1500,1.0,39211.47858573428,86103.12963034581,68230.21088867687,155964.58128203935,4974.273074910651,119696.58924742762,6399.568702963219,119696.58924742763,1.0,99700281.39328487,104252542.29279289,0.019362785616211325,0.0358128892134196
Cha,51,1500,1.0,84501.67970791348,125159.74650870643,33083.69340582945,85823.54522249033,7444.962008716185,119696.58924742762,7197.108136356732,119696.58924742762,0.0,98179314.35744488,98367906.22238399,0.025584647448804305,0.009379628948022778
Cha,52,1500,1.0,43719.40807698223,85734.25727249894,75836.87663895037,85755.0185494678,5027.522125756835,119696.58924742765,8646.645631131265,119696.58924742763,1.0,95270358.53655955,95874462.82412224,0.022813767418978528,0.023840697104676206
Cha,53,1500,1.0,17134.00421589143,87289.18016145001,108650.77164797885,324916.2275503897,5538.123919891115,119696.58924742763,5553.716767330044,119696.58924742763,1.0,95198461.32493156,97658997.15130489,0.025930667035952447,0.030964071527202274
Cha,54,1500,1.0,14951.144882424403,85097.85599654054,15133.875684626264,85286.26682466317,1928.0360997422158,119696.58924742762,1934.2481985218935,119696.58924742763,1.0,100734872.53397822,104579568.36057065,0.013296339555613906,0.012136109908698912
Cha,55,1500,1.0,20014.337085536845,86385.05958598101,16975.267633154446,85729.06485200014,2308.390501188056,119696.58924742762,2323.755885642135,119696.58924742763,1.0,105043860.24172223,104316255.72783288,0.028510681643853862,0.016504668560425158
Cha,56,1500,1.0,16682.05937808765,85697.4329044357,34268.813734788404,123009.75691022807,2413.350425010534,119696.58924742763,2494.6867835595667,119696.58924742763,1.0,94525194.30873735,94955695.601836,0.023423110016848984,0.01720522287740935
Cha,57,1500,1.0,51266.72065717056,93366.06037800046,33703.93927351705,86013.50704776496,4823.373802020366,119696.58924742763,4672.295041849606,119696.58924742762,0.0,102013960.90698491,97444671.635616,0.016512564164705645,0.02767529685698304
Cha,58,1500,1.0,45562.324517545756,86619.54376874857,81574.73622599604,85869.80686161917,5369.6079200949935,119696.58924742762,9130.319094234848,119696.58924742763,1.0,104630869.03607956,100209876.86866666,0.014099041828354558,0.03142386293054157
Cha,59,1500,1.0,6400.029419835557,89734.06184167317,31233.48987593496,91736.88679778416,1265.6665268983597,119696.58924742762,4420.111156539155,119696.58924742763,1.0,97529894.00747156,96938956.31942934,0.024559657375568682,0.03691291946253031
Cha,60,1500,1.0,43092.33619012358,120615.08969284504,25055.83062373426,86926.57460645681,3158.5343319816993,119696.58924742763,3600.2498715503734,119696.58924742763,1.0,96457855.74875155,99055532.93212223,0.10573954518607509,0.045833004763649834
Cha,61,1500,1.0,45771.444869654646,85549.65346126519,39470.28623820408,86335.93329842534,5048.637910431419,119696.58924742762,4982.220159802968,119696.58924742762,0.0,96960345.4992889,102194690.31201068,0.021394687123959023,0.002804248363724166
Cha,62,1500,1.0,59160.91867421876,297570.0,7964.441859894479,85655.97448247904,6499.698138038462,119696.58924742762,6492.462621152741,119696.58924742762,0.3,75865295.26444621,58724597.8544,0.004515360371870481,0.004588596112967761
Cha,63,1500,1.0,34641.36653649072,152182.15028617968,10181.91839411783,88847.87546689014,1732.9347083385405,119696.58924742762,1710.1928738610354,119696.58924742765,0.0,102659664.97616488,104391914.48827735,0.05402146127697413,0.028497818566605125
Cha,64,1500,1.0,28988.017910882503,141506.854013854,23286.35799162309,93505.09727284346,3648.746595102957,119696.58924742762,4010.6898483288815,119696.58924742763,1.0,110194284.67122623,101689012.13443334,0.001610780404476415,0.010699483101227932
Cha,65,1500,1.0,23713.07632012532,86785.96469942707,55537.7561087921,89591.13178309257,4383.499911766461,119696.58924742763,3971.3653372770814,119696.58924742762,0.0,84589875.86190934,94061948.86589998,0.016492947122294144,0.014082255840693865
Cha,66,1500,1.0,42088.031844009805,97206.98429185015,126672.58833344956,269120.7038124029,5115.718446173919,119696.58924742765,5103.232515869335,119696.58924742763,0.0,95917380.28066666,78321700.14131734,0.049199104960879946,0.0099888337327286
Cha,67,1500,1.0,1240.1691351118488,85578.70290508117,72391.11956296011,218450.73377380642,2392.3216094122226,119696.58924742763,2302.437637343941,119696.58924742762,0.0,96777396.35639599,75164579.90048888,0.02356245273952733,0.0015581105696483677
Cha,68,1500,1.0,67645.10707893006,85137.13768783817,76426.54451206626,86733.00153483258,7844.375552870515,119696.58924742763,8487.426788827384,119696.58924742763,1.0,100740385.59383956,100229611.63079822,0.026261365302374325,0.031844861168009976
Cha,69,1500,1.0,73558.04439823143,87347.11817176921,82194.16214027503,87727.1915125966,8661.308624816811,119696.58924742762,9400.409704411304,119696.58924742763,1.0,98182178.15484624,95604743.39582223,0.02493396585252876,0.023986483649763215
Cha,70,1500,1.0,62599.31005956574,116964.14988579055,44185.227987367354,85298.97074604135,5419.6431365321705,119696.58924742762,5845.717317157654,119696.58924742763,1.0,97177861.1186182,100819046.02821822,0.06549298412944188,0.02757893973612074
Cha,71,1500,1.0,86894.09841258285,170187.43146234553,30130.377096466662,85212.59784959485,5046.336325504616,119696.58924742763,5003.376770587811,119696.58924742762,0.0,98557670.20103955,94733181.02215287,0.0044470913636603625,0.02115325849835826
Cha,72,1500,1.0,54064.798253625035,91862.74092198753,50970.202770111704,110914.92461020369,5915.107098520057,119696.58924742763,4583.612108073617,119696.58924742762,0.0,98387564.13593733,96510662.42699154,0.03532646514791272,0.01804613282909561
Cha,73,1500,1.0,38523.18023775801,86050.45351685485,36598.53448922752,86629.43264438769,5089.159835654049,119696.58924742763,5110.287566449786,119696.58924742762,1.0,100819518.901676,99734978.3404849,0.01596025523601701,0.005814119409282275
Cha,74,1500,1.0,46071.16313304243,85723.14343347205,41650.264261284916,85069.6316509487,5435.9075724429695,119696.58924742762,5369.716090148433,119696.58924742762,0.0,102761477.8852529,104377420.74366933,0.01814269975966616,0.014452482247833662
Cha,75,1500,1.0,51325.77219243866,85553.99613597902,74529.88920173961,90017.03614300833,5149.085059543015,119696.58924742763,9583.230819764842,119696.58924742762,1.0,97745466.64091153,97936610.95036621,0.014710300974099463,0.022847245903175405
Cha,76,1500,1.0,65819.96744741338,85823.52318683459,46866.39911361832,88674.26908243183,6989.1843342203865,119696.58924742763,6504.8761853709,119696.58924742762,0.0,97550281.37068933,98257884.31359066,0.013107777690272273,0.015791871622593122
Cha,77,1500,1.0,14126.831970910378,85292.00530543517,47972.15174915992,89610.34346787831,3654.7766293152417,119696.58924742763,9685.615451715597,119696.58924742762,1.0,95046108.33067155,88055188.00266665,0.024622470858655703,0.012424393525998842
Cha,78,1500,1.0,39912.44888536438,86037.61627268116,40422.99977638364,85206.78867072053,5219.697030229842,119696.58924742763,5209.140781226384,119696.58924742762,0.0,97917920.93715556,100995612.64946264,0.012123091152169892,0.005658686027788183
Cha,79,1500,1.0,59437.55578431598,94286.93884073466,54632.61071302499,86017.02318926365,6606.500782984104,119696.58924742763,6564.685614893252,119696.58924742762,0.0,94959080.0582649,96623042.3939,0.03600848578913328,0.02292010787829624
Cha,80,1500,1.0,29510.642366977176,90414.46427926263,59586.28618726756,177562.56127787108,5566.726747083425,119696.58924742763,9415.11915379588,119696.58924742763,1.0,101241752.81383821,98852734.66077289,0.011740418811348373,0.015261287284698409
Cha,81,1500,1.0,24282.111196060454,85450.50374679676,29393.657244749636,91207.78155677405,3204.716624646486,119696.58924742765,3221.726105975684,119696.58924742763,1.0,105633672.78533822,100123540.30991288,0.020723095019506595,0.01707684198233131
Cha,82,1500,1.0,33232.9463355128,88224.31992114274,46978.37542903254,87676.73876251117,3826.363531559674,119696.58924742763,4523.899173335168,119696.58924742763,1.0,100474834.43859734,101861175.01665556,0.029253183655818926,0.01725088427758859
Cha,83,1500,1.0,14330.28741775294,86493.88379427695,12817.301654601533,86124.29890416733,2118.7154407157022,119696.58924742763,2113.0143430575,119696.58924742763,0.0,104216640.40262224,105838643.70894934,0.018591301815983643,0.020880710739840755
Cha,84,1500,1.0,56741.43422583774,86112.29037456258,38197.73026313705,88245.23233947193,7070.890102731399,119696.58924742762,5589.59762768467,119696.58924742763,0.0,98089540.77132222,100154930.99003157,0.006337312737603979,0.008375503646100138
Cha,85,1500,1.0,52123.0239860023,85636.39280957074,44653.50624717917,85926.33977116825,6051.75303595546,119696.58924742762,6001.728776632429,119696.58924742763,0.0,101027463.15997157,104266073.21833733,0.02153888225674244,0.013014836592528679
Cha,86,1500,1.0,68983.01359372867,85610.26446616404,113004.3943134882,180719.94716011902,7469.178948527965,119696.58924742762,7246.66440919275,119696.58924742762,0.0,104160302.7824889,100083308.72763155,0.013512107592720831,0.09010921610404524
Cha,87,1500,1.0,1648.0520617805719,85919.28447864062,122173.00456087299,277413.99032597983,4907.594719351002,119696.58924742763,4779.601352580023,119696.58924742763,0.0,105934228.64882621,10740069.277551554,0.016522882096306802,0.0007627269910845435
Cha,88,1500,1.0,26229.173789603927,141964.3124723017,47360.0764218541,110736.21720786295,5641.371044519072,119696.58924742763,6605.326204673564,119696.58924742763,1.0,98585215.58339734,102399830.17747733,0.11019933262776999,0.031787792728305335
Cha,89,1500,1.0,57.16121142497699,200466.5110948422,26858.78097944083,526144.002855476,4508.522253541207,119696.58924742762,4528.9711626226235,119696.58924742763,0.6,112069182.0104889,110877913.3441329,0.005528101697619786,0.013892872112002057
Cha,90,1500,1.0,39342.19423444904,86098.25254806419,23017.657327572095,88716.27663581075,4545.517727724921,119696.58924742765,3669.571330737842,119696.58924742763,0.0,99679548.59356934,105636935.95113957,0.015877528476332815,0.005307813783670961
Cha,91,1500,1.0,8154.14421418346,86900.10435153503,11269.36083564166,86042.68565843355,2476.0594374649268,119696.58924742763,2483.580900253947,119696.58924742762,1.0,107561309.46683735,114089395.27801599,0.015486722297381529,0.007487320358257616
Cha,92,1500,1.0,23940.56820630716,86353.08597138608,34084.81343302181,97560.42066249257,3854.282138015565,119696.58924742763,3787.5544493345888,119696.58924742762,0.0,97381225.35615288,91380744.21572623,0.015511046881569646,0.019165261343739595
Cha,93,1500,1.0,12276.372979703168,86289.18280342924,28433.25526376497,142543.84552926698,2535.9145747113653,119696.58924742765,2749.530635756302,119696.58924742762,1.0,106417181.69256668,112113718.87616488,0.018530179552278033,0.02651294460867237
Cha,94,1500,1.0,19437.08451184436,85564.0939909963,61765.1423290417,85345.41393931437,2219.5376314792265,119696.58924742763,4923.699380967997,119696.58924742763,1.0,97117180.22895068,96700346.21745555,0.022228974455537915,0.0439831255015161
Cha,95,1500,1.0,183465.93024633266,247630.21012713277,11497.066614005915,199302.837062932,5869.511395347728,119696.58924742763,3630.2671850746833,119696.58924742763,0.0,92888493.50957288,101635384.29709156,0.005956866575070326,0.01767886835561915
Cha,96,1500,1.0,11259.812178278415,423162.1226393181,81.08150640469526,88127.42953183905,8212.592897054421,119696.58924742762,8517.274160257475,119696.58924742762,1.0,113847549.85415597,97520232.4224889,0.009442336118081887,0.010523225441773792
Cha,97,1500,1.0,86516.635813309,149706.1909497576,41897.25986576612,85442.81548613167,6043.721293882683,119696.58924742763,6373.343222668364,119696.58924742763,1.0,99417330.48375602,102418839.24688888,0.010085032926091302,0.023335014993951186
Cha,98,1500,1.0,83782.17740799682,89025.03161912593,105626.37107825525,138677.1480041445,7176.989727649867,119696.58924742762,8686.250626174944,119696.58924742762,1.0,104279157.62587154,98990152.4410649,0.06284066182648702,0.04052108479330695
Cha,99,1500,1.0,40221.13787613491,85373.83476389927,43348.12261588013,85145.60864952827,5074.817753836516,119696.58924742763,4961.009350578891,119696.58924742765,0.0,101745523.71826266,102557582.4723249,0.029566613247010234,0.02442933231537783
Cha,100,1500,1.0,25245.917631666052,84956.57616168463,44546.863414477506,89292.82151121678,4169.234246505972,119696.58924742762,4926.471239217401,119696.58924742763,1.0,98970484.36,107207757.73980932,0.009447415778085609,0.020003098039203533
Cha,101,1500,1.0,29555.67087239181,229733.19450685795,3981.934796679105,91234.04683596418,4359.019976070224,119696.58924742763,4496.779660984538,119696.58924742762,1.0,109302752.72196269,108722330.90155557,0.0025150104866588224,0.002691401545383744
Cha,102,1500,1.0,22900.269760208434,85262.32860963378,81462.72394407591,87412.25979594424,2883.619653072161,119696.58924742762,9265.041116654309,119696.58924742762,1.0,103423391.150316,98802129.54190001,0.016911103457652316,0.01722827761277515
Cha,103,1500,1.0,20702.363668116937,85508.91934675684,28730.136222339228,87181.2858337202,2509.3249243526434,119696.58924742762,2786.879625268957,119696.58924742763,1.0,100954279.82818621,96701996.81241734,0.023443681365154685,0.025527456908340213
Cha,104,1500,1.0,13663.45242554248,85238.67252737176,62997.40578902448,88308.87368880707,2142.5175267741565,119696.58924742762,7823.409824207449,119696.58924742762,1.0,96151225.27369067,98569504.6167729,0.026035268283659093,0.01584155314320419
Cha,105,1500,1.0,56989.48182089402,85748.13529231312,71488.16600946627,116862.5371731497,8192.154447853703,119696.58924742763,5966.134468517775,119696.58924742763,0.0,98884855.7912049,100348786.28720488,0.022442352193243777,0.023152529396198645
Cha,106,1500,1.0,40805.23506619099,242048.33115470337,21057.740429055848,91256.29203286287,4244.452389406659,119696.58924742762,4499.787718191106,119696.58924742763,1.0,93807203.09383288,105720058.42513065,0.004414928908446326,0.009827068966579491
Cha,107,1500,1.0,64263.76394297331,91216.52720847569,64731.99285048554,85455.57605691488,7913.169506548778,119696.58924742762,7486.68373701872,119696.58924742763,0.0,98480151.87157157,95568228.11847599,0.03704586490485024,0.015702889547121318
Cha,108,1500,1.0,4541.39929401758,311942.2071202233,54.967311390545106,91356.1052039411,7844.3318125220185,119696.58924742762,8488.90707014568,119696.58924742762,1.0,130898132.1097329,120661049.22838892,0.0008738872653551051,0.0010424863915950361
Cha,109,1500,1.0,50871.702749123346,85003.00148187403,61867.474983528096,89353.43283980509,7454.462656880392,119696.58924742763,7534.05927375298,119696.58924742762,1.0,102655853.453356,102407913.32941154,0.020733390811610575,0.01169836694644937
Cha,110,1500,1.0,23899.587993467718,87277.76717326524,19912.554007902225,85350.28622142144,3170.548735179894,119696.58924742763,3188.644963533794,119696.58924742762,1.0,89864150.11865601,88855208.08743823,0.004917112958816245,0.012950501693089755
Cha,111,1500,1.0,12653.810330404383,86306.169099805,49226.85474478988,182017.0285250776,3446.600150558554,119696.58924742763,4162.452977595018,119696.58924742763,1.0,95739637.13445155,93238477.86460268,0.031610372825947614,0.023254840364188786
Cha,112,1500,1.0,17653.503686716533,85077.04261259301,34693.648953267024,88151.38913279626,3215.4542037230817,119696.58924742763,3395.212579162462,119696.58924742763,1.0,96466327.73303601,93097381.15111601,0.022607721761204472,0.02205523709492848
Cha,113,1500,1.0,15831.814049679122,85922.89098227202,16813.96664725887,85462.99471127152,2234.0477142012164,119696.58924742762,2251.415098512818,119696.58924742762,1.0,100053380.20595556,97791434.01195556,0.013011924376587658,0.009205621557016758
Cha,114,1500,1.0,15751.74296246492,85237.2809461912,15680.98255523999,85894.42436132283,2081.1583774455416,119696.58924742762,2067.6089722742236,119696.58924742762,0.0,94465603.39538267,94024117.83698267,0.014038744814994434,0.021255208611907505
Cha,115,1500,1.0,233946.55387956067,251891.06737377957,73039.3053314013,97644.97202254059,8919.338353398049,119696.58924742762,8402.071940077913,119696.58924742762,0.0,98554559.43365823,101168372.01105554,0.050248626647683876,0.05261211467828473
Cha,116,1500,1.0,45008.017591015196,85097.06271055952,43322.52921029474,85567.2247088278,5459.849890496867,119696.58924742762,5355.064142625102,119696.58924742762,0.0,91402887.13757156,85188901.32516623,0.024798484523155907,0.009317202584820035
Cha,117,1500,1.0,47459.353166027875,90519.90467070809,28774.35657619984,86032.43596464698,4963.598865314708,119696.58924742763,4849.599095238773,119696.58924742762,0.0,101598982.24081956,98205726.88348934,0.03043753298202832,0.011408241768180246
Cha,118,1500,1.0,32444.55229287153,85005.22872826786,103064.57682716212,145059.28993000824,4740.3304084963875,119696.58924742762,4187.344763807735,119696.58924742763,0.0,103373032.4825649,98393889.71271954,0.021241337614839085,0.09545435046298523
Cha,119,1500,1.0,32624.315161302053,85353.25658500261,42490.93579859307,128693.44036885601,2968.625170293504,119696.58924742763,2550.022685446912,119696.58924742765,0.0,100922460.92304488,104118123.52585734,0.027835105741969044,0.012809075758705248
Cha,120,1500,1.0,25752.97868856672,85559.1094735983,66218.50819767581,167620.13845382008,4451.054038260563,119696.58924742762,7975.198489887024,119696.58924742763,1.0,100433916.57247823,103905773.33358933,0.026419811034655013,0.07035930035242569
Cha,121,1500,1.0,24137.25902113854,91341.35053512733,16395.61410927313,89158.02333348287,3937.620008019009,119696.58924742762,3851.0367079357484,119696.58924742763,0.0,106845085.2206329,103962839.74559066,0.016014857978268206,0.021239960339611157
Cha,122,1500,1.0,94086.8014603659,219216.4696454621,14883.499065137119,86629.76950963288,6200.3508134165295,119696.58924742763,6532.213652457688,119696.58924742762,1.0,81756462.51479822,90828476.27238889,0.007337637337991673,0.008869247058946775
Cha,123,1500,1.0,62717.45529489264,87337.06207620223,48802.872662386595,85874.55480262294,6832.234662188769,119696.58924742762,6713.932487126498,119696.58924742763,0.0,99046090.3582449,100481644.24465556,0.021210501633922473,0.0382097118061567
Cha,124,1500,1.0,62081.138547099545,85115.9166264332,71259.28256075263,96659.36158974384,8132.314909484986,119696.58924742763,6803.123871551321,119696.58924742763,0.0,91444487.596304,100787304.800736,0.020673919195999882,0.020969519946449484
Cha,125,1500,1.0,47627.654081406516,85490.09459247265,73946.47689658453,98307.58386111696,6768.600154806729,119696.58924742762,6574.270171540877,119696.58924742763,0.0,106806955.20009957,101938120.0963782,0.01661166894763746,0.09278987155058746
Cha,126,1500,1.0,44836.038465313286,88895.09567033105,19742.975802370704,87502.43790546118,5590.519131372742,119696.58924742763,5637.192914852476,119696.58924742763,1.0,103912860.6344729,104448964.286224,0.028650361488093034,0.02846352049874303
Cha,127,1500,1.0,47959.82131217688,96188.65370097428,32308.098507223534,85996.3105708005,5750.326448126889,119696.58924742763,5703.85630976111,119696.58924742762,0.0,81638714.72418621,82394061.5251249,0.01281974809824844,0.011429287272880716
Cha,128,1500,1.0,50590.86584279512,86624.96281623292,81864.00756170126,120423.84890398536,5973.8270023345485,119696.58924742763,6205.034265463089,119696.58924742763,1.0,98397865.57316266,97077097.04994267,0.013484221282183758,0.04426581507140249
Cha,129,1500,1.0,19833.057998144315,114428.71812106289,6457.022581563985,88676.92125378166,2780.9926907666086,119696.58924742765,2801.5249457324376,119696.58924742762,1.0,102302878.24538489,99509224.99965288,0.008575817998009423,0.019638611064290875
Cha,130,1500,1.0,42234.4109470191,86235.08653838687,31414.90725031629,85037.07200572637,4759.087427738729,119696.58924742762,4691.50182021543,119696.58924742763,0.0,101109985.456684,111447439.90643334,0.012111719683808092,0.004323047106878824
Cha,131,1500,1.0,53250.11306480761,92753.4620032521,78529.51519138846,97919.79254613505,9435.250165403937,119696.58924742762,8580.10285531676,119696.58924742765,0.0,102183304.45719291,98801776.44493333,0.030975018137470053,0.031415844838575485
Cha,132,1500,1.0,22819.637407547067,137080.84608298462,25318.906135487257,86354.6823917548,1856.4841253505542,119696.58924742763,2118.7622248284156,119696.58924742763,1.0,107504140.74739733,101012545.01159957,0.006810890594822982,0.03236186317159417
Cha,133,1500,1.0,28078.822724512087,160831.92261539248,11614.311468375032,89488.92189792101,2897.8760072652403,119696.58924742763,2973.869353646596,119696.58924742765,1.0,106231803.90165822,104737962.61730489,0.05987376778246251,0.03395044375453096
Cha,134,1500,1.0,77406.86435260205,85716.1964141699,53549.81721275435,87188.39656982887,7112.796865729834,119696.58924742763,6994.691522824545,119696.58924742762,0.0,96827026.52545956,100950043.5107889,0.015766715661063833,0.007277926405211734
Cha,135,1500,1.0,18292.10219022489,84940.67700091633,64926.39169356303,93477.91034093063,7696.027144785119,119696.58924742763,8119.575872912781,119696.58924742762,1.0,99281106.77535823,108319197.7801849,0.018895497918214432,0.0014404167972448105
Cha,136,1500,1.0,11899.030530173484,91188.20283134904,5605.168326714658,89110.87805896085,2650.041798374895,119696.58924742763,2662.318159568237,119696.58924742762,1.0,116895729.30329955,106626291.03643157,0.0042757914241903115,0.017161623995605592
Cha,137,1500,1.0,66562.05974718201,86010.88768881686,90989.38267262984,91870.78190473004,7770.186983612537,119696.58924742762,9674.991009979112,119696.58924742762,1.0,101237342.00732267,103673605.63395555,0.01834785294634289,0.06959949884595736
Cha,138,1500,1.0,20849.58323230765,86171.5876691336,15648.828093050652,85465.8226537985,2573.106379474173,119696.58924742762,2422.5517625763823,119696.58924742763,0.0,92717684.84003733,91452683.42450623,0.00751691119699546,0.010404839147315954
Cha,139,1500,1.0,15493.078068954954,99258.34531346809,10341.842940569404,90681.23208775496,4140.780517125035,119696.58924742763,4051.1951866131158,119696.58924742762,0.0,87088015.13248889,97260960.33063957,0.011756963071170067,0.019014971839746906
Cha,140,1500,1.0,70060.37147691494,85223.15136525339,47785.4840909878,93081.81990563871,7980.550526805042,119696.58924742762,6457.596499265557,119696.58924742763,0.0,99694818.25903821,97817160.90012221,0.02094535406263607,0.023159116079316856
Cha,141,1500,1.0,11145.10066725882,96351.10239910171,9718.579677692731,101932.79856234623,3445.3754423654796,119696.58924742762,3507.3798486500336,119696.58924742762,1.0,99238575.6606329,100734954.27340934,0.014773269582370897,0.035540244790870326
Cha,142,1500,1.0,45774.1150345598,85248.18880232348,45139.01004784506,88064.31193896594,5172.653659152478,119696.58924742765,5104.975331002068,119696.58924742762,0.0,101788918.126316,106809112.67719822,0.025046886355532042,0.00539850186966415
Cha,143,1500,1.0,80833.44983296545,85902.88060580895,68970.73455827183,133894.9109673596,8915.920291821742,119696.58924742763,6674.495123909011,119696.58924742763,0.0,99271203.3147889,102053115.20973289,0.021043829448533287,0.05716249375195789
Cha,144,1500,1.0,18748.34071788351,86723.05420814315,22961.864043989342,89505.24504218245,2791.156426739201,119696.58924742762,2735.5940730397165,119696.58924742763,0.0,101530296.08875154,101413072.58972223,0.030865138401884016,0.026243998857442757
Cha,145,1500,1.0,39900.37594561746,85968.05077718929,11486.537324426918,86031.92321664153,5420.0858853723,119696.58924742763,5484.280929922802,119696.58924742763,1.0,122288729.34502932,108458773.9070649,0.001925227043641741,0.0030163564660015546
Cha,146,1500,1.0,23333.373814620987,127125.61461069265,38380.80030744588,93863.9895085935,3536.7421414600067,119696.58924742762,4855.629608957059,119696.58924742763,1.0,100242068.40065555,102781447.43782935,0.01828643011548006,0.013102115997351177
Cha,147,1500,1.0,36822.186458762306,87707.58499669336,52886.34210069571,98412.65620778165,5539.878857340298,119696.58924742763,8243.325881095756,119696.58924742763,1.0,97914003.8715,105374806.4530382,0.03407359883398322,0.018436637204840328
Cha,148,1500,1.0,9000.137510753779,86470.52190246808,36132.67853205203,88393.65990260392,4631.813488694694,119696.58924742762,4882.39455730601,119696.58924742762,1.0,98405315.78557287,98340947.99559823,0.018445275166432552,0.008004342870359837
Cha,149,1500,1.0,61558.578946453636,86522.82078564362,61874.42462533685,85487.97332820963,5519.677232283286,119696.58924742763,6795.021054562476,119696.58924742763,1.0,102843834.228224,114206401.28172223,0.014911450926297046,0.005377280805540927
Cha,150,1500,1.0,18369.00124553699,86284.45170720326,28944.887860167415,86326.73756989709,2551.2960494133076,119696.58924742762,2599.787416584094,119696.58924742762,1.0,93206164.54416488,88967968.52891156,0.014040586131165253,0.020875975180530897
Cha,151,1500,1.0,61635.78792238385,86214.22007787859,74719.9823078835,141020.91088541521,8525.161362470246,119696.58924742762,6760.842827198219,119696.58924742762,0.0,98482559.95212223,97438303.90573157,0.008648016927852376,0.01709459522040432
Cha,152,1500,1.0,72649.12648758075,85605.51182068829,81948.32217207618,128203.14409457006,7861.013333784858,119696.58924742762,7373.632479940265,119696.58924742763,0.0,99320261.02557288,102624237.25036266,0.02435378246674565,0.04430331931097176
Cha,153,1500,1.0,49034.87909194286,85385.79816502232,151972.34166282616,222983.5884972897,7216.297466866341,119696.58924742763,7319.946324067356,119696.58924742762,1.0,102807514.326144,52366186.85136489,0.015601999668389776,0.0011415558868715107
Cha,154,1500,1.0,32043.255637562586,86425.49961027238,207586.3574513609,457466.0130652638,2240.307923312531,119696.58924742762,2236.8335281084287,119696.58924742762,0.8,100241657.46570489,98780612.40423822,0.018049599916859862,0.16195087948830575
Cha,155,1500,1.0,40049.65165849756,85757.00575595348,73645.3547962628,168767.3338768214,6388.904691162234,119696.58924742762,9554.622765975511,119696.58924742762,1.0,102121008.52195556,99189857.27535823,0.018178106490013564,0.019771747012629338
Cha,156,1500,1.0,95264.8869122217,97161.98826726721,129046.37863154247,162065.29736496898,5607.404765403975,119696.58924742762,5718.74998732501,119696.58924742763,1.0,100040449.12427157,101098067.33345556,0.013136977217669403,0.00295596939608778
Cha,157,1500,1.0,69732.32273760745,85396.53357522754,47326.143084372714,93019.36721538444,7744.733155649726,119696.58924742763,7381.548890083479,119696.58924742763,0.0,99510242.39579733,98631737.46347156,0.009827011636323702,0.011878474366244429
Cha,158,1500,1.0,35507.66704566007,85026.44694395442,43698.97831702384,94534.41581686828,4327.9409407976755,119696.58924742763,4374.180476536561,119696.58924742762,1.0,103442362.25317822,102112014.03655823,0.015610528577070557,0.014853236898240297
Cha,159,1500,1.0,84852.52401795304,174013.1898032275,39629.35965802062,99183.03603637955,6798.131536584847,119696.58924742763,5877.794800230769,119696.58924742763,0.0,104768598.09745069,105615356.09843333,0.00883955990681233,0.01908679369842168
Cha,160,1500,1.0,22238.90269880187,86190.673283165,147731.15790026996,201721.9241254606,5320.798514272816,119696.58924742762,5238.016400497577,119696.58924742763,0.0,94427755.97906667,105455032.1135729,0.012456398911848014,0.004535789951897997
Cha,161,1500,1.0,36.62820557594091,85663.49257307671,95922.54230566384,381718.74154073873,2197.87659600612,119696.58924742762,1955.2914109690842,119696.58924742763,0.0,96841188.49179155,151689143.89055288,0.016375559077184652,0.00069839425476092
Cha,162,1500,1.0,81350.85779931297,85860.6652571902,76271.55811235242,94279.4502181662,8178.607257940477,119696.58924742762,9063.296480932167,119696.58924742763,1.0,100741259.3051,89858485.55431823,0.018654109392915424,0.024200562689887573
Cha,163,1500,1.0,8346.94252202473,146608.1386678426,1548.6859522929005,90822.50306544741,6023.905006065339,119696.58924742763,5764.517974748294,119696.58924742763,0.0,45354678.982788876,92112975.46482623,0.002476365124433405,0.0030613438505181054
Cha,164,1500,1.0,19674.188789764863,84885.6102354175,14756.62843200789,85806.26067376116,2266.7008382936124,119696.58924742762,2031.5257489092664,119696.58924742763,0.0,97853042.25794622,98733950.75069289,0.021885861395105708,0.013945385719243369
Cha,165,1500,1.0,26067.935420648086,85769.33018646561,21069.98222192471,95992.96583359927,2331.599788724736,119696.58924742762,2293.851585826611,119696.58924742763,0.0,101856492.9635,102645845.87293155,0.020997685140828642,0.010230182301094948
Cha,166,1500,1.0,36390.09062802042,89161.2153920856,6065.350846865443,91766.20536786303,7556.022655456055,119696.58924742762,6824.706280276814,119696.58924742763,0.0,131773571.56572223,104721804.69105066,0.0010946417349330636,0.0099623229954301
Cha,167,1500,1.0,39921.015238851774,87174.49747553535,35569.8103194822,85977.28451128845,5961.136432722102,119696.58924742762,5918.329541577549,119696.58924742763,0.0,77160999.30469823,78020026.78243333,0.010062525221283047,0.013201194821024918
Cha,168,1500,1.0,7124.130544290342,109986.05136747376,7201.317526031511,90491.33621500022,667.6256077501735,119696.58924742762,675.1063226471405,119696.58924742763,1.0,102758274.20797156,105234517.22240001,0.07639704432890763,0.0448135467600351
Cha,169,1500,1.0,78963.88512976943,144510.4989693077,49938.007563767635,85800.32876781524,5240.845724425324,119696.58924742763,5378.889663908154,119696.58924742763,1.0,101094374.28699155,104617890.2761049,0.0873593582422759,0.012077763742760065
Cha,170,1500,1.0,16752.215251465535,85285.89021097065,16004.185345466653,85098.01467378074,2173.8454712777134,119696.58924742762,2143.47594795639,119696.58924742762,0.0,99001037.18315153,100428957.12141289,0.02069028733954996,0.018879865126868622
Cha,171,1500,1.0,104289.9971060219,177109.36208665022,27624.53357941305,90894.06298761263,4640.335353282351,119696.58924742762,3827.0714562117805,119696.58924742762,0.0,94977427.08145554,99750502.29665557,0.0355790141187573,0.02486802273886832
Cha,172,1500,1.0,81371.13779333912,85112.59404347098,16404.986310888507,89567.83967124415,2302.0051857427134,119696.58924742762,1955.179922278009,119696.58924742762,0.0,99996165.32405156,103682365.87964268,0.011274405273689614,0.011859917741959183
Cha,173,1500,1.0,26460.210268370844,85402.56169580373,34191.26868281287,104397.28025441512,3097.3807544526762,119696.58924742762,3136.824863682813,119696.58924742762,1.0,100459226.4379462,94397991.26005821,0.030191110890360952,0.03263296659156963
Cha,174,1500,1.0,34382.728722789005,86349.90602528922,46113.33846986789,87625.62864888516,5592.068614089067,119696.58924742762,5900.346132305671,119696.58924742762,1.0,103081244.43412268,106358566.4604849,0.015490881642768599,0.012439385871700853
Cha,175,1500,1.0,41757.73483397451,85522.23404079105,55685.61049143024,87141.55920859208,5867.088052064133,119696.58924742762,6998.273682171955,119696.58924742762,1.0,95584503.03777601,65664150.260122225,0.019412636990244727,0.025152926470536113
Cha,176,1500,1.0,15524.718243596235,84799.29422566088,17038.926892183452,86091.64384270547,2175.753098093597,119696.58924742763,2113.727629645163,119696.58924742763,0.0,99307493.12592489,97687299.69618489,0.024017043730738298,0.01718559347537801
Cha,177,1500,1.0,53264.164549573085,160403.43502895636,84682.60052292133,92432.2724951503,2912.602584152768,119696.58924742762,6106.496060090514,119696.58924742763,1.0,99402034.84761955,99142194.0544889,0.025760029931883664,0.0425222332765001
Cha,178,1500,1.0,17284.006128291763,86924.34508238336,16450.23969989629,85583.18604131992,2469.4885717961906,119696.58924742765,2472.3015240420705,119696.58924742765,1.0,93560807.91945733,89731246.14052266,0.010741626447681516,0.010991540005403798
Cha,179,1500,1.0,15152.914414942179,85706.68581934604,37582.34049274115,88038.476712175,3973.4926864386553,119696.58924742763,4162.270972634279,119696.58924742763,1.0,100419122.20839955,85758259.61668622,0.0043565357599837234,0.004509893879144002
Cha,180,1500,1.0,53374.4160771727,178204.6083757857,1594.1438681245534,131709.94551951325,7078.341992723753,119696.58924742762,5568.19482000479,119696.58924742763,0.0,91790096.74308266,88370659.6363449,0.005126243277543934,0.004759050716977799
Cha,181,1500,1.0,46859.26631133249,85088.0837774514,51985.0640077526,88116.00455289768,5451.361595609744,119696.58924742762,5464.221543426751,119696.58924742762,1.0,97146554.82865556,96583385.17235734,0.020288050569660914,0.014509057525475644
Cha,182,1500,1.0,60782.372153563236,86321.46811827665,52077.405835865466,86742.16264016696,6548.259504246189,119696.58924742762,6477.333124045619,119696.58924742762,0.0,101199597.36572623,101750342.52034265,0.014856379930261487,0.005884785156440671
Cha,183,1500,1.0,82214.46224287874,117787.51830221503,33026.85938096536,87498.4825353259,5532.750847931713,119696.58924742762,5673.909822665835,119696.58924742762,1.0,92183392.24325155,93944229.60295822,0.009379531377480014,0.005088664053793791
Cha,184,1500,1.0,102420.44538933114,85037.23663639954,55751.46087693531,92143.82516336004,7361.380139993785,119696.58924742765,7001.35643716869,119696.58924742763,0.0,99596237.1556529,92131947.67689958,0.022468205888926448,0.002087032483959989
Cha,185,1500,1.0,47354.33822522884,107270.9383319597,34498.7214046062,90336.70027193332,3083.509529071607,119696.58924742762,3206.9613147404716,119696.58924742765,1.0,99092236.04822221,96327767.23976669,0.028941434525808395,0.038239931233921845
Cha,186,1500,1.0,147971.47749471015,172343.08917449383,38202.61369596327,100892.16531341634,7473.572489547552,119696.58924742762,7436.803170140496,119696.58924742763,0.0,94973162.82145555,99316621.36105067,0.009493138841587336,0.02410614591907108
Cha,187,1500,1.0,95705.1483912837,159317.49736781005,72646.6902441691,133276.39028511356,5747.900954206142,119696.58924742763,5591.822288900022,119696.58924742762,0.0,100366390.83093335,97545513.99182932,0.03496875421300609,0.12260085655427258
Cha,188,1500,1.0,94752.79619892854,137192.41066664568,59198.06962393604,85083.89788320244,6344.032323819385,119696.58924742762,7318.3041479991625,119696.58924742762,1.0,98374106.50062223,97616174.17645156,0.04838606786359379,0.02896792146615463
Cha,189,1500,1.0,30222.56943069511,106269.86894417666,69854.37312534239,93225.2462691892,2497.8294984127756,119696.58924742762,6712.57135574313,119696.58924742762,1.0,98142387.69662224,99643542.1267889,0.04962526386456748,0.03231306608669039
Cha,190,1500,1.0,17488.72855706424,84888.18579808486,16447.876600210573,85522.77419642499,2259.5915264713117,119696.58924742763,2222.1909723892204,119696.58924742762,0.0,100082416.17437288,97016804.49426624,0.014634512893583992,0.012171073187158314
Cha,191,1500,1.0,47500.77388620376,147771.40234614298,31630.508004370797,135906.66670561075,3327.6165719635324,119696.58924742762,3369.3415888387135,119696.58924742763,1.0,89037605.4688729,98677409.01180623,0.07753210851605705,0.014793152045320885
Cha,192,1500,1.0,15709.133138459401,86765.94214525529,14437.984444409733,85866.90767457265,2195.3130541821783,119696.58924742763,2205.9581909501035,119696.58924742763,1.0,98645266.3494862,99409119.87005155,0.012256472365247238,0.015176991224962402
Cha,193,1500,1.0,25404.036515323693,85264.02424072678,33303.11084679687,87219.02089442279,4156.806360663422,119696.58924742762,4157.661643663962,119696.58924742765,1.0,97734398.52688888,12738623.905946223,0.025339282441185152,0.008906404867432662
Cha,194,1500,1.0,11497.796523121207,86444.86807442899,13288.024511376923,86480.05828513477,2275.908838856973,119696.58924742763,2230.6116250083574,119696.58924742762,0.0,105375084.88732223,110023653.70465556,0.004687773815045106,0.002156062228168839
Cha,195,1500,1.0,54096.24435299302,85126.14748143611,46198.770273640366,86407.88666186683,6279.732020267591,119696.58924742762,6312.529963530019,119696.58924742763,1.0,101518317.02181822,94560114.42635156,0.02542502826687732,0.01380997770721081
Cha,196,1500,1.0,29486.102308017536,87626.1180663596,13268.204107251802,87140.74197666046,6253.111321134718,119696.58924742763,6336.296477054184,119696.58924742763,1.0,111266687.75638887,105619099.24445288,0.011977199079081916,0.017438750393247486
Cha,197,1500,1.0,42944.904257440576,85687.48707779775,42757.98904131988,85964.61870071443,5526.496043012945,119696.58924742762,5537.3222315923795,119696.58924742763,1.0,97922217.35545732,92735787.89099155,0.018739103962133623,0.011430820294427614
Cha,198,1500,1.0,8929.092375923052,102109.23085530367,12527.770346863294,87140.74528278821,1033.1662030976445,119696.58924742763,1036.5180435551317,119696.58924742762,1.0,100319092.52377735,100717427.47780624,0.03758730298613296,0.011521506584609984
Cha,199,1500,1.0,116113.42964707088,178791.7573197314,11789.610971064034,86525.84836688169,7623.75648811967,119696.58924742763,7851.306586775363,119696.58924742763,1.0,85913449.00720489,94910229.40236935,0.0019842496004531802,0.02194905523376631
Cha,200,1500,1.0,33393.716190662904,85627.36455057164,63914.328677766156,129744.8992726457,4020.3841968621964,119696.58924742763,5690.602731387385,119696.58924742763,1.0,101839910.72012223,99646154.49431288,0.013143943321850381,0.1046330053841223
Cha,201,1500,1.0,5368.207992061853,87006.93944196594,88832.16075364337,143914.08218750195,7689.0338351009705,119696.58924742763,6661.951784158459,119696.58924742762,0.0,103212560.04667155,159068205.20020398,0.025229906445268804,0.0008910228440613718
Cha,202,1500,1.0,73747.8028174635,86724.46338533345,54949.809917769555,93728.0074754197,8415.86747166406,119696.58924742763,6997.174105916314,119696.58924742762,0.0,98858403.31367956,100730484.95173332,0.02573833925049273,0.021508844206622465
Cha,203,1500,1.0,49141.20076313232,89288.32416199602,56879.29606329871,99467.60958694984,5227.544850366246,119696.58924742762,5218.561926246037,119696.58924742763,0.0,99821224.75307153,104752167.1326222,0.04023368493230371,0.013433296189683447
Cha,204,1500,1.0,16705.868101149354,85877.17455469082,40738.698491461815,92392.75115827034,5525.236519547336,119696.58924742762,5487.009509256373,119696.58924742763,0.0,101234506.36747156,95157238.68128487,0.022793944760854414,0.01222915191653409
Cha,205,1500,1.0,64911.03949895696,87603.29811815274,10431.85748122079,93428.94091693487,7236.432561773156,119696.58924742762,6706.350012550305,119696.58924742765,0.0,99374481.671104,98131229.26861288,0.0070759844231674226,0.015715282651872185
Cha,206,1500,1.0,57374.5493245327,88635.89651217431,53425.29173854572,85858.7234798767,6868.901906939801,119696.58924742762,6810.300255915743,119696.58924742763,0.0,104408298.67665954,105225685.46293333,0.036035841502949355,0.010151749403272849
Cha,207,1500,1.0,173408.1710243724,176342.44335620105,101748.3393367255,148924.9194584415,8371.125025630441,119696.58924742763,8414.114380084658,119696.58924742762,1.0,106199187.91724622,103703570.60964622,0.022317710119354052,0.11896354499117338
Cha,208,1500,1.0,15531.87032359667,87656.16365738428,46997.55231920711,129582.03907312818,4392.4355767596735,119696.58924742763,6490.557740793742,119696.58924742762,1.0,78876092.11476623,94881517.1217849,0.005971329200732213,0.0055986038897967135
Cha,209,1500,1.0,17744.005467482362,86236.26111975328,15591.245425895693,85656.6296217371,2309.3777866263326,119696.58924742762,2283.6800180633454,119696.58924742763,0.0,99332641.95916265,98990451.7364849,0.020945700192894406,0.025801020340255568
Cha,210,1500,1.0,33550.78782427777,86822.48696696981,41196.740318379794,87646.86948524677,5224.264826315279,119696.58924742763,5221.772732087547,119696.58924742763,0.0,106292139.39303601,103444402.7159729,0.02515016370773954,0.015165336951040682
Cha,211,1500,1.0,44397.18332275028,86295.83227717076,32980.11197940486,86119.58324119946,5018.295378402818,119696.58924742763,5009.34534614696,119696.58924742763,0.0,101610512.20732622,108383545.18956622,0.014268803100983708,0.009242440110752348
Cha,212,1500,1.0,3867.4078923753186,85429.31621854601,698.1510975824801,86268.5067191197,2032.7543235216654,119696.58924742765,2023.3810592273485,119696.58924742763,0.0,157884837.3350129,79221381.27987735,0.0005603621299901099,0.0005747160639559677
Cha,213,1500,1.0,33735.337531569865,127979.7372755381,55125.247217013166,92068.95813724937,2333.0739653176897,119696.58924742762,2948.2487320675696,119696.58924742765,1.0,98065931.8659462,98239606.74233957,0.06446472487846294,0.01806284358911981
Cha,214,1500,1.0,346457.4014042482,574638.7052018004,28401.9192815497,85876.78293624903,5889.792368952822,119696.58924742762,6437.100730160799,119696.58924742762,1.0,94097770.48812221,95395825.35271288,0.10765236293597169,0.02787708334537435
Cha,215,1500,1.0,48878.986026891966,86512.44117968917,36156.84380071815,85801.53675287822,5247.782360010095,119696.58924742762,5319.722503351666,119696.58924742763,1.0,100990909.6498929,101921077.47180623,0.010882134280108152,0.020893240281973268
Cha,216,1500,1.0,27713.41391056635,85895.4609518323,47626.45711256549,88603.97420600726,6647.093014659469,119696.58924742763,6876.745426474043,119696.58924742763,1.0,96647322.55842489,92897164.43135823,0.011167907178537396,0.014382200162346403
Cha,217,1500,1.0,67249.36074386044,87538.21311348357,55622.090409356526,86579.01792621301,7525.032507745762,119696.58924742763,7110.68312237478,119696.58924742762,0.0,95942194.13671957,103461273.08995555,0.016778737242995747,0.009917909186451204
Cha,218,1500,1.0,26752.104876802383,85933.64478830702,46734.2897552037,104012.49291977989,5291.168394084535,119696.58924742762,5280.537574486671,119696.58924742763,0.0,97589670.67448889,97627252.96247824,0.02263888386549406,0.009833200947775716
Cha,219,1500,1.0,30335.898708336794,85650.07045142652,1109.8299960423187,86569.87209183673,4606.431323224367,119696.58924742762,4609.836632137638,119696.58924742763,1.0,217749753.75022933,159212794.02263954,0.001121389087751944,0.0033989050435265663
Cha,220,1500,1.0,40303.91296772219,84957.12919418124,35512.002528466546,86325.56482220427,4958.147038864415,119696.58924742762,4772.3058703502375,119696.58924742763,0.0,101284353.68573289,101747967.18738623,0.018914942655282242,0.00517509354775945
Cha,221,1500,1.0,72443.76274846256,93799.82520848693,23261.240196375846,112013.66133756803,5124.310793625251,119696.58924742765,3409.61316371214,119696.58924742762,0.0,97584332.61612622,96431173.57767822,0.024995984763685232,0.052506667261084244
Cha,222,1500,1.0,53217.13387832715,85637.7355405064,72552.82072849477,111204.49374325856,5845.332346364703,119696.58924742763,5803.181468507737,119696.58924742763,0.0,97836235.41071822,96277985.55029154,0.01740842456080353,0.03090252834068579
Cha,223,1500,1.0,38111.587737080394,90330.90325448531,22961.817029381673,87255.69875640169,5965.969059147805,119696.58924742763,6062.078882672662,119696.58924742763,1.0,98994270.16861287,97656017.47132222,0.016493366557168015,0.019566428508960988
Cha,224,1500,1.0,40096.38567793454,87364.64427183667,37396.42813304679,85712.69507000476,5304.271943413713,119696.58924742762,5302.552402581008,119696.58924742762,0.0,96513903.68188623,100331620.88953955,0.01759349411871334,0.022602859445210944
Cha,225,1500,1.0,51200.85620053585,85032.46346593795,89394.61308876055,130593.73216131653,6168.894607893052,119696.58924742762,6190.081960276637,119696.58924742763,1.0,104714279.077164,102393718.32714489,0.03679199526609986,0.08426427054651121
Cha,226,1500,1.0,34827.79491042164,85477.03087330477,57974.74263968572,128160.88736841589,3834.449571367435,119696.58924742762,4404.298306225233,119696.58924742765,1.0,99625722.51897733,101840468.74106488,0.021139290206447905,0.10419792928161128
Cha,227,1500,1.0,26154.818695778482,88728.13141614376,24510.769568974276,86434.66083908919,4720.669242892678,119696.58924742763,4579.932212710185,119696.58924742763,0.0,100500820.19286399,104007642.14913066,0.010643131937476883,0.005497391810181582
Cha,228,1500,1.0,53360.88377369176,177649.93993609893,42719.718598579304,102826.81289262138,2902.4881153481615,119696.58924742762,3568.853676837285,119696.58924742762,1.0,103836547.33315556,100876255.40818265,0.1352312889207009,0.045235751048456785
Cha,229,1500,1.0,16778.29755509478,85403.54742694445,17437.157143120552,86303.66865309929,2283.4507675560744,119696.58924742763,2284.110395340723,119696.58924742763,1.0,96190042.96376665,89927709.27513957,0.025291944600429044,0.018450514768510746
Cha,230,1500,1.0,55805.651518950064,90666.79702129093,45680.813632109464,113560.29359975984,7165.447238985267,119696.58924742763,7043.286914528068,119696.58924742763,0.0,90707165.39176667,94549229.802316,0.009513137749248215,0.015048943983285585
Cha,231,1500,1.0,3812.4244750141384,86033.3219827551,46843.20867114556,119559.51198097199,5283.451749710448,119696.58924742763,5263.4173946161645,119696.58924742762,0.0,104830048.93431288,182592906.05282265,0.009636821781130718,0.0009049925681943994
Cha,232,1500,1.0,42264.04653041754,85315.68027002415,54534.195324734595,86793.43912026545,5363.049651115516,119696.58924742765,5830.349545588302,119696.58924742762,1.0,96562136.74541155,98595399.39943822,0.02124807342466205,0.023742072644343686
Cha,233,1500,1.0,1795.9318867957934,233730.66692027345,163477.22380172822,739782.0,8185.064828921161,119696.58924742765,8418.85390444162,119696.58924742762,1.0,90389040.88594623,7953139.7331248885,0.005158578914188168,0.000708147239087269
Cha,234,1500,1.0,44136.58995417763,85513.94152761929,39554.31201421782,85919.61052882476,5219.1837191600625,119696.58924742762,5181.305539749617,119696.58924742763,0.0,91721188.12165155,99223147.34523156,0.017966571312065048,0.023984707775752942
Cha,235,1500,1.0,22883.510721871757,246306.48405887786,45344.71819789377,164394.15815454273,1556.7876229491144,119696.58924742762,2374.3292749839857,119696.58924742765,1.0,101483940.5204529,102127511.93853155,0.09228176496492942,0.08013206218842954
Cha,236,1500,1.0,19715.627918870283,85904.0482429912,63974.357079743524,90811.64692822169,2925.6348889390783,119696.58924742762,7839.512280186615,119696.58924742762,1.0,98157304.48418622,96929238.61154266,0.018393750567707607,0.027028297686215428
Cha,237,1500,1.0,50064.962989555206,85910.50851649333,34298.00926899742,86061.66090169811,5130.912647980279,119696.58924742763,4717.136226716034,119696.58924742765,0.0,101135314.04113601,99332791.17113957,0.02580221797532733,0.03733908259424973
Cha,238,1500,1.0,18439.353271566662,193131.5286088233,367.57125081708796,87546.90064552397,7010.829060569625,119696.58924742762,6903.087665982086,119696.58924742763,0.0,85300995.67813157,92800736.63970622,0.0015183158490844762,0.0032696876872916314
Cha,239,1500,1.0,10397.584183438968,85524.00957412572,106174.03012429984,137814.4725496706,4024.12824572581,119696.58924742762,3599.958514210133,119696.58924742763,0.0,101195310.28572221,67289784.50639066,0.009075221341996629,0.011654800207213602
Cha,240,1500,1.0,54886.876906829915,89889.3638532159,52839.48567781951,111019.77501141524,7205.932312648449,119696.58924742763,6936.979138600511,119696.58924742765,0.0,103425602.89105554,94051458.14002267,0.006302745945275698,0.01136374303447532
Cha,241,1500,1.0,3376.45070750468,280641.24193168385,39.34247724882461,91205.60008074998,6745.997682574534,119696.58924742763,6934.074972036969,119696.58924742762,1.0,91155580.36448887,90218157.48969066,0.045053138255171515,0.029056316766629932
Cha,242,1500,1.0,17497.17111186853,85852.49572417114,47525.67683242823,104521.11511502197,6733.9945700745475,119696.58924742762,5158.259247109163,119696.58924742765,0.0,90740409.40841067,48564471.31637823,0.020152540614004434,0.007517743437066122
Cha,243,1500,1.0,166189.24895931984,485042.7313501209,2378.671905815435,176115.7145187016,6941.341476710365,119696.58924742762,6502.833379041962,119696.58924742762,0.0,97668649.90671289,93722203.73982222,0.051506097775933776,0.02083960529996599
Cha,244,1500,1.0,15194.840142877652,87605.61622623698,18816.90320153814,91026.74470856813,2360.3656317447703,119696.58924742762,2256.904708584832,119696.58924742762,0.0,98151068.7772729,101129746.6459889,0.030851424765101124,0.02803923196559684
Cha,245,1500,1.0,64883.76316952682,86935.2966475685,56385.93638802665,86071.19909824243,7894.041331788222,119696.58924742762,7262.494320538924,119696.58924742762,0.0,89975422.68879288,95509009.38661823,0.01223731182423523,0.008536146292696042
Cha,246,1500,1.0,53218.02742015953,85672.90317302187,26277.43183649281,85457.68865650275,4336.667377826054,119696.58924742762,4351.558756483676,119696.58924742762,1.0,101164477.43923333,110107649.46304488,0.0025242125885274655,0.002168773267988497
Cha,247,1500,1.0,50738.62331855392,91525.71677220907,40630.59689227739,85270.35976295627,5594.06730264026,119696.58924742763,5691.303687653368,119696.58924742763,1.0,95460868.90183821,97678250.61226669,0.020626447757609037,0.021516005261938764
Cha,248,1500,1.0,15628.670939108944,86064.21268972705,15190.619404211931,86581.6991417647,2249.2959973430684,119696.58924742762,2269.8571415900433,119696.58924742763,1.0,96361951.06582223,94367316.441164,0.014482182357592164,0.013188140191857472
Cha,249,1500,1.0,41543.44586499184,85900.41941519901,40330.089972654736,85094.19225476158,5020.592032834806,119696.58924742762,5047.880934994091,119696.58924742762,1.0,97792762.05779733,94487781.35396399,0.02779945102367937,0.023251776996391943
Cha,250,1500,1.0,333659.4544839121,543692.6377526284,29249.865033191974,85756.96057428319,7877.263557877886,119696.58924742762,8240.196268066778,119696.58924742762,1.0,107080341.20505734,99119755.20240489,0.04614837932565113,0.020968961124965595
Cha,251,1500,1.0,36101.90242578079,86107.1633451317,9992.719670706116,86897.78703965287,3681.307944160137,119696.58924742763,3601.0723102224624,119696.58924742762,0.0,116080073.11279821,103072830.07960002,0.003877797608758059,0.005619302043465885
Cha,252,1500,1.0,43177.051386821855,85274.48977403363,46031.033310124054,95901.53905612994,5797.291257247942,119696.58924742762,4955.9700114259485,119696.58924742762,0.0,100319409.83546488,107191143.00666666,0.01404585593179958,0.00989462408029578
Cha,253,1500,1.0,76268.03056070169,85495.30090887987,83915.30117981919,88947.60953930207,7431.343981437774,119696.58924742763,9046.491118468546,119696.58924742762,1.0,102470157.530764,100816949.55925822,0.009036243104760788,0.016807887731253895
Cha,254,1500,1.0,16711.42064659139,85798.91774644234,43727.6908979218,93065.91193348184,4436.318821162222,119696.58924742762,4839.834869881168,119696.58924742763,1.0,96749611.33372223,97691896.46287288,0.02349991918368942,0.017216074612553114
Cha,255,1500,1.0,63843.47718950546,85690.87081320041,82919.86822645484,118353.39997498636,6683.725468854953,119696.58924742762,6660.722577807217,119696.58924742763,0.0,103632276.55745554,100824133.97323155,0.017818341079918726,0.09582595115741636
Cha,256,1500,1.0,95403.3763168693,185352.23405751272,32024.688193810645,87088.41093774879,5438.121003998169,119696.58924742763,5665.309083743589,119696.58924742762,1.0,93712113.94722624,98635592.15627156,0.01839721869870308,0.018301543258572726
Cha,257,1500,1.0,16288.16179359383,85454.71068328673,56739.01330084319,92524.89576469033,2364.3485261985315,119696.58924742762,5371.42237180895,119696.58924742763,1.0,97726285.55669154,99399910.54657957,0.01704743372292342,0.035388897419464896
Cha,258,1500,1.0,10552.625200557613,85388.51123806188,63805.71158285053,96456.84139522117,6915.213191723622,119696.58924742762,7604.209329186533,119696.58924742762,1.0,101891361.44983602,92994573.10777733,0.020401738777944368,0.030341291515838427
Cha,259,1500,1.0,39138.77207574074,85666.50068284004,41169.33758300204,86050.57477621728,4738.752587985735,119696.58924742762,4656.806577695637,119696.58924742762,0.0,98891875.11265557,102443953.73445156,0.012758237374117626,0.042977129778043605
Cha,260,1500,1.0,52841.82209604111,168491.0887942955,23501.14945198344,87849.7083709648,7646.1467524813,119696.58924742762,7627.490616737845,119696.58924742762,0.0,111594403.03288889,113854843.16596399,0.012406525264461279,0.006777263693181412
Cha,261,1500,1.0,35766.048388084695,85026.13792664811,52234.32592097706,87312.07739811575,3760.8634569963456,119696.58924742762,5251.1103643690785,119696.58924742763,1.0,103667101.6776049,102873744.19489957,0.02268344531617276,0.019480772693402867
Cha,262,1500,1.0,3741.0450212420837,89422.44946976702,2108.488998903366,88194.64260776165,991.1013962409381,119696.58924742763,992.8197059938799,119696.58924742763,1.0,55641824.12799822,60520356.62123155,0.0022952779857987634,0.0047371160397116354
Cha,263,1500,1.0,60944.78591620264,145205.13562557544,46153.66590570584,87625.760186345,5785.4874220953225,119696.58924742763,5826.763086515846,119696.58924742763,1.0,103229504.97675732,102065054.71391067,0.012411755628602507,0.010649287732244276
Cha,264,1500,1.0,58077.42396562804,85296.65128089438,69761.88994183304,121009.73707932796,6403.226436980971,119696.58924742762,6419.864315672627,119696.58924742763,1.0,96457910.1661849,97020581.46231955,0.023193514562089595,0.0430787716751085
Cha,265,1500,1.0,37198.00758986234,85575.9219012996,37294.786402607075,86859.4172897216,4293.749517016922,119696.58924742763,4290.1091013878995,119696.58924742762,0.0,101298096.28031822,100957843.47916622,0.024177807045340838,0.06677602060900585
Cha,266,1500,1.0,37419.88008158237,86746.95851617248,42122.509398245005,87449.51175268792,5704.325855830475,119696.58924742763,5644.911175391013,119696.58924742762,0.0,100172963.1827889,98071061.34119289,0.017840387376074577,0.010083899158765886
Cha,267,1500,1.0,37955.075592356254,86884.37843379841,67831.79367353431,86927.55072819386,4389.256840455192,119696.58924742762,7475.985238691182,119696.58924742763,1.0,99730534.66831067,103650385.5019,0.008596868591836341,0.014263060129003148
Cha,268,1500,1.0,15183.827490558397,88011.86801519827,7297.115415313993,89841.81727289216,2858.5438872860095,119696.58924742765,2697.1345049151764,119696.58924742762,0.0,108811676.88319825,103897874.98272489,0.022151368479878624,0.009971474399116192
Cha,269,1500,1.0,43143.84882439063,85523.00512325842,45407.38625743972,87362.94931759704,5598.132241288851,119696.58924742762,5551.781865211197,119696.58924742762,0.0,98990043.96812622,90269428.45665601,0.023192785182716336,0.020682877591757166
Cha,270,1500,1.0,6895.78480989392,263436.5639239687,16108.371499854286,86680.51723321175,7493.112793062159,119696.58924742763,7830.1234014757265,119696.58924742762,1.0,100528915.79245153,114794162.3151449,0.005572727838757935,0.004240880199737694
Cha,271,1500,1.0,23013.827792959877,91853.98254765512,12253.389243572761,87397.83131921309,2391.075846488996,119696.58924742762,2064.9953203512587,119696.58924742762,0.0,99625587.30783288,101896396.50242268,0.03625851403589426,0.021331146629070603
Cha,272,1500,1.0,15677.69187427999,85903.26862701809,15747.41758767617,86073.33899849471,2179.176903836432,119696.58924742763,2165.6901758484464,119696.58924742762,0.0,99397407.91133289,100384148.13215068,0.018209489570536884,0.013494193405708134
Cha,273,1500,1.0,37644.813190691486,85936.01162502759,57592.539252084636,86186.70941675123,5631.578501369067,119696.58924742762,8517.949715277355,119696.58924742763,1.0,96803210.10273954,99390434.34782222,0.02728213182577583,0.020231704285107177
Cha,274,1500,1.0,197001.91748339985,264211.5580062156,37518.73191707017,117497.51067139965,8021.299545489429,119696.58924742762,9607.524840400649,119696.58924742762,1.0,121840434.84663957,98163006.44514266,0.0010209712275367675,0.016589581268375057
Cha,275,1500,1.0,43660.85182043776,85272.66787337716,49906.60435899878,149181.71688249806,4635.508512349674,119696.58924742762,4377.106809289784,119696.58924742762,0.0,99473042.34195557,100898483.77543956,0.01880521165045736,0.01393402401840492
Cha,276,1500,1.0,71659.18143521255,86640.12261899156,66139.89192064804,88061.54854900065,8131.020498061816,119696.58924742763,7736.352315271852,119696.58924742762,0.0,95710160.698064,98754596.38755554,0.02361700256943081,0.01611717690406157
Cha,277,1500,1.0,55638.486287668275,86649.32841287424,139115.84659610107,254003.32495211408,5621.2897711423975,119696.58924742763,5645.963776312199,119696.58924742763,1.0,100915521.74386624,69129133.85049956,0.02363305975402337,0.001039277411684139
Cha,278,1500,1.0,49246.484400609974,85331.90193361376,46099.636118289265,86475.60195218954,5769.333895225026,119696.58924742762,5805.936355646401,119696.58924742763,1.0,98787800.26524621,97686719.29351823,0.024581422077598458,0.011141181935978675
Cha,279,1500,1.0,22857.806103133986,100224.16995406989,16774.248316865036,84746.93022609263,2243.1015172288044,119696.58924742762,2244.02584621442,119696.58924742762,1.0,99842471.28706667,98702566.50125289,0.013985697847480381,0.02225991284800754
Cha,280,1500,1.0,32161.245654426206,90426.47248393382,92280.1164418706,146182.36349425453,6586.050039966149,119696.58924742763,5837.062415241453,119696.58924742762,0.0,101812648.19513601,99842376.36989999,0.08009576900974126,0.016918673271711558
Cha,281,1500,1.0,59517.642457298134,139082.22601702373,85230.40034438917,239859.2569605506,5134.182428536629,119696.58924742763,4818.473159281046,119696.58924742763,0.0,100753396.02980399,83099017.13858622,0.08743442932134608,0.006479514634189691
Cha,282,1500,1.0,16919.90315260668,134163.3685798172,17856.25467476988,95682.01582068074,2514.5434622505636,119696.58924742762,2313.913104284683,119696.58924742763,0.0,101399476.50109999,98044667.87665954,0.055730869679682285,0.014851005537015821
Cha,283,1500,1.0,616.6311865731429,89544.48023823756,24125.01770651303,293606.9110445144,3192.1519280272487,119696.58924742762,3215.566366023798,119696.58924742765,1.0,99670049.40450266,95699139.52215955,0.0261662198065122,0.006694778613514383
Cha,284,1500,1.0,294733.95399370644,547256.7438835326,1890.7113874709223,122404.92023245152,8265.720212399512,119696.58924742763,7875.083668826246,119696.58924742762,0.0,106456687.53344488,101055487.5016049,0.015958986125887836,0.019420831902922576
Cha,285,1500,1.0,18570.476219159056,185074.2566501315,10057.525456125117,92864.46099683124,6426.364835461014,119696.58924742762,6524.572446571632,119696.58924742762,1.0,100211668.1763129,103491162.22158934,0.05543354291774717,0.01156556626075887
Cha,286,1500,1.0,75329.3260989261,112897.6698730345,26411.942316970373,87382.61220933392,5347.0939960732685,119696.58924742762,6031.147910343834,119696.58924742762,1.0,100794249.14250489,101014079.82777067,0.04098217398705571,0.007777343860169683
Cha,287,1500,1.0,30405.581941639975,86314.48288370005,32713.28871072134,85639.61402534504,3896.3228656690653,119696.58924742762,3892.8464169189638,119696.58924742762,0.0,99380716.19863957,99234256.54117823,0.00990041430500928,0.02308222908042713
Cha,288,1500,1.0,33105.83984780019,108195.65796426818,24623.713317424415,88240.46291711259,4101.392793345064,119696.58924742762,3913.1317806858765,119696.58924742762,0.0,102375708.55284399,97785017.87308933,0.014208067594827536,0.016714641457588802
Cha,289,1500,1.0,66621.47245019325,88035.3467194307,62005.54638168133,90009.36798643126,7388.508088549168,119696.58924742765,7835.516857381358,119696.58924742762,1.0,99970382.5363129,101580241.02061157,0.019634621466969367,0.03418291324152377
Cha,290,1500,1.0,81013.52955371211,91974.92369194783,49288.32260364455,183474.91771992593,6990.791543775611,119696.58924742763,6373.082835142683,119696.58924742762,0.0,96460860.26645155,107115992.4211982,0.025017152038408416,0.017024211424837496
Cha,291,1500,1.0,43414.578807788384,85855.79458258294,37509.06580573945,85436.09646757669,5151.226672021891,119696.58924742763,4997.973211060223,119696.58924742762,0.0,100859717.2315129,99595720.25741154,0.015008376098561229,0.04102754704474306
Cha,292,1500,1.0,52220.49073615325,85767.61725404637,45780.71473417804,85999.55434199134,6350.505171565933,119696.58924742763,6306.837078038927,119696.58924742763,0.0,102204091.97873956,89550081.04137066,0.01176292458784745,0.008004170639222475
Cha,293,1500,1.0,10748.200451937131,86199.96616339353,50763.45864420172,94403.52722435651,1715.037272771777,119696.58924742762,8612.39996386753,119696.58924742762,1.0,97448668.36577953,100525354.55314267,0.020827555885396167,0.04079876942901275
Cha,294,1500,1.0,87307.05337441152,539965.2694055001,2245.3716573810007,97302.75031715697,5241.82756560245,119696.58924742762,5769.155236537016,119696.58924742762,1.0,99050905.58087288,99876489.66455954,0.061826415526200926,0.02853112204605639
Cha,295,1500,1.0,40114.7423153348,86071.84951431959,34490.91975689873,85450.69255640451,4497.316421943085,119696.58924742763,4940.726353786514,119696.58924742763,1.0,94969945.39339156,96736587.81688887,0.013171888559603908,0.02686769191524625
Cha,296,1500,1.0,51042.696225862885,85756.55816627954,53051.49740861858,87671.9991901879,6134.9950221873505,119696.58924742762,6278.707732430072,119696.58924742763,1.0,96070467.93180624,106659798.71523336,0.027288687720346056,0.0028049626502825707
Cha,297,1500,1.0,100010.73606237321,197300.79125041483,32011.604251956865,105652.71457988145,3837.76925226658,119696.58924742763,4342.665946817016,119696.58924742762,1.0,106498859.20538488,91037683.08000489,0.021959751983983783,0.009799463348936265
Cha,298,1500,1.0,17415.094902840934,85305.04534949706,15847.721904937967,85307.22176939121,2056.2400735434744,119696.58924742762,2043.6670768603485,119696.58924742762,0.0,101075982.83855823,99093614.45850489,0.01975088344179339,0.020582682086083447
Cha,299,1500,1.0,14793.10296839723,130364.60946363791,7557.414259280745,89320.56985235805,1288.6637714912886,119696.58924742762,1282.5816508985138,119696.58924742762,0.0,99001325.32434623,98264766.15105554,0.04042417852355902,0.026230696896212425
Cha,300,1500,1.0,42554.91079156995,84935.16570054123,40747.31580586718,84883.58732040494,5171.5047073685755,119696.58924742762,5078.541207934131,119696.58924742763,0.0,99668068.35408488,97777688.37500267,0.01781221833448669,0.009330090885561347
Multi,1,1500,1.0,54597.56063088269,85862.236545905,59668.72046942315,85850.47552389576,6971.310085507795,119696.58924742763,6533.743534460241,119696.58924742763,0.0,0.9517974779942442,0.9670775236266572,0.022923805884660805,0.03295453622620104
Multi,2,1500,1.0,4938.152279416714,91790.42430319177,4608.228210322162,87321.72546089345,524.6938752431317,119696.58924742763,526.7599480705849,119696.58924742763,1.0,0.9837576111193144,0.989464712358231,0.08167798838756275,0.05374866543349707
Multi,3,1500,1.0,71015.0078972228,94272.34824544872,175809.3329032649,283324.77727104665,3885.693974501669,119696.58924742763,4545.130339701812,119696.58924742763,1.0,1.0087063159999226,0.8809123157638523,0.08608415467346871,0.007922761704082558
Multi,4,1500,1.0,77529.88782262252,90493.20527957947,61917.89226773986,126363.32780433414,8718.813118329766,119696.58924742762,9321.387557773072,119696.58924742762,1.0,0.9831426684205903,1.0305297420364448,0.0815925342891339,0.0063882433772739
Multi,5,1500,1.0,12658.057004129474,85078.80461368154,35732.041433400154,164814.38246315566,1354.6318002554594,119696.58924742762,2454.98063780597,119696.58924742763,1.0,0.9943824645995961,0.8174342646495945,0.021529562605268726,0.010971129656563775
Multi,6,1500,1.0,857.826201751312,85036.93352494179,862.6852348554612,85322.02193422466,122.92091303886784,119696.58924742762,123.03634418753012,119696.58924742762,1.0,0.9797741968048577,0.982033795765269,0.02530258128655571,0.024445618454996775
Multi,7,1500,1.0,5660.227806373964,90666.5629797611,5330.310727686314,87096.34068270819,589.3251423144859,119696.58924742763,590.923604669983,119696.58924742763,1.0,0.9756297235607377,0.8960475270302095,0.08081598111269603,0.057386120109955564
Multi,8,1500,1.0,6789.930853908696,85351.77250248038,44579.42595587285,164559.78005935272,2152.666502199746,119696.58924742765,5783.931540172478,119696.58924742763,1.0,0.9866761695251007,0.9655280982902159,0.021329516252624307,0.014088954009092287
Multi,9,1500,1.0,10342.979360556346,92218.17469003412,9834.112375948385,86890.30674240505,1064.7080688787282,119696.58924742762,1069.6759523008984,119696.58924742763,1.0,0.9996733337073114,0.9327563577248866,0.08339380923007451,0.05370040096051263
Multi,10,1500,1.0,53550.719464917034,93213.88580588547,57439.40490877455,87418.6240775875,5926.230378740855,119696.58924742762,5848.053587440916,119696.58924742763,0.0,0.9996816008440439,1.0328663280999535,0.08451441045965939,0.04917462740312215
Multi,11,1500,1.0,10518.304034609524,90486.10210837997,10083.11034493474,85439.71867962289,1107.473325579448,119696.58924742762,1109.4027656060377,119696.58924742763,1.0,0.964310480471139,0.9469360652965982,0.0810771979173221,0.05204583802613716
Multi,12,1500,1.0,65493.4881733232,85810.12388234849,60359.542160173165,97037.20781507545,9686.472177789106,119696.58924742763,6094.179207395735,119696.58924742762,0.0,0.9835283179534081,0.9866412985614603,0.017985654890296292,0.013664074219388984
Multi,13,1500,1.0,62876.90801629347,91798.3220330028,143183.93914365664,251403.87877966423,5300.056095169879,119696.58924742762,8599.002036861524,119696.58924742762,1.0,1.0003084830006406,0.9948223967056274,0.08335587240268304,0.015524089825748887
Multi,14,1500,1.0,33446.8008097185,92942.30184977732,33417.008885004594,87404.03336052346,3431.108206601589,119696.58924742763,3450.034707554686,119696.58924742763,1.0,1.006656068754763,1.0043768063531235,0.0861821431930578,0.0479115485755268
Multi,15,1500,1.0,59052.84663423497,86412.89611068329,62065.6230259764,84891.5287151717,7300.925451929135,119696.58924742762,6890.5593253834795,119696.58924742763,0.0,1.0261799537512397,0.9984447775541218,0.023523462040208776,0.026013163742371222
Multi,16,1500,1.0,24506.426134942034,85517.5321759666,77463.26863047582,163449.08234416644,6074.418849611186,119696.58924742762,7484.033417474663,119696.58924742762,1.0,0.9875568177767391,0.9700587360310758,0.023546017367868943,0.018575117608982457
Multi,17,1500,1.0,17884.942624190437,85341.28333720475,47750.28631106667,88631.16377295312,4412.281922638935,119696.58924742763,7050.165806902118,119696.58924742763,1.0,0.9596714586570864,0.8799387329358548,0.02076658761869362,0.016612349505990557
Multi,18,1500,1.0,57265.008981897234,85470.08265944307,57398.1323222166,103317.48240980596,9522.956609358407,119696.58924742762,6325.084197797149,119696.58924742763,0.0,0.9747944169424603,0.930406177919993,0.01809203333647022,0.013794134078887358
Multi,19,1500,1.0,11289.384966286336,90877.86679247528,10425.13638226666,85695.59329242531,1144.2372694450926,119696.58924742765,1150.242893918015,119696.58924742763,1.0,0.9791646029152106,0.9826777475377474,0.08288058001127016,0.04026601067040763
Multi,20,1500,1.0,22776.159868627845,85338.73208917098,152956.58182655397,306220.95305516594,5341.4311381493735,119696.58924742762,8985.502008854804,119696.58924742763,1.0,0.9850583656039386,1.012272622444443,0.02349165752006639,0.006639653949153107
Multi,21,1500,1.0,932.1108322181321,85320.4328089754,37020.73539296667,133510.86808766914,689.8315577690719,119696.58924742762,9623.879866267165,119696.58924742762,1.0,1.0332037728786863,1.0499955368173026,0.02297755782394329,0.011933753626579781
Multi,22,1500,1.0,5573.557494659747,90537.46077539292,5291.3034350065955,86949.09666258129,589.3993909130465,119696.58924742763,591.4807080922933,119696.58924742762,1.0,0.9662853829038239,0.9718633173859473,0.08188743019663121,0.05958316880382147
Multi,23,1500,1.0,37585.80931656367,92179.36284787316,40315.471558176934,85153.22392087743,4087.616665544766,119696.58924742762,4090.608840350451,119696.58924742763,1.0,1.0066643241580824,0.9872602001529412,0.08507742847928701,0.04602714629627517
Multi,24,1500,1.0,28317.408775563366,85211.2731713255,42203.19872753164,99399.06944893894,3462.709328860057,119696.58924742762,3678.52477619019,119696.58924742763,1.0,1.0194912407787493,0.9942191777467091,0.025080091281949213,0.01312727398473127
Multi,25,1500,1.0,10984.384398851958,85662.55792524686,13448.817166190696,90042.50944706786,1414.6309233555903,119696.58924742763,1373.450211661669,119696.58924742762,0.0,0.9705509345633059,0.9789430582672509,0.021593542477368555,0.01320490624925688
Multi,26,1500,1.0,71529.32734246425,92814.1361144332,63611.205553683234,105545.15105749459,7745.657483287737,119696.58924742762,5698.101734613359,119696.58924742763,0.0,1.017366040549264,0.9955532303134491,0.08593460036273258,0.035416264025191796
Multi,27,1500,1.0,38205.01740786137,84920.83301548257,61292.53361093535,85786.49865949948,5667.628947816347,119696.58924742763,8361.677234047744,119696.58924742762,1.0,1.0121822569608685,1.0018985976406614,0.029188268235790512,0.012543383014610297
Multi,28,1500,1.0,39373.1087092337,85248.17962611173,54869.89917576517,102611.99892938024,7764.5828059440955,119696.58924742762,6571.276146838969,119696.58924742763,0.0,0.9770962681355307,0.987904250100587,0.018413442352239337,0.0142686438265712
Multi,29,1500,1.0,42439.601944819784,85822.88337118237,81391.11984730014,118571.92827025644,6084.831998010111,119696.58924742762,5969.438760266639,119696.58924742762,0.0,1.00426763876386,1.0001572037740154,0.024836449289976845,0.020818442123437156
Multi,30,1500,1.0,57359.05469261911,92198.68724652122,59513.699439787306,85800.91666032311,6265.151000004606,119696.58924742762,6319.113485222952,119696.58924742762,1.0,1.0094253541580316,1.011751324881985,0.08467748906121432,0.020882186575149515
Multi,31,1500,1.0,146.59527942091012,85797.8684998063,147.4012793976998,85882.27920304425,32.35385315718044,119696.58924742762,32.35418673418161,119696.58924742762,1.0,1.0128519180234479,1.0134871560744796,0.023214066144294075,0.023494255746939714
Multi,32,1500,1.0,50863.65739346393,92563.04091440534,85197.13105485195,165986.38554089214,5487.118122791182,119696.58924742763,5488.402344880608,119696.58924742763,1.0,1.0134450848419865,1.008740467606134,0.08645863332356206,0.044536728716955395
Multi,33,1500,1.0,16321.045293643181,91910.22060504803,15389.894938401598,86246.36628599526,1627.8958283788634,119696.58924742763,1640.0703081263646,119696.58924742762,1.0,0.9938199651602019,0.9377375230866545,0.08415281926243913,0.04745240309725997
Multi,34,1500,1.0,495.1694012751278,84932.29551197177,497.93086246724573,84832.66324139952,74.48104771095112,119696.58924742763,74.7010173157476,119696.58924742762,1.0,0.9602881120446741,0.955599142120667,0.019306004866161557,0.019520625973554157
Multi,35,1500,1.0,33643.18322120308,91176.60961987633,59107.8688750717,155645.89489996326,1967.9367933652388,119696.58924742762,7816.961366092839,119696.58924742763,1.0,0.979457191226976,0.8901815578067429,0.08129124486326092,0.027742345856192088
Multi,36,1500,1.0,31907.893302666987,91077.13444320078,64257.76697136461,86456.36780691147,4034.797004036946,119696.58924742762,7767.318208870454,119696.58924742763,1.0,0.9866129506262207,0.988160896150586,0.08244977429679935,0.02988915891649179
Multi,37,1500,1.0,1133.9070359174707,93879.25676772028,1097.2207947722022,92143.00545401545,138.07759013204753,119696.58924742762,138.24532528048059,119696.58924742762,1.0,1.0290250168843058,1.0318173537429842,0.08592983605963998,0.07459618575691285
Multi,38,1500,1.0,70701.11688683287,91559.39349919013,214865.9280973413,314876.4296637012,4942.631973822009,119696.58924742762,5317.552119525939,119696.58924742762,1.0,0.9888084988817606,0.9628881399973421,0.0835996925801727,0.007158570652445953
Multi,39,1500,1.0,12887.377125650464,85847.87803827252,30552.737939609608,113620.0539470996,1701.0245512910515,119696.58924742762,1920.3155635690973,119696.58924742762,1.0,0.9607991997218284,0.966068922443679,0.020459493828275162,0.010109956892621272
Multi,40,1500,1.0,2526.4860878749582,91093.82945640836,36935.341605868336,107398.9060137893,909.3822832995005,119696.58924742762,3128.535209576791,119696.58924742763,1.0,1.0234386522310113,1.0493261397507134,0.08148627165199616,0.05425592634910409
Multi,41,1500,1.0,26685.130484158377,91051.74265738687,64464.00054597746,166480.12381658843,3477.500253879387,119696.58924742763,5356.630600183093,119696.58924742765,1.0,0.9871840494823987,0.993469039127967,0.0838520061754478,0.038422109757922054
Multi,42,1500,1.0,71107.74442863783,92725.81032073405,189461.93006119988,194350.31788400456,8365.72076741579,119696.58924742763,7552.459329797095,119696.58924742762,0.0,1.0058637772922063,1.0395320632367557,0.08607461405263357,0.03898330247932499
Multi,43,1500,1.0,59191.66582858112,93439.69508890115,192995.10459600182,294293.5777897971,4342.511725932672,119696.58924742763,4703.017671506514,119696.58924742762,1.0,1.0192103358999796,1.0524374457845025,0.08705245739128359,0.02909556562345507
Multi,44,1500,1.0,14834.090447810458,85302.96865443175,14211.900167594085,97205.81344855382,1663.1656877837152,119696.58924742762,1648.6347959520808,119696.58924742763,0.0,0.9707500980173845,0.8624851355831564,0.026028338005314264,0.01889477102821453
Multi,45,1500,1.0,70852.77823994882,85452.49846193794,72506.89794520685,86976.06695909766,9470.722465750594,119696.58924742763,7610.744174924582,119696.58924742763,0.0,0.9526898150881871,0.93498336854831,0.02876819328985739,0.023310696790021335
Multi,46,1500,1.0,16964.87098268581,85628.12451194122,56049.60280423348,101253.03214797456,7428.232486159139,119696.58924742763,9327.987773665385,119696.58924742762,1.0,1.015135512318681,0.982300296715544,0.022029284239381573,0.0052785684559213735
Multi,47,1500,1.0,58385.24049888539,92740.38814324637,137205.6856660138,247511.3564641156,5086.358160330812,119696.58924742762,8285.811324017399,119696.58924742762,1.0,1.0119352119198957,0.9413371855680974,0.08513973019763484,0.01796686510664874
Multi,48,1500,1.0,64966.8843074897,85219.4933049393,66341.64660575555,85868.0988188946,7845.626193397541,119696.58924742762,7373.0448200296505,119696.58924742762,0.0,1.0131861833079996,1.005518384011132,0.02375946066058165,0.03217941973756851
Multi,49,1500,1.0,21672.34395865662,86065.92540569598,154191.72232052963,304367.55486287165,5287.989093050138,119696.58924742762,7636.927767239478,119696.58924742763,1.0,1.0061718477749004,0.7540684847864996,0.02290734513154325,0.004592531059920725
Multi,50,1500,1.0,61959.99233954745,92087.14879650921,66364.41769986632,85630.64139135877,6947.10115692009,119696.58924742762,6696.176263945637,119696.58924742762,0.0,0.9855833991182126,0.9840012301665908,0.08328537606772479,0.04430297107236031
Multi,51,1500,1.0,20629.822727465944,84632.24044738381,144447.87902713905,307854.7304834441,5283.132063908483,119696.58924742762,9746.268202241376,119696.58924742763,1.0,1.0212864937212458,1.178587809113211,0.019982032946762637,0.00576952153925899
Multi,52,1500,1.0,15504.835865050572,92059.65443365251,23774.21246341346,90720.7545993319,2132.923387658776,119696.58924742762,2228.4757930036303,119696.58924742762,1.0,0.9869403336536426,1.0002822070807746,0.08346967955635361,0.03773666396607631
Multi,53,1500,1.0,61829.6760851273,92348.15064939269,61204.79222322656,84842.20425763012,6695.78393710786,119696.58924742763,6685.156872337495,119696.58924742762,0.0,1.0019798260279238,0.9606405088788109,0.08541904046641444,0.02778817836933189
Multi,54,1500,1.0,25632.75279988801,85424.89326119013,32593.519492848358,94426.87749210981,3576.549638388047,119696.58924742762,3850.5873114394217,119696.58924742762,1.0,0.9972818634090636,0.9622228226808501,0.020584427930474745,0.01161201556854532
Multi,55,1500,1.0,21435.7983194986,85716.67861002737,22946.8966350216,85892.2979591526,2874.5088954002954,119696.58924742762,2839.0884112789627,119696.58924742762,0.0,1.0003348755836994,1.011317079496586,0.022341201710780117,0.023877810172923886
Multi,56,1500,1.0,64061.01355150591,91707.81715235673,126886.02336899919,148881.9151529015,6771.565810562348,119696.58924742763,6639.58511091784,119696.58924742763,0.0,1.000822093715619,1.0598027062047923,0.08325325596080763,0.03646576213941897
Multi,57,1500,1.0,9999.292744211292,91388.3528480804,45378.2606755268,162906.5445197242,1270.9145666538366,119696.58924742763,4215.878930875486,119696.58924742762,1.0,0.9857034422870117,1.0126361820112026,0.08390356642461316,0.04823088202430332
Multi,58,1500,1.0,90344.38367999543,93861.44577596235,63736.0601522661,91330.0709253191,9482.541833669286,119696.58924742762,9136.05933923414,119696.58924742763,0.0,1.0111763803626892,0.9970125872852426,0.08695871147181322,0.02798220072753055
Multi,59,1500,1.0,900.4102864639556,84829.5669366354,3381.2907470522337,90392.5795227327,172.96336096446342,119696.58924742763,173.9521086375571,119696.58924742763,1.0,1.0122533132948723,1.0031288062800794,0.027598562671461907,0.02961472101777944
Multi,60,1500,1.0,69368.60207415369,91577.97547872757,156428.93558616936,258263.2705859536,6132.553776254299,119696.58924742762,9781.291769406915,119696.58924742762,1.0,0.9987870232179128,0.9445767512748998,0.08223310708512892,0.005438924224924901
Multi,61,1500,1.0,64521.1782306105,85856.47194132733,66306.038731415,103642.7558727663,9717.301994078101,119696.58924742762,6716.203866645001,119696.58924742762,0.0,1.00390217503705,1.037233848341759,0.021074849730443736,0.009822980443746179
Multi,62,1500,1.0,6707.84598170398,86002.5676285093,21981.428923488922,116532.7981965044,1039.4504625068566,119696.58924742762,1221.300239297098,119696.58924742763,1.0,0.9919515089525693,1.00723708459188,0.021267837422608904,0.023667451575538692
Multi,63,1500,1.0,18338.016838939144,90822.05083148298,18091.10866136411,85350.09256725472,1935.9629672050496,119696.58924742763,1946.9517786368028,119696.58924742763,1.0,0.9775194285635855,0.9656703984855318,0.0812324021306054,0.047228791721643744
Multi,64,1500,1.0,84801.2461814855,92273.84158152984,62196.35644914352,90665.30550367793,9685.618605124564,119696.58924742763,5997.958373178703,119696.58924742762,0.0,1.0121944149697437,0.9771390513470976,0.08530870485457848,0.01925692583523848
Multi,65,1500,1.0,13029.964913765081,86079.0842182941,26217.57683829381,87176.12803097,2379.674482313691,119696.58924742762,2398.8602308935324,119696.58924742763,1.0,0.9971154494383997,1.0186598567439284,0.02151642142424661,0.021843914670668013
Multi,66,1500,1.0,72877.93648464822,91862.47748962381,71275.67333554535,84678.77754691814,8169.258959639283,119696.58924742762,7602.010755145502,119696.58924742762,0.0,0.9855833216914682,0.9883800101067252,0.08385388888927064,0.050785386025089224
Multi,67,1500,1.0,6710.094182095308,85133.40465324931,41158.684873901235,153545.98577455129,1436.869176172645,119696.58924742763,2958.26884115944,119696.58924742762,1.0,0.941209766400435,0.9323369203674944,0.028720656773149708,0.017953563659545424
Multi,68,1500,1.0,472.4062716812333,92385.91509285216,463.2315952377548,91853.4072049502,63.35940673087952,119696.58924742763,63.51025302933496,119696.58924742765,1.0,0.99666515459889,0.9941273194537426,0.08453362079323715,0.07682220392621368
Multi,69,1500,1.0,32918.67596247733,91610.21679619144,35207.953729471184,86600.56319791988,3760.7770469377215,119696.58924742762,3854.6388243106694,119696.58924742762,1.0,0.9760669201553143,0.9562303039406015,0.08249145158717165,0.023187479342157223
Multi,70,1500,1.0,72060.47775030042,91195.4779737283,62368.631543658055,95043.11506415434,8409.166030251283,119696.58924742763,7919.839288555512,119696.58924742763,0.0,0.9966692788370362,0.9784100247718173,0.08330833692439998,0.02493388755199566
Multi,71,1500,1.0,4621.520190375166,85389.22655235333,41272.109860731936,94999.49904077101,2227.0945057990643,119696.58924742762,7436.291672160702,119696.58924742763,1.0,1.0022800387078548,0.9963142290541864,0.02284961781609732,0.008460519257390268
Multi,72,1500,1.0,27160.589968918815,85488.90364346514,54898.16426409807,93328.87501575513,7569.404718392032,119696.58924742763,7014.380370553898,119696.58924742762,0.0,0.9807039043533038,1.0325929080088208,0.023196839899687093,0.004659718531387741
Multi,73,1500,1.0,58082.292346476475,92052.30655717879,55262.12105916302,98916.54701480127,6380.640168720984,119696.58924742762,6456.571051568209,119696.58924742762,1.0,0.9927362797696193,1.0082477555540268,0.08325400275007426,0.013171069617988404
Multi,74,1500,1.0,5436.799979300526,85175.79158106027,5279.112786617111,86586.86540743095,624.5675821725242,119696.58924742762,625.641215775312,119696.58924742762,1.0,0.9869250603303302,0.988909363621593,0.028076939055097627,0.01814655780346217
Multi,75,1500,1.0,26752.869391049215,90864.8675765967,47824.348425453274,89288.95260441893,3716.70985282284,119696.58924742765,4398.65509616248,119696.58924742763,1.0,0.9824356814208921,1.0041191144780115,0.08091693213778667,0.02537829952672318
Multi,76,1500,1.0,45686.799444888675,85468.66725928105,57183.68994195375,99713.07164882767,8328.423989548952,119696.58924742762,6635.748112822549,119696.58924742762,0.0,1.0216017677424747,1.0098842514684832,0.022489850053314824,0.01280424664086146
Multi,77,1500,1.0,57445.89125925113,92538.43182068873,53544.335244736714,102096.60388989172,5615.9887813606,119696.58924742762,4826.422288901884,119696.58924742762,0.0,0.9808999677515557,1.0226948950248265,0.08362719414467257,0.015324776874937095
Multi,78,1500,1.0,70586.32717577578,85206.42251201329,62298.45873742363,92565.03286031177,9659.38312519696,119696.58924742762,5709.419835751183,119696.58924742762,0.0,1.0003532978021756,1.0202639717527149,0.02209529650856422,0.02232101059749607
Multi,79,1500,1.0,1121.5887173322644,91302.48426614562,30756.679608370836,131518.4551029867,614.9881387038515,119696.58924742763,2143.6185968495647,119696.58924742763,1.0,0.9897524879099273,0.9837540469050557,0.08279936114826399,0.0651476348988633
Multi,80,1500,1.0,231.6406714785067,86314.92603362128,20333.09636547984,126521.90580073104,214.7150363830928,119696.58924742762,864.643161098433,119696.58924742762,1.0,1.0323772001995835,1.0367374430244396,0.01926024072838274,0.01820900781926335
Multi,81,1500,1.0,1889.1658147247276,93285.72467652216,1449.845169754898,94096.20993284324,178.78970301537123,119696.58924742765,179.7066465865339,119696.58924742762,1.0,0.9984862841961036,1.0111894681525755,0.08540667213882741,0.07018756746272105
Multi,82,1500,1.0,82295.63252944351,91522.07596996002,67481.70234723302,88408.01196408288,9138.620987489063,119696.58924742763,6654.863457073747,119696.58924742762,0.0,1.0171180761518739,0.9613501080698713,0.08316050674952263,0.03635053105544998
Multi,83,1500,1.0,44362.72416259054,91919.10613952597,65265.27891919023,185306.13226735522,4633.263924554113,119696.58924742762,3198.7640316869256,119696.58924742762,0.0,1.0192026341684775,1.030662033838108,0.08492199136249819,0.038520104601418456
Multi,84,1500,1.0,8360.927736495656,85934.33802979709,9215.608070823695,87707.21592089783,956.5224435967468,119696.58924742763,987.2940883337502,119696.58924742763,1.0,0.9740093469991692,0.9881567098326135,0.018519747487784503,0.011018959113774008
Multi,85,1500,1.0,15237.666196616963,84938.71223916509,123089.73535108376,296534.53423964826,5151.845251370324,119696.58924742765,9583.721388862836,119696.58924742762,1.0,1.0198956287926695,1.0065481334669761,0.02223647136684867,0.006239900521693838
Multi,86,1500,1.0,12256.764537960962,85414.80519524409,12829.628130362496,85572.17649143418,1654.1186400085624,119696.58924742762,1649.1081482207442,119696.58924742763,0.0,0.9995373635395154,1.0141541091512782,0.02223457745084607,0.020156869049603836
Multi,87,1500,1.0,9299.730674264589,85316.52695997796,25769.900701397706,89745.52670485506,1652.040195952514,119696.58924742763,1945.2968989371388,119696.58924742762,1.0,0.9639580606613596,0.8550268069477663,0.021733688777226916,0.010317591188796937
Multi,88,1500,1.0,9247.205422869087,85140.6593918989,11044.175308697288,90540.99224956977,1021.0124336090684,119696.58924742762,1030.587724143255,119696.58924742763,1.0,1.0134018800764553,1.0113248177562157,0.026499400298625072,0.01650795486120707
Multi,89,1500,1.0,24960.22949969823,92271.37348794166,19879.33453762361,87482.39983546372,1812.0395271303817,119696.58924742762,2058.3923719541554,119696.58924742763,1.0,1.0132056136133147,1.0180630494638159,0.08403346965098248,0.019240116728238395
Multi,90,1500,1.0,71979.38560705667,85829.5020172727,78061.59566022913,88292.36119202265,8982.602652229678,119696.58924742763,7654.261261309528,119696.58924742762,0.0,1.0257636781779311,1.013564223999016,0.0250084791157509,0.038187799530452406
Multi,91,1500,1.0,28028.342400854235,85962.35969369937,27916.518298438976,85571.5382945294,3558.8744255721467,119696.58924742763,3593.6947260560246,119696.58924742763,1.0,1.0146782008530009,1.0042002549496267,0.025287976486495674,0.021414064416955262
Multi,92,1500,1.0,33710.02598802683,92583.52111853851,35846.24327898334,85134.13473137227,3598.691426962121,119696.58924742762,3644.7929808256645,119696.58924742762,1.0,0.9814454384632951,1.0099455929142394,0.0850078769308628,0.046377245853977095
Multi,93,1500,1.0,1238.1060822443949,85337.04105401324,1233.6611594672665,85349.40977152412,177.86412861411944,119696.58924742763,178.81913848089062,119696.58924742763,1.0,0.9608341915844302,0.9571831877212309,0.02525950712677131,0.024243670051859817
Multi,94,1500,1.0,5529.490630624667,85296.1781528648,5309.836324929704,86467.92961853227,581.767757262356,119696.58924742762,582.3202234974077,119696.58924742762,1.0,1.0222130511137624,1.0273117896209505,0.02797504872156957,0.019046480161984496
Multi,95,1500,1.0,11394.615676405094,85531.29783664283,40348.544155634256,87723.01703941348,2982.461430192204,119696.58924742763,4439.733404590296,119696.58924742762,1.0,0.9672280101456006,0.9785381056822546,0.022124925357333704,0.011461843163306975
Multi,96,1500,1.0,25662.15930434379,84724.74045784095,45972.87298379808,183791.40328314167,9508.870499514953,119696.58924742763,6573.244293235396,119696.58924742763,0.0,1.0034700112544976,1.1247619110287965,0.02449217679600888,0.005843631088086494
Multi,97,1500,1.0,139.9079849380401,84900.45595374971,139.48946237473916,84818.3628459058,30.67536458304595,119696.58924742762,30.67490084988743,119696.58924742763,0.0,0.9912535063725874,0.9933902928913073,0.02416457299448745,0.023933058514493087
Multi,98,1500,1.0,3301.0412855944705,93176.97752115951,2698.6561946639376,90755.81488079621,313.76292249639437,119696.58924742762,319.2512948945888,119696.58924742763,1.0,1.0159991418718095,1.0223524431332591,0.08644383782284232,0.06475342932900888
Multi,99,1500,1.0,50065.801712193745,85429.72878444019,266116.5297797082,270134.2774837445,7466.899484197494,119696.58924742765,7360.392362450324,119696.58924742762,0.0,1.0248484572740366,0.8979324064978351,0.02434271204527815,0.01837420001250805
Multi,100,1500,1.0,73940.72499518777,90729.73341963146,64220.516681698275,105363.81640530791,8844.665612319712,119696.58924742762,5041.737912965273,119696.58924742762,0.0,0.9823756829390355,0.9956336963184587,0.08230826324287777,0.03723927862332035
Multi,101,1500,1.0,49070.83321632959,85405.3864956721,52839.7516953119,85658.61751264281,6207.036577564396,119696.58924742762,6206.658559946442,119696.58924742763,0.0,1.002416359965909,0.950044789024304,0.025447539192413493,0.021109510007260416
Multi,102,1500,1.0,68094.4621286366,91268.83266058203,164710.40808420733,287468.6376474557,6072.122144833117,119696.58924742762,9777.522764798561,119696.58924742762,1.0,1.005225886829202,1.0921972132270927,0.08217397544149509,0.010464043136660158
Multi,103,1500,1.0,12400.85587781831,85235.25684058841,26627.64204535722,88121.71780075782,2233.8301584209703,119696.58924742762,2250.0810265102855,119696.58924742763,1.0,0.9708623576162715,0.941042054169602,0.021333121483731,0.014486571043519357
Multi,104,1500,1.0,493.7645223984845,90811.48173210719,452.0939362091151,89864.44680546911,61.200306826475426,119696.58924742762,61.34632838313931,119696.58924742762,1.0,0.9549735347877558,0.9481326063260649,0.08084138375564288,0.06892936571117715
Multi,105,1500,1.0,41054.964719099706,92365.66090501667,41818.60304382644,85117.86932452855,4357.447309544066,119696.58924742762,4412.163523385024,119696.58924742762,1.0,0.99110236431609,1.0238363937635289,0.0850876463792279,0.02868535923457669
Multi,106,1500,1.0,20743.05511104627,91913.5824246323,59174.90708763279,146619.04924502148,2308.9329539548553,119696.58924742763,7001.63218205479,119696.58924742762,1.0,1.0117444587247921,1.0354022962569718,0.08459222869242865,0.0459996108457165
Multi,107,1500,1.0,3940.308950408468,85415.22945794722,4836.49012094385,86242.56644868376,590.7723442798592,119696.58924742762,595.2957782576016,119696.58924742763,1.0,0.9715426002020587,1.0035542758787446,0.01910123969894746,0.01969125005505621
Multi,108,1500,1.0,45930.98666441723,92189.82160400556,44257.95659789005,93966.56005454955,4463.563864080388,119696.58924742762,4784.5290909132955,119696.58924742763,1.0,0.9978191438445693,1.0023007896104916,0.08614771819385707,0.015838876628450595
Multi,109,1500,1.0,28016.922750617923,91277.34732358347,27086.38294405784,85104.39597583235,2899.590104966731,119696.58924742763,2904.8564728006518,119696.58924742763,1.0,0.9930965556602567,0.9562677075164125,0.08166832724933691,0.03168014268293481
Multi,110,1500,1.0,6799.427971414471,85276.14365840371,30639.669454993553,157447.1371415913,775.5922422587978,119696.58924742763,1944.5078518158866,119696.58924742763,1.0,1.0121125423925685,1.0594976551997266,0.02138285900168387,0.013572619765031987
Multi,111,1500,1.0,25548.281116498405,90606.10022078815,59751.567324685275,127407.52990914075,2867.8425334454796,119696.58924742762,7473.0897168666625,119696.58924742763,1.0,0.9778882584860223,1.0543641249622748,0.08080537513946476,0.034412521212867024
Multi,112,1500,1.0,21858.61794002637,85055.25590754092,54022.09643050201,87679.92117830276,5137.809492400022,119696.58924742763,9680.332233836994,119696.58924742763,1.0,1.0168092916293001,1.090903660545855,0.015344313655624546,0.006895972678327456
Multi,113,1500,1.0,91519.91535200589,92847.55695511782,65750.60292782224,100523.87427201087,9665.339160661944,119696.58924742762,9583.989544185235,119696.58924742763,0.0,0.9959957609841701,0.9787953438437865,0.085423585937573,0.010168275381208508
Multi,114,1500,1.0,20710.650131565402,91635.0890589428,60637.81316800078,152804.08131652742,2316.9549913709934,119696.58924742763,6982.707614943629,119696.58924742762,1.0,0.9983328273609989,0.9517246212980052,0.08404578544408373,0.040462432757527395
Multi,115,1500,1.0,13323.952299993085,85123.9066054466,12895.06725424606,85680.98369996951,1560.1450909160862,119696.58924742763,1573.8978742491677,119696.58924742762,1.0,0.9467590767649738,0.9268990372824131,0.021984701890455823,0.018940165996220563
Multi,116,1500,1.0,14192.925939298826,91115.34425298142,17219.481997645024,148093.5700250195,1153.0816078247415,119696.58924742762,1160.8477514603721,119696.58924742762,1.0,1.007139248738747,0.9981510955850881,0.08339438866959865,0.03947410267977563
Multi,117,1500,1.0,59844.953297965636,85709.96886962635,62871.991823015356,84683.89395047948,7555.044199300304,119696.58924742763,6999.515301232142,119696.58924742762,0.0,1.0046787085272506,0.9718814637862487,0.024546607115854224,0.029612630946082314
Multi,118,1500,1.0,1895.3354506388064,84667.316148996,5262.980615945517,89865.3124877304,378.5213028484452,119696.58924742762,379.071172715263,119696.58924742762,1.0,0.981487328288615,1.013109936807829,0.025499558216852524,0.024146196254867212
Multi,119,1500,1.0,22924.286484254888,91371.75021815245,18515.70130050936,88371.06837516747,2001.6759634771106,119696.58924742762,2012.780312941731,119696.58924742763,1.0,0.9886370236066235,0.9875045362976631,0.08171725545959733,0.05016324154924295
Multi,120,1500,1.0,30406.86586022428,85556.33242567405,31681.15756281585,85024.94103141026,3821.738201013068,119696.58924742762,3765.0121672717214,119696.58924742762,0.0,0.9657353190573212,0.9732044720772941,0.0245138881846872,0.02337647530873613
Multi,121,1500,1.0,16545.797056306732,90492.53855802283,46436.54783689508,183184.5699350157,1914.9448252870482,119696.58924742762,2613.6582782340397,119696.58924742762,1.0,0.9908347733479012,0.9439427920143165,0.081997613844456,0.04996434527087008
Multi,122,1500,1.0,30203.973744355073,90470.12612291292,28909.62712630101,123991.488323535,2152.5612812741447,119696.58924742765,2163.0909168865132,119696.58924742763,1.0,0.9700143700867717,0.9724963033861045,0.08146197200729355,0.025539195689425413
Multi,123,1500,1.0,83545.36544452513,91058.69372896115,67402.42389165875,157830.1872065543,9635.032759321759,119696.58924742762,3784.5458100683118,119696.58924742762,0.0,0.9825335650732635,0.9381807821143822,0.08160006038500187,0.0064884484096630335
Multi,124,1500,1.0,27949.884779889384,91842.48785342908,27355.62913311244,84656.5514599528,2891.9853392454997,119696.58924742762,2923.745702283906,119696.58924742762,1.0,1.009442057441205,1.0107556378071136,0.08383282498332625,0.032876964339119956
Multi,125,1500,1.0,69811.48454704051,91673.96375466522,107586.83519023398,147268.35353574384,8252.013930554927,119696.58924742762,9599.479082151136,119696.58924742762,1.0,1.0140538246325632,0.964868249182171,0.08496801424386326,0.03784355669271871
Multi,126,1500,1.0,12935.466765036865,84829.09201757486,60069.1550179194,173147.0458859635,4244.67360730107,119696.58924742762,8424.411841259538,119696.58924742763,1.0,1.0214521857686159,1.0609914712506798,0.01738682162548902,0.0077999963381540196
Multi,127,1500,1.0,32663.200593882542,86087.39183867435,53104.2640009318,92171.05395696987,9232.521965837375,119696.58924742763,8729.309861834952,119696.58924742763,0.0,1.004489388040873,1.0577551994266707,0.02209273279781076,0.004038138857757908
Multi,128,1500,1.0,19264.0944354641,85902.84787365125,20625.392699564916,85835.10156939544,2570.0387218173773,119696.58924742763,2526.69194904114,119696.58924742763,0.0,1.0190637426820754,1.022403870950899,0.02767250656601324,0.02851142510876735
Multi,129,1500,1.0,61975.165141502075,85725.01168401769,69925.22562219974,99712.7079980378,9264.851128383223,119696.58924742763,6052.614101727319,119696.58924742763,0.0,0.9750936197898346,0.9080105489802406,0.020684233611552454,0.009446048808791881
Multi,130,1500,1.0,50120.7101422528,90801.2441424572,56732.17795564606,85602.86343037791,5693.982537513423,119696.58924742762,5608.365170606025,119696.58924742762,0.0,0.9912122419872743,0.9790066589880857,0.08240951992743434,0.043988622004459
Multi,131,1500,1.0,24326.34875674142,91839.26732231872,66449.28766473476,147608.3453914738,2387.3462027629403,119696.58924742763,9466.243439480446,119696.58924742763,1.0,1.0157207213208885,1.0410772777628179,0.08535150998059216,0.046926203755905456
Multi,132,1500,1.0,38163.008416444856,85145.45376357151,41236.359045244644,84956.77472531666,4910.011703787064,119696.58924742763,4817.720805327115,119696.58924742762,0.0,1.0062810912008573,0.9706974402095961,0.02333349282311473,0.024669227438721332
Multi,133,1500,1.0,49190.981342003564,89156.57925807427,55161.10394600314,84825.67814151256,5720.910280920258,119696.58924742763,5650.392971463435,119696.58924742763,0.0,0.9764969073680062,0.9953602503778167,0.07990359695161293,0.04321230886261753
Multi,134,1500,1.0,47102.82434730923,85549.83931672442,55850.469152067424,91087.72735909984,6004.495564784245,119696.58924742763,6034.581239254987,119696.58924742763,1.0,1.0264384712437788,1.003408070872028,0.01858312976923426,0.025580847642949232
Multi,135,1500,1.0,48470.439312609524,85071.99174933776,51361.38978612324,84539.59002871078,6152.397684629827,119696.58924742762,5891.959594336347,119696.58924742762,0.0,0.9871583539055088,1.000154671346221,0.021414695943281433,0.026289234236903596
Multi,136,1500,1.0,61144.234831181915,85185.52784496693,65627.67392712127,94523.75613683269,9762.943435566804,119696.58924742763,5922.227790134748,119696.58924742763,0.0,1.0297300311193203,1.008430031824707,0.01950513956005281,0.00746625014175132
Multi,137,1500,1.0,52853.49785195429,90827.6840794149,105598.84610861537,251250.53497679505,3049.1442783221355,119696.58924742762,4305.138576090934,119696.58924742763,1.0,0.9924452404524653,1.0250594920475296,0.08141241713366211,0.01906203129428419
Multi,138,1500,1.0,14689.738624618607,86167.56130166983,128442.93907487673,298524.55864134734,5062.202470666822,119696.58924742763,9650.784220191603,119696.58924742762,1.0,0.9989583151533814,1.255580186841153,0.024200050588115193,0.0032181176524554134
Multi,139,1500,1.0,6647.892747059826,92850.53267330013,27767.053979902525,103284.40842525674,1583.8464595939022,119696.58924742762,1959.5695663284343,119696.58924742765,1.0,1.0178154944074114,1.0158860792924933,0.08601744132061664,0.04977143979962085
Multi,140,1500,1.0,40711.01705585262,85757.74758483653,42775.46761236061,85247.13360500144,5260.54502793601,119696.58924742762,5063.263461089218,119696.58924742765,0.0,0.9614480381465096,0.9505172137562169,0.018521615256620105,0.026968122632117935
Multi,141,1500,1.0,327.8785393572004,85728.69705057662,329.5418296229226,85696.58663035247,54.51495060360245,119696.58924742763,54.531093383453765,119696.58924742763,1.0,0.9883672301523887,0.9847473398917446,0.015349555931992914,0.015667651721029477
Multi,142,1500,1.0,5267.461533069207,85149.13609599511,5553.5435124775295,86778.75101468043,567.7334483470979,119696.58924742762,569.0723620842217,119696.58924742763,1.0,0.9946988497512241,0.9916590106570032,0.027903560495269764,0.017222883210604806
Multi,143,1500,1.0,5886.87515568913,85230.94666391294,5800.620517782569,85661.74830543897,784.1472310682857,119696.58924742763,788.5226546909429,119696.58924742763,1.0,0.9923644531577535,1.0053343830507662,0.02201231288897406,0.021262560138723442
Multi,144,1500,1.0,64437.348856632874,85085.24725774536,86674.56333420132,88088.37459692635,9620.53632575571,119696.58924742762,9699.961805004903,119696.58924742762,1.0,0.9863788381885812,1.0835945381511223,0.022617893410927507,0.005209182671733918
Multi,145,1500,1.0,28526.305685996693,85267.38247064,30479.625751895608,85329.61536660223,3799.5922683132567,119696.58924742762,3726.288880866229,119696.58924742763,0.0,0.930860532162339,0.946540327158652,0.022021029564831394,0.02414449609852713
Multi,146,1500,1.0,764.4141564903186,85112.22961834965,691.6811868654258,84998.08299385806,106.26176327234212,119696.58924742762,106.50406306301709,119696.58924742762,1.0,0.9787111439009668,0.9910985904228112,0.019543280137049354,0.01926484334606737
Multi,147,1500,1.0,700.0512899689741,91288.147779289,23960.679588514708,154585.9968580405,460.569222766036,119696.58924742763,1001.6057132178408,119696.58924742762,1.0,0.9984473529518766,0.9951030123201094,0.08208150721277481,0.06835553854469495
Multi,148,1500,1.0,627.3243125410906,90413.23905352529,720.4491533204439,98862.08471816435,75.13063323369926,119696.58924742763,75.21280805923328,119696.58924742763,1.0,0.9892678081299725,0.9948641540815758,0.08094404112047716,0.07494629037024333
Multi,149,1500,1.0,27481.661254648854,90443.71666003563,28076.43477556535,91879.87886371402,2353.153558172271,119696.58924742762,2674.6026327118548,119696.58924742762,1.0,0.9758807326918498,0.9346737395087762,0.08166748801370255,0.018365475730988425
Multi,150,1500,1.0,15705.858048657225,91689.80222081141,49355.065548499624,148277.58763597335,1680.646020396744,119696.58924742762,4602.977560286091,119696.58924742763,1.0,1.0025315742114131,0.9919372884966291,0.08313481991949756,0.047788259632530944
Multi,151,1500,1.0,12665.122794851213,85378.08820914563,13176.43232475367,85122.22814819831,1684.175972508457,119696.58924742762,1691.0560722996206,119696.58924742762,1.0,0.9913886660123462,0.9909909736898337,0.021584379035531648,0.02145778313991715
Multi,152,1500,1.0,41054.67224963032,90553.93127024669,39142.4970332496,161058.12585253164,2211.2117517217202,119696.58924742763,2400.26719281021,119696.58924742762,1.0,0.9940177226684854,0.970769507554836,0.08211105987153212,0.015356651684538676
Multi,153,1500,1.0,55710.829063554964,86075.30419017974,60697.537276334435,86681.18697815824,6942.659010272259,119696.58924742763,6559.244766397455,119696.58924742763,0.0,1.017413932205717,1.0176315930803599,0.02419428309961165,0.03372580915313408
Multi,154,1500,1.0,56449.01422566408,90002.52463813753,53487.650596458596,117202.27611394165,8072.151593389539,119696.58924742762,5541.030352411079,119696.58924742763,0.0,0.9777795465107398,0.9859487699279416,0.07938230465790015,0.02040298579932483
Multi,155,1500,1.0,5236.627146695508,91496.44212640569,3239.932254024511,85372.93374301514,382.64905961013494,119696.58924742762,389.79653657933875,119696.58924742763,1.0,1.0170900337478455,1.0052922209809636,0.08355570025328352,0.04731191855168074
Multi,156,1500,1.0,44644.407896627716,85027.14249174202,50441.25489575124,107911.56638671056,7566.637874274822,119696.58924742762,7017.133595090551,119696.58924742762,0.0,0.967959626715761,0.9781561968802254,0.019891399974997614,0.009717567901080285
Multi,157,1500,1.0,45625.46319447391,85861.76384217586,71805.36568661669,115977.02745255837,6181.1492853688715,119696.58924742762,6201.123338626612,119696.58924742765,1.0,1.0176178305359656,1.0778758138182203,0.021032191358509887,0.014769701658947601
Multi,158,1500,1.0,72477.8959720291,94894.54669223537,221159.1843087956,235440.2714206468,8421.000869074061,119696.58924742763,7773.46676087664,119696.58924742762,0.0,1.0345833946584047,1.0270732033037109,0.08872740148092752,0.03447548349621647
Multi,159,1500,1.0,56142.26748013024,91310.41440723324,183904.7262279255,300456.0367928062,4549.372042932841,119696.58924742762,5439.197096371041,119696.58924742763,1.0,0.9954960250642316,1.0363744941391015,0.08326242144931648,0.02568042841595031
Multi,160,1500,1.0,88056.00637548395,92600.78320979877,66626.86127728975,87780.94826453202,9647.608214322983,119696.58924742762,7388.051176535988,119696.58924742762,0.0,1.0194771509118272,1.0100865201656706,0.08649849115627137,0.022770247218680876
Multi,161,1500,1.0,3578.73347702467,85971.49213520475,4007.5690332045406,87317.93355440946,399.3387307236959,119696.58924742763,405.14478520831705,119696.58924742762,1.0,1.0093503927136065,1.0085253676537718,0.020610128664832167,0.015984839406415177
Multi,162,1500,1.0,17893.545209848686,92256.87075984213,17259.750674123025,84816.1205050563,1861.6132494507456,119696.58924742763,1865.446420463954,119696.58924742763,1.0,1.0016820890889864,0.9932017877042089,0.08396081955884432,0.047990222224694755
Multi,163,1500,1.0,67428.48756146863,85162.28435657683,75908.49778877613,89223.69178759656,8700.918074091258,119696.58924742763,7814.025875740963,119696.58924742762,0.0,0.9424428407063986,1.0161332950248896,0.02168207936358697,0.037790640541110976
Multi,164,1500,1.0,13602.91221151497,89972.75134271881,59167.99395701582,89416.34835586441,2147.027167931311,119696.58924742762,8575.34105996053,119696.58924742765,1.0,0.9820421313290347,0.9603918095139179,0.07944426833118522,0.043475279524185964
Multi,165,1500,1.0,1105.9018038808977,85472.28763121898,35543.79830280753,107838.59558249968,1072.990985763719,119696.58924742762,7907.082052201787,119696.58924742763,1.0,0.9856432632051847,1.0337358225677047,0.02414105747801664,0.016982310800482164
Multi,166,1500,1.0,11364.227811807286,90513.88724060837,10468.4141027265,85930.68570433774,1170.4860897835326,119696.58924742763,1179.8721242664628,119696.58924742763,1.0,0.9679148814791024,0.9755166836544816,0.08141888499442212,0.038554806501653285
Multi,167,1500,1.0,14627.322207999252,91086.82109990923,14182.403314975145,85072.85420454585,1524.8728067965972,119696.58924742765,1531.279025070252,119696.58924742762,1.0,0.9758057656021211,0.9767812641236567,0.08276800240562449,0.04958504922600891
Multi,168,1500,1.0,57672.05618417493,93070.82300924313,138394.94888325807,262614.795130683,4925.553297595372,119696.58924742763,9366.062600340643,119696.58924742765,1.0,0.982689427279609,0.9925575825180507,0.08474318816870915,0.026420430453683308
Multi,169,1500,1.0,4921.881907428013,85968.89074518209,40297.01411176046,158231.7120668684,1230.8847888233463,119696.58924742763,3463.413655381298,119696.58924742762,1.0,0.9958192660454281,1.0181169866126245,0.025153084613823637,0.01972762162274906
Multi,170,1500,1.0,86159.45840526078,92899.30667377902,66581.97635551242,113246.54616206969,9390.8874553721,119696.58924742762,5297.66094188985,119696.58924742762,0.0,0.9942941864777725,0.9371363164596208,0.08458819899533436,0.011927377059786635
Multi,171,1500,1.0,94759.25607763717,95096.91328514712,67337.1540635483,94299.40274763669,9497.109749294965,119696.58924742762,9217.30903092062,119696.58924742762,0.0,1.0201372342393353,1.0407376706956013,0.089691528710797,0.027777379805546825
Multi,172,1500,1.0,17804.597191154015,85485.39190953661,19105.81376645834,85959.10124072168,2426.4404959747944,119696.58924742763,2396.0603074144315,119696.58924742763,0.0,0.988454894832915,0.9920798806308233,0.02321151338153236,0.02357165896650447
Multi,173,1500,1.0,899.0737057118339,91761.12615628247,881.1339697117478,90531.05773500918,110.05075651345288,119696.58924742763,110.45543742907975,119696.58924742763,1.0,0.9827380488423587,0.9773608378138074,0.08309036757708498,0.07358933355633339
Multi,174,1500,1.0,84416.55424152667,91363.30691761654,61157.552009298575,90461.73014434296,9727.226081029597,119696.58924742762,6260.966292314115,119696.58924742762,0.0,0.9922947332471775,1.0318572848883514,0.08294839934463404,0.018101165365571752
Multi,175,1500,1.0,50747.75109024342,91558.18667137138,62752.985317788094,107553.43067729803,5164.615655342166,119696.58924742763,5315.685293629569,119696.58924742762,1.0,0.9968348635590893,0.9859996806151599,0.08316430558204635,0.031386242700526326
Multi,176,1500,1.0,64412.80669585816,92217.03698052262,82341.01978445184,113780.34822261459,6159.087256541813,119696.58924742762,6099.387168540574,119696.58924742763,0.0,0.9897518215580292,0.9614104257158966,0.0847597578845745,0.015422934210173135
Multi,177,1500,1.0,68767.75526705474,89963.54647831974,62168.70017617895,97167.36454360184,8366.855740106916,119696.58924742762,8025.844421907161,119696.58924742762,0.0,0.9932686516208358,0.9286259975112562,0.07994373887392299,0.020340434697548343
Multi,178,1500,1.0,1880.4096940343766,85466.53958151244,35498.49646366449,167695.3733613783,279.72079921466906,119696.58924742763,5506.115159725202,119696.58924742763,1.0,1.0064084980856973,1.0771221051505597,0.018332718872075767,0.007168929519926929
Multi,179,1500,1.0,67371.53111642509,91296.3485986575,193382.83070838242,291596.689324126,4620.177764824801,119696.58924742762,5008.194000972637,119696.58924742762,1.0,1.0038241370033867,1.0675323255819278,0.08379724153347311,0.009780864152298488
Multi,180,1500,1.0,10733.060882590431,90562.5715549575,7516.24822538596,87655.48531203617,840.3785342157522,119696.58924742763,883.4021446855636,119696.58924742762,1.0,0.9735819524697282,0.9853877445582151,0.08146165199478268,0.044666153969790005
Multi,181,1500,1.0,47434.89176367907,91047.88734570036,47431.764519898,85008.16957093524,5065.132937472279,119696.58924742762,5143.733433642674,119696.58924742763,1.0,0.9965769445500335,1.0003666781731835,0.08292790651199033,0.024581751597156948
Multi,182,1500,1.0,41592.76061146746,91712.77648205042,41182.32961036307,85061.70144674406,4391.293243250862,119696.58924742762,4455.992531383725,119696.58924742762,1.0,0.9805368967700232,0.9672298849124479,0.0843554784220648,0.030438672549503536
Multi,183,1500,1.0,65232.65600878418,90860.36143048205,215955.5936048243,284155.28672918817,5214.50592697449,119696.58924742763,5597.403091741882,119696.58924742762,1.0,0.9807200062914796,0.41332500585494303,0.08216820467817774,0.0265890145088136
Multi,184,1500,1.0,7007.2796628291035,85373.432128696,42806.45311108369,92246.96406192658,2687.6974848753853,119696.58924742762,7878.191880912484,119696.58924742763,1.0,1.000545210042555,1.0026135352560224,0.02433316420142513,0.009960119681492253
Multi,185,1500,1.0,4227.586415024521,85465.08877066887,4238.594047816319,85220.95919179765,570.9008323405685,119696.58924742762,572.0888004922776,119696.58924742762,1.0,0.9764719293445845,0.9842553269529339,0.01854766188327246,0.016897349612336274
Multi,186,1500,1.0,67683.7088352067,93387.84389760379,68503.08870366747,88738.88239649893,7260.907160409863,119696.58924742762,6984.1446302752465,119696.58924742762,0.0,0.9983628587051954,0.9986680839691944,0.08643497020098778,0.04872411910717755
Multi,187,1500,1.0,3638.0986186647606,85787.98264675347,29513.437459521276,101221.01911891188,1281.4880285043273,119696.58924742762,1749.3262006474392,119696.58924742762,1.0,0.9982433075468741,1.0506376242775153,0.020580545357662454,0.014368981844493613
Multi,188,1500,1.0,14583.854639601781,93464.50544667437,12994.213729749034,85987.62552162941,1466.8737119259013,119696.58924742762,1467.142019860349,119696.58924742762,1.0,1.0286839715407166,1.0268017707128085,0.0868406706368425,0.04379451594251204
Multi,189,1500,1.0,35842.57464120885,84792.97796400837,189809.49716764988,232840.35505135256,6590.78954941373,119696.58924742762,6717.128736665881,119696.58924742762,1.0,0.9798451499620273,0.947045122941449,0.019472057405780972,0.008711289375310967
Multi,190,1500,1.0,52192.09326911396,90387.29843318589,141166.7392278667,249519.1426651104,5214.925595446726,119696.58924742762,8176.422156008262,119696.58924742762,1.0,0.9635935254649085,0.8698355968464695,0.08084564362575607,0.015500086268825897
Multi,191,1500,1.0,26203.60621286946,90546.66797509312,13399.229914283826,136821.09694606854,1272.4067938995934,119696.58924742763,1294.8378981242554,119696.58924742762,1.0,0.974942479928751,0.9560358360545441,0.08162460551553558,0.014875941692148634
Multi,192,1500,1.0,79433.07468852118,90174.91679029287,76413.13381389453,86178.55015122425,8960.99397447181,119696.58924742762,8247.523156629162,119696.58924742762,0.0,0.8633537550985638,0.8798585694639001,0.08123758956868252,0.05046705173174387
Multi,193,1500,1.0,6194.096109728708,85437.5620579199,29863.72785584351,129907.32450305614,1069.1341772364158,119696.58924742763,1407.1642673650704,119696.58924742763,1.0,1.0134353773743987,1.031745345178712,0.027652345027481505,0.02197516554299101
Multi,194,1500,1.0,83785.43963280025,93200.31663269756,63395.34342449637,87849.89939585204,9491.854477777111,119696.58924742762,7427.461144403041,119696.58924742762,0.0,0.9982058350059881,1.0142727670487302,0.08600469198725201,0.02159363317249366
Multi,195,1500,1.0,10330.8891045538,85688.3366591707,23063.862851673162,88680.44721777682,1921.6068226144814,119696.58924742763,1964.0426145314316,119696.58924742763,1.0,0.9791194937438166,0.9943370038997449,0.01927618692027419,0.011813019858828057
Multi,196,1500,1.0,27810.710475815235,89648.342190594,23931.07559856466,91578.63277383882,2250.4912654860873,119696.58924742762,2472.4450226579274,119696.58924742763,1.0,0.9695035848748813,0.9869969802697112,0.07873150753413907,0.02055561599023737
Multi,197,1500,1.0,56370.51290511154,85072.88152144398,59851.11193535033,96108.23638114752,8720.938037893566,119696.58924742762,6314.56011384802,119696.58924742763,0.0,1.0150160647607842,0.9949831066339127,0.024981515763737652,0.020810181074943736
Multi,198,1500,1.0,72350.85591029981,85006.88550557748,61736.75373166456,90469.21552466326,9746.505144986462,119696.58924742765,5726.57052590057,119696.58924742762,0.0,0.9928153615520204,0.9739176466768278,0.02661972656881649,0.01860731932310986
Multi,199,1500,1.0,80186.76987757778,91315.01813702326,60549.509460135,99813.91254869066,8883.012700840123,119696.58924742763,7348.231702797828,119696.58924742765,0.0,0.9988140924485625,0.9967371816901575,0.08232690594456775,0.010833694549503132
Multi,200,1500,1.0,117.87746389561516,85223.54007842152,117.78982063465477,85208.99010888024,27.443406460442283,119696.58924742762,27.44340578559867,119696.58924742762,0.0,1.0240641638370087,1.022720166012356,0.021462651217541907,0.021463305920679063
Multi,201,1500,1.0,40894.49767634,85576.6930626351,64595.386802736,88497.26388725835,8929.759117565092,119696.58924742762,9633.211735498036,119696.58924742762,1.0,1.0088750948178888,1.0237426126173221,0.02042517241939186,0.006503708454716485
Multi,202,1500,1.0,69214.76777495969,85402.13271762591,69019.52163750953,84325.07085189136,8370.713742090473,119696.58924742762,7771.684390312512,119696.58924742762,0.0,0.9830663840522079,0.9568487003147624,0.025805110767213084,0.036467647403605266
Multi,203,1500,1.0,26419.844875457486,86451.03644830073,90802.83565931249,172669.71163360224,7297.688930299346,119696.58924742763,9522.545449856323,119696.58924742762,1.0,1.018922087261248,0.9814720035288556,0.027939686343176305,0.01059115438086423
Multi,204,1500,1.0,67968.70718431984,93121.25026234536,59037.02894585462,103060.33286013453,7373.63418642916,119696.58924742763,6990.526576080521,119696.58924742762,0.0,0.9815516751715645,0.9305123618744785,0.08554817172168067,0.012611314615308967
Multi,205,1500,1.0,29354.62874718353,85221.32024284216,51995.556137600586,86613.9177057214,5236.417503073342,119696.58924742763,6003.815268549836,119696.58924742763,1.0,0.9525318458526745,0.9211770217713402,0.027452576588984697,0.028506183736831833
Multi,206,1500,1.0,55293.85605433287,89605.19689022328,145841.98394184155,266907.5033569123,4797.720085624518,119696.58924742765,7181.770702803501,119696.58924742763,1.0,0.9685701121752087,0.8710485657772462,0.07953923334101791,0.011769493642564473
Multi,207,1500,1.0,3771.632818448994,91906.8728285183,3518.4291599615644,88611.36096580858,404.0299102977039,119696.58924742762,404.61140850649724,119696.58924742762,1.0,0.988588293920066,0.9918712051282342,0.08433193902989124,0.05690165433694312
Multi,208,1500,1.0,3948.8472762979227,92856.31361965445,2520.653346373563,86206.61503833743,308.1419231028332,119696.58924742762,316.867969888384,119696.58924742762,1.0,1.0215189074647484,1.0186116101942917,0.08580429873850005,0.05225656289822725
Multi,209,1500,1.0,49390.43379124943,85307.5940647787,78024.1688075979,125888.81538868422,6420.263236421231,119696.58924742762,6197.5665341937365,119696.58924742763,0.0,0.9639562114017076,0.9776248824704462,0.019662864250516606,0.02083414274503885
Multi,210,1500,1.0,45003.35460434297,85072.72413818054,51473.0782005171,104973.11820983197,8348.667099283732,119696.58924742763,7404.012072485511,119696.58924742763,0.0,1.0251112604108452,1.0215584112190113,0.022498475509361033,0.011431759766871639
Multi,211,1500,1.0,11014.305288555666,85382.19252791881,39911.740594448944,175649.19625713816,1081.9957583205905,119696.58924742762,3390.934653535003,119696.58924742762,1.0,0.9727481989177083,0.32615626365712586,0.0217707828871743,0.015712822936969
Multi,212,1500,1.0,50196.12155244433,92407.62164089282,51696.89700413016,89371.40453677581,5215.830555962928,119696.58924742763,5284.979483865993,119696.58924742762,1.0,0.9973268292137111,1.015042786170286,0.08515217895842842,0.030685037591137023
Multi,213,1500,1.0,68892.12489468201,92251.55760632802,66620.29465008092,85611.79375628372,7650.770802591949,119696.58924742762,7335.950379177197,119696.58924742762,0.0,0.9997215609086133,1.0064205233369432,0.08414042884897503,0.02430740214187069
Multi,214,1500,1.0,70207.54790591885,90749.6056791051,70950.4894847197,85061.57498484757,7991.643564710949,119696.58924742763,7460.856720487833,119696.58924742763,0.0,0.9878163639927566,0.9513185921778048,0.08203407632186857,0.04840037845975314
Multi,215,1500,1.0,6898.770809596357,85034.7607021118,45102.23313266136,187614.63398095476,1252.5044449035524,119696.58924742763,9308.862452061207,119696.58924742762,1.0,0.9918302931717975,1.017107756919457,0.022157306048747282,0.01057958911452807
Multi,216,1500,1.0,53812.66490952979,92799.73797844752,68019.06995934132,207813.2783665324,6582.855007647997,119696.58924742762,3200.583364934682,119696.58924742762,0.0,0.9900822267757473,1.0600916860813965,0.08623891464792792,0.025471522834587125
Multi,217,1500,1.0,13610.519771025858,90554.81185130485,29602.487234156433,206524.74038830074,474.1928115223499,119696.58924742763,1344.295125547898,119696.58924742765,1.0,0.9707365107100785,0.9711796601831136,0.08091172195383063,0.041406650070941645
Multi,218,1500,1.0,83845.31298847453,90624.31141064248,72665.85057821622,90453.10469980164,9174.48444806613,119696.58924742763,7014.667505630645,119696.58924742762,0.0,0.970780350654689,1.007157609615828,0.08141530363216795,0.01292864595290485
Multi,219,1500,1.0,15098.694006934955,85470.94318722375,15443.840450393163,85346.63758627712,1965.5148441032993,119696.58924742762,1940.3016446384931,119696.58924742763,0.0,1.0086597869369973,1.0052055659812764,0.021944016458884892,0.02369195882928118
Multi,220,1500,1.0,11762.191997328358,90898.05677588427,11040.9841124882,85119.86041698017,1216.04367275356,119696.58924742763,1214.5807262127807,119696.58924742762,0.0,0.9985315166822663,0.9662587127305956,0.08170353734538405,0.05159714675384019
Multi,221,1500,1.0,60630.119430940606,91323.93352746205,59440.516606190096,101167.93426090444,7425.743316240529,119696.58924742762,6613.402226359878,119696.58924742762,0.0,0.9853708023252991,1.0041161994623948,0.08241987530107218,0.024183057969704682
Multi,222,1500,1.0,69801.13973888234,85328.54708409042,69669.62257385752,86821.81503445673,8714.41377184039,119696.58924742763,7599.701718096409,119696.58924742762,0.0,0.9844242641752085,1.0538583166682594,0.02372947720256834,0.012922428040491634
Multi,223,1500,1.0,61972.772950029175,91884.30171263215,157900.5396562631,267630.9221068506,5261.01350570428,119696.58924742763,7590.351774322848,119696.58924742762,1.0,1.0080448835369284,1.099961176309658,0.08488500776916329,0.021035374311457345
Multi,224,1500,1.0,55320.42689045916,92179.39392608842,58833.581362813675,84799.91284443991,6236.464739183736,119696.58924742763,6010.6479629669775,119696.58924742763,0.0,1.0035703714394528,0.9618809557014959,0.08506609396076747,0.04360805978222586
Multi,225,1500,1.0,59648.58790636041,92002.19039318565,232865.25557945878,347977.5656311881,4788.24775813583,119696.58924742762,5438.588251504649,119696.58924742763,1.0,0.9984815562485507,0.9949154230654419,0.08497085119225653,0.026572380468103222
Multi,226,1500,1.0,4629.078739213914,86000.37820948116,4643.090752974274,85974.50561645249,513.0870801992463,119696.58924742762,514.4688519085396,119696.58924742763,1.0,1.0262828544114055,0.6653133596057627,0.0208975676685917,0.015197437158672632
Multi,227,1500,1.0,65869.83983208149,91240.55073422962,156418.8495604628,278626.6601245871,5784.095067785476,119696.58924742762,9764.329272780134,119696.58924742763,1.0,0.9835735969506311,0.9963598887354901,0.08051942135049209,0.012533212225183239
Multi,228,1500,1.0,69944.27017319121,92904.51934393756,204037.86499142385,268552.868720367,5866.832896603448,119696.58924742763,5986.015650221576,119696.58924742763,1.0,1.0108140083324226,0.8835313838220604,0.08579655361133508,0.00915546065143668
Multi,229,1500,1.0,36680.680295245016,85891.45142139966,40194.89609785081,85832.74569725903,4691.392994403282,119696.58924742762,4612.492949681029,119696.58924742762,0.0,1.0059740732180078,0.9641193688142912,0.021457977934934737,0.02399313982409252
Multi,230,1500,1.0,39306.62320516682,91680.58680829768,39440.01567365651,85279.11852377595,4136.013891350792,119696.58924742762,4189.095654445617,119696.58924742762,1.0,1.002925353638592,1.018783826217653,0.08435552726104695,0.021016831290992844
Multi,231,1500,1.0,32702.3566079943,85064.55792466823,188321.46328075835,239415.99815948517,6000.4284990590695,119696.58924742762,6209.297953483375,119696.58924742763,1.0,0.9560077809841379,1.019649518754156,0.0246387482415579,0.009952761740292984
Multi,232,1500,1.0,40107.202955874265,84928.94907845618,52978.35991506016,91200.77325466686,9617.983040860216,119696.58924742763,7588.263903150442,119696.58924742763,0.0,0.9927953916219008,1.0200275834265093,0.02536164078479904,0.006551053011267077
Multi,233,1500,1.0,16177.835161950688,90454.39294369529,38710.63608178328,176330.7399794638,1788.484578354281,119696.58924742762,2107.0825853907622,119696.58924742763,1.0,0.9927819981755734,1.0045540322424913,0.08207703113926347,0.02390039226134307
Multi,234,1500,1.0,34782.00862626351,85341.50325826087,38752.3844215859,88370.62492843122,4384.195017581431,119696.58924742762,4335.337665391308,119696.58924742763,0.0,1.0188804092399142,0.9938846636986649,0.027923269135631746,0.02563009509321557
Multi,235,1500,1.0,15696.543539030552,92691.56154655837,14876.862736075382,87731.7890886507,1638.7640165597386,119696.58924742763,1637.7209188574914,119696.58924742762,0.0,1.0039891681032358,0.9820267916599518,0.08623592800885245,0.0405827110194071
Multi,236,1500,1.0,54782.399211955344,92022.96647451028,166626.00400677754,278983.53827094345,5850.546734973108,119696.58924742762,8409.89166263018,119696.58924742762,1.0,1.0007872074718436,0.9571252358297012,0.08531783622355751,0.023430660631298124
Multi,237,1500,1.0,2722.3734835363734,85115.50368448807,2757.5409753362633,85524.3172182625,309.7329913434414,119696.58924742763,308.3361402877353,119696.58924742763,0.0,1.016272844177628,1.012700000378341,0.025936077436005102,0.022259443983499678
Multi,238,1500,1.0,75486.58632651213,92322.1627570572,161336.16060356895,275398.4579904253,5512.006775245174,119696.58924742762,8441.05146783448,119696.58924742762,1.0,0.9958215751437801,1.0673546861687082,0.08349936152522372,0.00975919019909607
Multi,239,1500,1.0,42903.09195692362,85385.5539820329,46811.83921917857,85184.62544880871,5571.7322065645385,119696.58924742762,5382.312216637756,119696.58924742762,0.0,0.9744882144044308,0.680303353559997,0.025215466790406434,0.030119660352877154
Multi,240,1500,1.0,8183.032558111203,89410.90742217578,7809.913049322903,86398.14870352544,862.3234254662527,119696.58924742762,864.5508690777511,119696.58924742762,1.0,0.9838538268565958,0.9645463703969972,0.08003485859823412,0.042384626432665995
Multi,241,1500,1.0,32061.34788300956,85448.70118607272,50607.73027349378,102840.90710373399,6640.8126925344095,119696.58924742762,6582.3453749547625,119696.58924742763,0.0,0.9801357459781423,0.8895172636374673,0.020989039412357073,0.007739222747470722
Multi,242,1500,1.0,74546.93455922705,91852.50099458586,75992.7983607298,87771.04229264254,8429.692709555204,119696.58924742763,7991.43212457361,119696.58924742763,0.0,0.9847910543710346,0.9698070784249739,0.0844473035958757,0.047008395680784854
Multi,243,1500,1.0,5610.71820782112,90930.92831526526,46142.10306240154,94832.24281892311,1372.5546213432767,119696.58924742763,5362.357162515835,119696.58924742762,1.0,0.986297700999299,0.963343227200509,0.08049654784006458,0.04765973851744144
Multi,244,1500,1.0,47513.64265992405,85046.8146669189,58022.72810087772,99074.39607443978,7768.402761346283,119696.58924742762,6092.329534772127,119696.58924742763,0.0,1.0270727696294775,1.003703251948019,0.024097559059831547,0.020751076816753443
Multi,245,1500,1.0,48463.143208706184,90191.9653682877,56989.268447303184,103572.57686865579,6932.662081074197,119696.58924742765,5732.2813971002915,119696.58924742765,0.0,0.9773076167450132,0.9936116615816539,0.08073259361574223,0.023450829606615986
Multi,246,1500,1.0,1947.1175277003456,93301.83435270237,25376.912251424947,232629.20636873326,327.7801750634446,119696.58924742763,949.4454041586059,119696.58924742765,1.0,0.9896682833319161,0.976792033842501,0.08503621568635814,0.07052080929173761
Multi,247,1500,1.0,38957.52220402452,90872.98589699903,67487.12298046479,163199.02911104087,4029.4297897807573,119696.58924742763,4631.488727606493,119696.58924742763,1.0,0.9810460887265023,1.0182121311042072,0.08236602037845883,0.02272979096346494
Multi,248,1500,1.0,20784.03014836131,85230.94869399353,131569.37403069058,300711.2741804806,5335.27349305529,119696.58924742763,9743.989091910771,119696.58924742763,1.0,0.9368533477352444,0.5524749147932172,0.02297508030761517,0.008529575021553387
Multi,249,1500,1.0,72469.14785565394,85286.60241717868,62431.042458084135,89342.30901243346,9608.024074930177,119696.58924742765,5969.68902283601,119696.58924742762,0.0,0.9611241556610947,0.9775606378943233,0.02591563567236391,0.022131201478312997
Multi,250,1500,1.0,56271.37738957601,91528.60970462649,105060.0698178587,170268.36416045012,6552.725447006059,119696.58924742762,6489.835469070629,119696.58924742762,0.0,0.9873768662385133,0.9823025132109641,0.08398399444032231,0.04037086218728528
Multi,251,1500,1.0,4196.770119152869,85149.63844231764,43688.71910682942,165201.62711431488,1674.616792644224,119696.58924742762,9693.550032593237,119696.58924742762,1.0,1.07038253406432,1.0795173605410024,0.02347951297686679,0.014783311380497393
Multi,252,1500,1.0,14165.753917868955,85750.67973838926,15951.714734337738,86523.07335124695,1782.7650447347403,119696.58924742762,1832.6497816639853,119696.58924742762,1.0,0.9696250746769753,0.9563560841620562,0.022663781193912755,0.010324059102044267
Multi,253,1500,1.0,34397.93207887197,85155.35878214675,88534.01830136943,157371.59510273655,6203.492706744548,119696.58924742763,6393.823911903761,119696.58924742762,1.0,0.9799358660354748,1.0130904935988037,0.02129393516403026,0.011042149091543574
Multi,254,1500,1.0,45587.42344500017,85234.56245199422,58791.45974931093,87418.08806156555,9549.6496041581,119696.58924742762,8914.123975183938,119696.58924742763,0.0,1.0035767743053958,0.9949458564721139,0.01726953539094337,0.005621457149562867
Multi,255,1500,1.0,21005.842501253148,92075.03312904852,19523.783309519677,85310.1775498279,2150.270770661825,119696.58924742762,2143.283684451728,119696.58924742763,0.0,1.0171638668261038,0.9969178958827591,0.08379281592551048,0.031129344877670276
Multi,256,1500,1.0,19525.889349567165,85460.04301880387,64920.704515133344,169458.86538861057,4425.883560310727,119696.58924742763,6676.410349259817,119696.58924742762,1.0,1.0211068134506482,1.017951773618609,0.0245649583110704,0.013709609360743055
Multi,257,1500,1.0,25843.335242087065,86003.56420027712,66692.63309283013,146074.99668049926,4159.799130696652,119696.58924742762,4361.284337691941,119696.58924742762,1.0,1.0349229177013273,0.9838793285322345,0.02690857512744764,0.018999294364266384
Multi,258,1500,1.0,58846.872381432346,91810.65323197455,58167.46221234722,107433.9749881509,6510.522959575034,119696.58924742763,5632.853699994035,119696.58924742763,0.0,0.9911310573718701,1.0238243473511415,0.08493630934731596,0.034574186767430765
Multi,259,1500,1.0,943.4445990652268,92982.27678129307,897.5103200475567,91118.28622454146,113.78765843757255,119696.58924742763,114.00061423149373,119696.58924742762,1.0,1.0118805960600046,1.0145427879936348,0.0851652226739774,0.0695833616434738
Multi,260,1500,1.0,62501.97518594624,91683.32406806253,177824.11617660668,291717.1070950606,4577.847813078028,119696.58924742762,5520.681158866998,119696.58924742763,1.0,0.994566987020865,1.007258574246209,0.08463857437984723,0.006343446664939788
Multi,261,1500,1.0,10333.042078440354,85322.15765433549,118150.56636053976,310400.40702971834,4970.6085272598575,119696.58924742763,9735.202038774274,119696.58924742762,1.0,1.012521218237429,1.1625916510169831,0.022619909275763576,0.009079486889443192
Multi,262,1500,1.0,32947.9916597227,85141.96308629036,69904.20315205456,98669.2091724799,8684.632631378405,119696.58924742762,8193.878804110162,119696.58924742762,0.0,0.9556539483253967,0.9907525018979216,0.018080261554629804,0.003101316974525479
Multi,263,1500,1.0,48274.7262596788,85549.84959851002,50721.54178277585,88552.32508365215,6269.528143804389,119696.58924742763,6014.235716992572,119696.58924742762,0.0,0.9639928897367642,0.9920875946667335,0.026199718822500155,0.019150790392747693
Multi,264,1500,1.0,35361.69185131912,85568.878137577,38765.816045629894,84834.68312701667,4445.851393683301,119696.58924742763,4364.458889710461,119696.58924742762,0.0,0.9544687676983121,0.9707855771189937,0.030665470680082747,0.03217100598141932
Multi,265,1500,1.0,2450.0556015674215,85510.67167164969,2499.267134930485,85314.8251079307,331.6370069373889,119696.58924742762,331.59197586601874,119696.58924742763,0.0,1.0220709879669478,1.0234642754444885,0.02312827473893697,0.020857919091279663
Multi,266,1500,1.0,23170.233878911222,92713.3017126992,21725.342510977018,85568.62362661504,2376.367967293012,119696.58924742763,2368.576915382304,119696.58924742763,0.0,1.0058048844266758,1.0042030695080646,0.08640741393324758,0.03809995792970667
Multi,267,1500,1.0,58688.12072546913,84805.05074040318,60941.981585739864,85174.64217054375,7370.993915279605,119696.58924742763,6770.02048224895,119696.58924742762,0.0,0.9954971745286505,1.032929182064109,0.020804454107478904,0.03368703168522714
Multi,268,1500,1.0,73128.44299432417,92198.11446851505,71541.49645157931,86610.59761480625,8144.835373445357,119696.58924742762,7475.787972598138,119696.58924742762,0.0,0.9933970751842087,0.9979718447593038,0.08445703825171264,0.049735361750224506
Multi,269,1500,1.0,538.5090914591783,85705.53470052358,557.2573485894818,85677.96117166738,67.49451355603435,119696.58924742762,67.4186390811069,119696.58924742763,0.0,0.9912168032518812,0.9922231076085274,0.020606741512649428,0.022437914067097102
Multi,270,1500,1.0,50792.8754859473,94156.91437826665,60711.601811348984,111017.51947924578,5069.753960880351,119696.58924742765,5122.868348621799,119696.58924742763,1.0,1.0006133128190897,1.0056115799553094,0.0862160442626284,0.028428956591264067
Multi,271,1500,1.0,66193.1145915852,90766.13582298039,147070.75114388822,278159.58605392795,5436.9838651869995,119696.58924742763,9752.926939058289,119696.58924742765,1.0,0.9972069175893524,1.1871655778022698,0.08166823820021815,0.007748334866747029
Multi,272,1500,1.0,75610.40589913071,91074.4402033808,68759.66212739816,87684.57860164513,9178.33207087115,119696.58924742763,7957.8877423866525,119696.58924742762,0.0,0.9734303750295444,0.9757806112978407,0.08353187519467038,0.029756834229722435
Multi,273,1500,1.0,49788.45300253885,85583.08356556794,60083.67976378957,105323.98962112969,9688.887828626208,119696.58924742763,7576.418383423991,119696.58924742762,0.0,0.9847874742628334,0.9947291655617817,0.024720116168603066,0.005294940315661225
Multi,274,1500,1.0,53631.02533023953,91815.68671726517,47026.47921617953,100478.79873870185,5119.948397898064,119696.58924742763,5047.158091704572,119696.58924742763,0.0,0.9867650124538664,0.9428391277835664,0.08411042243519068,0.016755033962437882
Multi,275,1500,1.0,4553.345411619877,93068.81852657604,7199.003668880735,93992.03616068978,645.0478153304022,119696.58924742762,645.546754075594,119696.58924742763,1.0,1.0210125075949537,1.021996416088954,0.08726450280407516,0.06416282535852658
Multi,276,1500,1.0,48824.79412318616,92299.23990415137,85642.69294611999,196852.38644159096,3550.158744995533,119696.58924742762,9685.974066682089,119696.58924742762,1.0,0.9974353647705159,1.012833176095915,0.08275841082801179,0.013717769859358998
Multi,277,1500,1.0,50206.331041961435,85254.68347621347,56366.28050109644,105578.45391591726,9470.239218522092,119696.58924742763,8259.259338267802,119696.58924742762,0.0,0.9909402083174387,0.933769432151182,0.02877778221422831,0.006096915198291711
Multi,278,1500,1.0,21538.143564124563,85441.11249601621,48807.85068060768,145234.7275440787,9025.359040210282,119696.58924742762,8318.208311702752,119696.58924742763,0.0,1.0141343871801929,1.0891753704968188,0.02503584161818232,0.0024336667593564463
Multi,279,1500,1.0,64551.58191543188,92639.85813137687,290818.01425258757,336749.10225029365,5645.058213334478,119696.58924742763,5963.871601796045,119696.58924742763,1.0,0.9960044225141216,0.9373477997802212,0.08492552022243702,0.030740665245890773
Multi,280,1500,1.0,8704.325590637643,85402.8502012282,32988.450894690985,115730.6494091291,1470.2184292765187,119696.58924742762,1789.4760542789531,119696.58924742765,1.0,1.0225611883816315,1.0358659182012118,0.020014345875695432,0.01572913108707289
Multi,281,1500,1.0,2945.0086944799723,85378.06980849801,36440.25055122904,96953.83780387107,2012.7259841369537,119696.58924742762,7638.704350071044,119696.58924742765,1.0,1.0186590670073103,1.030217949310967,0.018964174569832896,0.011661485254668317
Multi,282,1500,1.0,423.5053024194774,91828.21325035335,385.69608070252906,90502.29065733975,55.12494558474112,119696.58924742763,55.14572097018169,119696.58924742763,1.0,0.9935917980390306,0.9739715714987515,0.0833796092550891,0.07065605900870164
Multi,283,1500,1.0,26461.762111789416,84988.87581920621,72499.30191166728,136917.13312486472,5844.92664028216,119696.58924742765,4270.601187464065,119696.58924742763,0.0,1.0026230042387327,0.9842268206926335,0.027088369427526706,0.015207389108493344
Multi,284,1500,1.0,92873.08329538463,85068.5888950195,94759.14207175447,86387.62554079073,9808.30441547441,119696.58924742763,9788.13333481723,119696.58924742762,0.0,1.0490995985583265,0.9885920502283451,0.022014139650031704,0.024478377517903313
Multi,285,1500,1.0,70235.22738745606,85422.70112448817,70191.99184587048,88347.5720180911,8592.480147414264,119696.58924742762,7420.33426178789,119696.58924742763,0.0,0.9859522442294635,1.0283463614182535,0.022516564803093,0.012868853307451356
Multi,286,1500,1.0,12131.784809796496,85320.36787776103,55405.7960182368,168196.50396585674,3540.1212045965212,119696.58924742763,8125.122675569355,119696.58924742762,1.0,0.9794210771936229,0.9406148961410119,0.026815828085032033,0.016185814720717458
Multi,287,1500,1.0,29791.72709630689,84679.73736876709,160539.51142091042,235203.10038941455,5518.494785632378,119696.58924742765,5908.937899411504,119696.58924742763,1.0,1.0045763371022143,0.908846327246365,0.020397898322297763,0.006856661075028169
Multi,288,1500,1.0,16012.0836692979,90027.12424998236,49581.05316572926,159260.45747817558,1923.7351870761258,119696.58924742763,3920.9572351940765,119696.58924742762,1.0,0.9805723479110635,0.9920080463908905,0.08075472378823226,0.044507134418935425
Multi,289,1500,1.0,5170.469210451556,91607.49060861627,13661.95596791093,188895.27949530893,534.4365081620585,119696.58924742762,555.9899995346375,119696.58924742763,1.0,0.9968601173662528,0.9776119657977833,0.08409278990794387,0.05338233249257369
Multi,290,1500,1.0,17854.283444833938,85109.78730534972,121870.34174242646,289212.61659853737,5043.969700004572,119696.58924742763,9527.849106060907,119696.58924742763,1.0,0.9857338740607353,1.2076094860036306,0.01960613477676594,0.0063359709366005434
Multi,291,1500,1.0,25142.80256852853,85841.09633995549,40080.993156972996,112260.85910863138,3386.3491862194214,119696.58924742762,3453.147790532172,119696.58924742763,1.0,1.0097975685863834,1.1141107461267932,0.024122751395061433,0.012044954053319032
Multi,292,1500,1.0,11995.035188388716,85281.44865569517,145126.29006513522,311224.189250324,5325.379104678075,119696.58924742763,9658.17006867351,119696.58924742762,1.0,0.9555172553612592,0.9073945966122086,0.0254251755679372,0.007350448227218652
Multi,293,1500,1.0,47027.70512884259,91781.21982407547,80958.71951747662,185271.28924216566,3364.842227355881,119696.58924742763,9608.144471705942,119696.58924742763,1.0,0.991337822612424,1.0844419243429924,0.08439640541909466,0.03536872352795909
Multi,294,1500,1.0,21898.86834551731,85123.93241729646,23706.641857633203,88384.17705583597,2851.488278533914,119696.58924742763,2812.71645316347,119696.58924742763,0.0,1.004575224585536,1.0069780371874721,0.02319930657064837,0.025434285876183134
Multi,295,1500,1.0,1008.3642605888953,90682.89238427594,38208.66589336387,149075.79575188857,182.7415994378671,119696.58924742765,3552.941273927098,119696.58924742762,1.0,0.9996544053764652,0.9839878381324907,0.08169187950340077,0.06373615973733646
Multi,296,1500,1.0,72518.82927265338,85233.91628007498,65838.5996403565,89506.628440161,9493.51245636943,119696.58924742762,6219.1956329891655,119696.58924742762,0.0,0.9997134557213937,0.9424833333444059,0.02045093528258128,0.021569903563205227
Multi,297,1500,1.0,13076.870584759043,86417.01719581499,13257.497522349397,85119.74287316015,1762.723723696411,119696.58924742762,1761.469324019276,119696.58924742762,0.0,0.9716056368731486,0.9873300760838157,0.02460201239031066,0.023684420037818944
Multi,298,1500,1.0,75428.68233049229,92155.22681216855,66987.3157030745,91673.9656818825,7877.68801524673,119696.58924742763,6557.156221585382,119696.58924742762,0.0,0.9662817046104962,0.968485601796319,0.08345829710771398,0.019291272908050137
Multi,299,1500,1.0,65876.47573477586,84632.3953760277,66794.81086757469,89275.9314100992,9124.211244171742,119696.58924742762,6875.70715640328,119696.58924742762,0.0,1.0028643452231747,1.0050446144895984,0.03096471177284711,0.01245150094578754
Multi,300,1500,1.0,89867.37689646846,89924.84445731004,69606.89320554322,87983.7472016339,9720.26381459379,119696.58924742762,7414.780498958034,119696.58924742763,0.0,0.9865279401942321,1.013803544378226,0.0804235356108171,0.050608659619038716
Net,1,1500,1.0,1530.5650967342622,85518.95027947251,5460.452664543374,96785.4686999967,212.3885749504711,119696.58924742762,212.69815688489066,119696.58924742763,1.0,0.970611039840311,0.9896322579559683,0.020548878759515637,0.05051300915248434
Net,2,1500,1.0,9655.886589227586,85467.05861327105,17411.59711992546,88429.0823502792,1490.5131591611594,119696.58924742763,1531.190096368627,119696.58924742763,1.0,0.9597856273521856,0.988033151990651,0.026142706215329138,0.03343213315828901
Net,3,1500,1.0,647.0521782385736,89208.73499763504,32163.448925203844,113718.78050432984,180.20431465226642,119696.58924742762,2128.517586949614,119696.58924742763,1.0,1.005937715033564,0.9600335239797658,0.0342998197491054,0.05326782259535658
Net,4,1500,1.0,60111.149510442054,85185.87786615733,69881.98029493756,85950.4947587992,7357.956933778396,119696.58924742762,9352.263261057424,119696.58924742762,1.0,0.9777352276724411,0.9409169628698913,0.017856313744520246,0.018550802197465827
Net,5,1500,1.0,16295.092094650387,85640.4638554987,15288.883871395563,85168.96660024351,2074.1364838125237,119696.58924742762,2064.077300616486,119696.58924742763,0.0,0.9877075940689177,0.987468750804597,0.013550356267568169,0.019728333891416212
Net,6,1500,1.0,1011.0734279968857,87740.86865422914,45966.90778362944,129794.81646152289,382.0926411893575,119696.58924742762,1078.1120209678106,119696.58924742763,1.0,0.9910035646408238,0.9616309096727695,0.02322107623744178,0.04032078657652841
Net,7,1500,1.0,36833.51778155174,196754.06970735447,9757.246036664535,92048.49996390645,3205.1895215878576,119696.58924742763,3613.8537062811647,119696.58924742762,1.0,0.9875330355231102,0.954957086912269,0.013477092679510036,0.0354856596979283
Net,8,1500,1.0,70863.86041604084,105696.57773099531,49730.379434086455,84989.64659070727,6577.137405573008,119696.58924742763,7005.690568717797,119696.58924742763,1.0,0.9671062726516068,0.9521465278284489,0.04047116108827506,0.028240876345819763
Net,9,1500,1.0,1404.3759265189285,85184.2869055013,4819.971388220608,101790.04445007161,468.01028178234156,119696.58924742765,477.62806454085535,119696.58924742762,1.0,1.0060896729752882,0.9840351602493592,0.021205933317606958,0.019357311449945448
Net,10,1500,1.0,4599.732198045827,90396.9743098382,5134.160969790541,86660.42962642135,701.9747330557236,119696.58924742763,703.1692827863642,119696.58924742762,1.0,0.9876142619482949,0.9580463563142806,0.012917963063218836,0.012851476236803274
Net,11,1500,1.0,44392.09219201861,85603.61491754472,48874.869655071525,87117.08259153532,5676.740346516924,119696.58924742762,5646.00022190693,119696.58924742763,0.0,1.0378070106987012,0.966752096601064,0.01800245023104098,0.018428952931011537
Net,12,1500,1.0,84647.82313929367,142602.15174693143,68305.32402242695,86416.15731474664,7541.305270021056,119696.58924742762,9175.668079057135,119696.58924742762,1.0,1.0103023772510966,0.9951729514259484,0.061634964869128395,0.02127817922805396
Net,13,1500,1.0,38017.22403525439,85131.80535420054,38901.0634717971,86649.38200936711,4799.237881590407,119696.58924742765,4868.447292368577,119696.58924742763,1.0,0.9885866624102162,0.9859745099265982,0.020041597579726653,0.014401832307612352
Net,14,1500,1.0,42733.571352258805,86099.55104787035,40660.349965441914,85595.90557828423,5450.092691017313,119696.58924742762,5408.056521292485,119696.58924742763,0.0,1.0017673420634103,0.9774448982980233,0.01692244408901923,0.01785108470322436
Net,15,1500,1.0,7044.067976411772,91666.39898889077,4881.859340520975,90912.70965837096,1217.0535506499082,119696.58924742762,1227.593913139288,119696.58924742762,1.0,0.9670044126377347,0.9732670210642808,0.011288934939019725,0.013019719284503123
Net,16,1500,1.0,29201.436245743393,85138.95206769273,31273.574415878742,87469.58496098674,3716.7526479429407,119696.58924742762,3799.8447643309933,119696.58924742762,1.0,1.0164517924139886,0.9894483464238012,0.03545145877459934,0.022073703488065605
Net,17,1500,1.0,30874.919475968105,87172.14675267637,51377.48595723783,89622.47112833685,7247.30586711652,119696.58924742763,8058.859021461762,119696.58924742762,1.0,0.9641754809527323,0.9802733012587338,0.021120258041046773,0.015353502657607427
Net,18,1500,1.0,28945.71641687851,87153.1466585228,50037.721140109505,88573.6838391693,6086.061908388963,119696.58924742762,8931.673298070948,119696.58924742765,1.0,0.9442396578215844,0.8639300554847886,0.02219414332559539,0.00998939864556791
Net,19,1500,1.0,6332.289737492884,103423.26484118673,7357.0894125292525,97916.73989354749,1099.395033622956,119696.58924742762,1200.5340032500662,119696.58924742762,1.0,1.0168974653687426,0.9776636130562594,0.06152525516271866,0.03682086069254935
Net,20,1500,1.0,12343.606773408681,85712.86270405065,45881.70963653801,93388.14958706679,2167.514519978125,119696.58924742763,6152.344355094004,119696.58924742762,1.0,0.9897173598888362,0.9588257066922163,0.032046100417073405,0.02596123979099607
Net,21,1500,1.0,38242.3730718464,87178.31962019608,35759.41828456418,86572.184886176,5450.224895489906,119696.58924742763,5598.873261242596,119696.58924742765,1.0,0.980570082358285,1.0006927533010654,0.023398181240132522,0.022420215129975333
Net,22,1500,1.0,8997.122714059704,97097.69776186557,9036.827441384823,102109.01090589074,2326.210570123685,119696.58924742763,2431.56248695421,119696.58924742762,1.0,1.0101852784008454,0.9806326274305603,0.024201201396255576,0.03181036883339441
Net,23,1500,1.0,24385.88946439125,85394.5834071286,26292.34053578202,86922.59354979754,3041.9905042610335,119696.58924742762,3034.9688258396136,119696.58924742763,0.0,0.989973723845007,0.9630498478577905,0.02221387376269943,0.024773833393166248
Net,24,1500,1.0,4060.807799990426,85686.43132395216,3675.399948470156,87368.60348305517,542.8672674458393,119696.58924742763,542.6895498875896,119696.58924742763,0.0,0.9830788065160412,0.9801876161712598,0.016684123660807956,0.02278441289190612
Net,25,1500,1.0,23041.839942340117,86568.53229340437,43122.34124737528,88256.96041991762,3743.6230472116895,119696.58924742765,6570.650458322221,119696.58924742763,1.0,0.9921452486837687,0.9435834373155356,0.025115738203395882,0.020724470538037287
Net,26,1500,1.0,61764.77903906304,88807.38098236795,63149.03671905582,86463.78519584276,6696.14334180247,119696.58924742762,6635.70884066446,119696.58924742763,0.0,0.9937667428340979,0.9603438373080774,0.029382083845104993,0.02605154359710445
Net,27,1500,1.0,178.32701228014352,84855.6228304107,4067.826027303417,133502.81151471563,45.947217165938454,119696.58924742763,46.133690705771976,119696.58924742762,1.0,0.9972209309534977,0.975595269598613,0.0222414857675039,0.03393613547035335
Net,28,1500,1.0,99274.28524191468,147511.2004985335,57362.12792130122,85130.82273029,6283.091638924483,119696.58924742762,6428.796697455442,119696.58924742763,1.0,0.9997931036427755,1.015035353726581,0.060402361293258704,0.02375959432217736
Net,29,1500,1.0,54444.403279038284,85835.05151749053,71861.86467321897,86240.7272608194,7214.077131660533,119696.58924742762,9678.202284311537,119696.58924742763,1.0,0.9905847559835035,0.9745041918861401,0.038335887412108006,0.01811980387354817
Net,30,1500,1.0,315.62201351337757,107235.70063133215,1387.5958943837475,140042.40190834468,226.23605701181174,119696.58924742762,225.65257210025118,119696.58924742762,0.0,1.0116441699733594,1.009834201965062,0.018684908743119996,0.0308143021935261
Net,31,1500,1.0,4533.4576892737705,92644.17462367652,32836.05769021454,87167.97780651557,981.1344240797964,119696.58924742762,4102.626879797945,119696.58924742765,1.0,0.9717267172588626,0.9087000747778257,0.03263670513748381,0.020875454210465095
Net,32,1500,1.0,622.9024593163592,100650.29010212704,850.2120969856129,104092.10163601334,92.13791732099652,119696.58924742762,92.22405283296013,119696.58924742763,1.0,1.0171526182551602,1.0049108601541432,0.03622768575473384,0.06748781235052492
Net,33,1500,1.0,19205.597397572874,85333.12689481633,29209.968063137825,87671.03872388603,2482.9131445035046,119696.58924742762,2770.7824855612753,119696.58924742762,1.0,0.9890416616872701,0.9877025935496064,0.03206421237853707,0.035055447600317306
Net,34,1500,1.0,739.6284614106905,113182.7479192405,43113.101741870065,119586.28234852175,227.12856457322357,119696.58924742762,4957.575134342904,119696.58924742762,1.0,0.9833979160854593,0.9405497757835286,0.03309008048993887,0.018682634516102074
Net,35,1500,1.0,29865.7940259335,86240.35219966431,49690.2661463525,85336.3628023026,4601.302232808742,119696.58924742763,6907.463162948905,119696.58924742762,1.0,1.0171100130391506,0.9894644177854777,0.02306307798885344,0.02792434956743205
Net,36,1500,1.0,27027.229622179562,95686.05882895898,11818.477450628681,87263.23656821702,4715.921262561629,119696.58924742763,4831.2311450492325,119696.58924742762,1.0,0.6112999181352411,0.7778380012387915,0.006605534113117746,0.011708117413620382
Net,37,1500,1.0,19232.359114590363,101338.92908690599,16198.916432129317,86534.3197507962,1804.4178841928442,119696.58924742762,1851.4783429420822,119696.58924742763,1.0,0.9977996838713399,0.9883165325173537,0.052419197822257874,0.030314055664927717
Net,38,1500,1.0,61239.417074515644,86011.60709892896,63367.989346051625,85772.75709921795,7730.893151646122,119696.58924742762,8508.97209857666,119696.58924742762,1.0,0.9434906438458304,0.9702592224027129,0.01619377248474588,0.019870308680002446
Net,39,1500,1.0,48150.06932175778,127576.15284438612,81318.04705941262,85643.68444500797,3549.7612547709823,119696.58924742762,9442.682079270598,119696.58924742762,1.0,0.9958984536467842,0.9357191958218672,0.047469203760717234,0.03408222242418956
Net,40,1500,1.0,67688.4418691058,215737.0270390987,43302.11222141728,88661.62641438576,4718.462191225917,119696.58924742763,5073.306522974559,119696.58924742762,1.0,0.9563173509296267,0.9107324076733685,0.0325025139474066,0.02156304427679323
Net,41,1500,1.0,2001.0292647248887,89933.8397751381,52254.01347070935,102513.04705913135,1193.5539071604348,119696.58924742762,6517.846810884243,119696.58924742762,1.0,1.0264973993642006,0.8994179303066132,0.02961622602188972,0.014631339011758674
Net,42,1500,1.0,23636.184714239847,87272.7512521206,25315.485280909612,88285.94133781281,3887.2303588686273,119696.58924742763,3863.624198287376,119696.58924742763,0.0,1.0425640104968286,1.015016547902677,0.013324783960017034,0.012985498341105739
Net,43,1500,1.0,3388.9590876310385,86854.21493200841,3416.428467983951,85917.37009785789,470.5052410986963,119696.58924742763,470.7091490133623,119696.58924742762,1.0,1.0113726204952833,0.9910781447176275,0.028037225330561546,0.03026475248576952
Net,44,1500,1.0,13968.62112200433,84712.5215894528,16733.06547421211,86517.38536880228,2165.866327369342,119696.58924742763,2164.017047211085,119696.58924742762,0.0,1.0111628757850752,0.9946828592032579,0.021431774290170257,0.012776453517253998
Net,45,1500,1.0,166.61527970541147,89400.94985322116,32570.711786627675,174839.989522789,790.8211024972438,119696.58924742762,5366.378755225882,119696.58924742763,1.0,1.0208893219157622,0.9596709876635856,0.016026486491814505,0.013209370373661303
Net,46,1500,1.0,20083.32757909179,85777.5430176261,23481.7629327319,88057.01025322491,3117.8941047231774,119696.58924742762,3200.479738787069,119696.58924742763,1.0,0.9844215337074256,0.9514870215744974,0.015111238118127318,0.013337811343073814
Net,47,1500,1.0,23402.00215791598,85329.96361530373,25089.147690293445,84782.38614270877,2718.8795696025295,119696.58924742763,2731.0810256360865,119696.58924742762,1.0,0.9651036371876638,0.9857801230664036,0.027655307890323187,0.03330777008018513
Net,48,1500,1.0,47711.54691806945,89656.51218079751,47069.01826248022,85682.11745359786,4551.4888121001295,119696.58924742763,4533.786245131603,119696.58924742762,0.0,0.9227670072756746,1.0009591875170643,0.016967360755817167,0.02988050962408421
Net,49,1500,1.0,36222.60439940968,89359.66227515381,43424.588534535855,85571.47773030758,6717.709764115499,119696.58924742763,7514.097925890902,119696.58924742762,1.0,1.000023125412371,1.0024629813111479,0.007202434809397315,0.004182087673065564
Net,50,1500,1.0,22535.882706689794,86655.11214428824,42694.19238336936,87252.75777499065,4955.63527014075,119696.58924742762,9114.224388535602,119696.58924742763,1.0,0.9666892514829594,0.9926903245139767,0.014469218299710577,0.012646670292175154
Net,51,1500,1.0,32302.84034250629,92311.65754973309,43182.277073434154,88307.0685321371,5489.8945104827435,119696.58924742762,8888.405499935743,119696.58924742762,1.0,0.9550179477494066,1.003107170351453,0.022890625079927323,0.015917951672908947
Net,52,1500,1.0,46830.93532424171,100512.13194729318,40212.47347895005,86050.79919235359,4774.878371100904,119696.58924742763,5031.315927703681,119696.58924742763,1.0,1.006211813669934,0.9816070976396974,0.050615086179837496,0.030524415155840184
Net,53,1500,1.0,44243.580453556664,85993.69693798554,51943.10152887012,88529.09143993093,6335.47610637899,119696.58924742762,6506.360926014102,119696.58924742762,1.0,0.9905527240688585,0.9781975138626482,0.01936270002349051,0.01366234334663911
Net,54,1500,1.0,15978.165118893543,121132.95694592563,18675.995951254066,91282.58604532656,2319.9789024929178,119696.58924742762,2348.326894906673,119696.58924742763,1.0,1.0343503092800825,0.9854068033151879,0.039886014055434196,0.016298703551885885
Net,55,1500,1.0,91414.65933654465,116265.81760262586,54522.70433583873,86108.48624053312,6338.5771966151615,119696.58924742763,6594.160864522287,119696.58924742763,1.0,0.9464021983816095,0.9542286142370995,0.03746964097666756,0.014276754517005772
Net,56,1500,1.0,9801.325463762927,86762.76582613372,17769.24837024945,89852.51767320083,2606.862425423886,119696.58924742763,2709.2136269530383,119696.58924742763,1.0,0.9486757411920215,0.9059177592320307,0.019710334978595995,0.014581100758584526
Net,57,1500,1.0,10665.250336679605,109690.96660044612,23884.19368045745,89115.23676219679,6248.20853963232,119696.58924742763,6562.324367358,119696.58924742762,1.0,1.0692693568613953,1.054125197174057,0.018845846595646233,0.010253895584675064
Net,58,1500,1.0,40157.785692845224,101812.3313891328,41585.191705860605,88022.00426069918,4485.2273564352945,119696.58924742763,4334.995759457754,119696.58924742763,0.0,1.0159634042554697,0.9711624935978219,0.04927590521645654,0.017442509370745173
Net,59,1500,1.0,37127.19642581687,85526.97360399853,49438.82503011146,85219.93655508489,5294.632704084497,119696.58924742763,6274.559308827964,119696.58924742763,1.0,1.0023798406180553,1.0108002515843897,0.02291021999357985,0.023900100892970424
Net,60,1500,1.0,8834.378177788585,165967.48106258744,24125.08900588574,117260.15252820734,2770.401562632347,119696.58924742763,3704.7927389069646,119696.58924742762,1.0,1.0023484816798334,0.9316842106601562,0.08581750063602556,0.05175697482737378
Net,61,1500,1.0,44344.22603075484,85639.68061828989,42617.623985932645,84837.61495368466,5497.467339458124,119696.58924742763,5464.643915136483,119696.58924742763,0.0,0.9476527707493114,0.952059312255812,0.018549416724776915,0.019210002930000313
Net,62,1500,1.0,178.54797283767516,85975.54627086983,42825.40489093781,110327.89802703107,108.10055996032933,119696.58924742762,5422.502669723501,119696.58924742763,1.0,0.995943194679724,1.0364677596483107,0.029164112667795738,0.022133074910689467
Net,63,1500,1.0,275.7803271348797,85691.31280594811,37393.3345912778,134931.49455197077,189.8872613833618,119696.58924742763,5387.427464971289,119696.58924742763,1.0,0.9994726061678578,0.9996611878019342,0.022472577754075778,0.03091438487648266
Net,64,1500,1.0,24177.092972048882,219183.5459091562,12432.73952719452,109966.8998765825,1971.230927589765,119696.58924742762,2479.9609630954,119696.58924742762,1.0,1.0056756094235362,0.9850983715570379,0.04988154471373621,0.02681026922628222
Net,65,1500,1.0,3351.575334812692,85305.83624765644,10742.713547310299,91649.74606319878,696.2755637246735,119696.58924742762,728.2936759432996,119696.58924742762,1.0,1.0146046343009116,0.9961276049841993,0.018562874738370476,0.029741194387547448
Net,66,1500,1.0,18718.742436940534,132680.8918635397,2587.288403193822,104807.2205619984,3066.2514830898353,119696.58924742762,3031.251884674074,119696.58924742762,0.0,1.0156065961293999,0.9950038814158397,0.09911729930614156,0.040340177212741926
Net,67,1500,1.0,24337.57493988796,85632.83086093198,24004.90963947829,85856.67996245313,3201.5563640478304,119696.58924742762,3194.108078465037,119696.58924742763,0.0,1.011775217651921,0.9770496792897246,0.016273870828326237,0.021349937847444437
Net,68,1500,1.0,2337.7057509114193,87231.01090752074,8637.464024938949,101922.29904920094,793.7260254247324,119696.58924742762,813.149321539036,119696.58924742762,1.0,1.0403998730207533,1.0208629309030384,0.01496068366164819,0.01729923871711835
Net,69,1500,1.0,41365.25759871447,86691.377104996,48229.55623271762,85174.8306267156,4609.271426793137,119696.58924742762,4952.763067033626,119696.58924742762,1.0,0.9971524258863755,0.9926893038325464,0.02067545496808435,0.028508912196595376
Net,70,1500,1.0,44633.925879997674,85438.28998874004,48048.393117956555,84899.27539931517,5628.682220640516,119696.58924742763,5691.7608292352315,119696.58924742762,1.0,0.9989990067048826,0.9380574341483537,0.025107317041937676,0.023911094641675363
Net,71,1500,1.0,6404.072283963101,85405.50424936764,30646.61273165836,90829.73653506179,1274.7026318109263,119696.58924742763,2620.4682928657885,119696.58924742763,1.0,0.9855453549649011,0.962301200028019,0.022456440163613724,0.03554357940646122
Net,72,1500,1.0,28958.682539323898,85986.67071335533,29074.903631657497,85293.88200629984,3599.221305459028,119696.58924742763,3571.3250006131348,119696.58924742765,0.0,0.9303194353647037,0.9773766112313264,0.01643340678704783,0.029466064664107932
Net,73,1500,1.0,10777.24661035985,85617.82980332898,13863.309427481681,88124.49754154668,1264.3671588232369,119696.58924742762,1268.1899929335991,119696.58924742763,1.0,1.017290449198404,0.9978246934267856,0.0253141645394929,0.04551849357292957
Net,74,1500,1.0,48094.425803783306,85789.67382576608,51660.20585529849,85942.98544001771,6495.194078071467,119696.58924742763,6520.3737399072525,119696.58924742762,1.0,1.0039631593482512,0.9939941491835335,0.03581145123885958,0.01915211871960618
Net,75,1500,1.0,36908.27166776151,85937.53851278672,52599.06111887576,86389.52121213448,6839.181517664347,119696.58924742763,8514.56931211301,119696.58924742762,1.0,1.0164015629662988,0.9412790547263018,0.011447765821136864,0.009657329673864954
Net,76,1500,1.0,4683.462689548551,87908.34381677891,27762.408089347016,106766.98070296546,1089.1310341042363,119696.58924742763,3621.2196816397236,119696.58924742763,1.0,0.992757026894387,0.9579142163368862,0.020616622742569174,0.055295589353443045
Net,77,1500,1.0,3764.5116246995203,86600.12975018623,18012.678568219486,98643.71411222153,1089.024672899148,119696.58924742762,1098.1793577901144,119696.58924742762,1.0,1.0249798527763603,0.9356767414544687,0.011242260284434747,0.02685623235774004
Net,78,1500,1.0,42376.94215463629,101454.88484518196,34965.93176935258,85131.36823944564,3787.486837123575,119696.58924742763,3897.1047824502634,119696.58924742763,1.0,1.014928910521352,0.9779727828337077,0.0532589384913917,0.03770080421615463
Net,79,1500,1.0,9589.200565118823,108502.85558860084,10132.459383677628,101918.01730156482,3353.7132564574063,119696.58924742763,3341.6817541162786,119696.58924742763,0.0,0.9591823274609618,0.9314467795861358,0.044767024326703764,0.028229247678276465
Net,80,1500,1.0,47291.97570660937,86274.14468717124,48644.51955163409,85199.90442822875,5877.048640319792,119696.58924742762,6086.39521529363,119696.58924742763,1.0,0.9541981043034572,0.979481826695158,0.025736470285628844,0.0286863429924007
Net,81,1500,1.0,4812.376584750395,87914.06777399711,3879.1300657510774,86644.66963226802,687.3282984834254,119696.58924742763,699.37986079705,119696.58924742762,1.0,0.9830008454928455,0.9806089196876381,0.017252756376917214,0.023053675425204544
Net,82,1500,1.0,25103.536476577992,87441.55955122793,23853.255296075004,86402.38007608402,3197.135788576928,119696.58924742762,3199.499303126281,119696.58924742763,1.0,0.9917700913158776,0.9893641723635883,0.027416444619549552,0.03324421852591082
Net,83,1500,1.0,55567.66420513791,132523.56116114365,29854.17724094972,87178.57170229513,6912.497822558245,119696.58924742762,7348.67398376103,119696.58924742762,1.0,1.0602823357573636,0.9911079215347249,0.013025826602473946,0.011502446302456741
Net,84,1500,1.0,53525.69466168423,86161.96914243718,51495.46635915832,85950.17650250245,5792.1032074946315,119696.58924742762,6177.523392376159,119696.58924742762,1.0,0.9868325472294631,0.9630931977293706,0.03129353112931472,0.028841165732931984
Net,85,1500,1.0,54460.09373766201,85350.52057161136,49256.532013976954,85842.4007259804,6285.77827000686,119696.58924742762,6362.931993907794,119696.58924742762,1.0,0.9729688381380331,0.9629121523397892,0.016580131584044408,0.01794281877863149
Net,86,1500,1.0,24483.321034499808,89248.09887032775,25496.626607005615,88591.00077149607,3522.6521464715975,119696.58924742762,4705.218518800484,119696.58924742763,1.0,0.9785609600947931,0.995482882535966,0.01133438848105222,0.018061043675100655
Net,87,1500,1.0,67750.47415171479,85771.63153207379,75775.09629728047,87293.09348511031,8179.989545016963,119696.58924742763,8835.526613186496,119696.58924742763,1.0,0.9834035945024819,0.9820044976963306,0.016895680687168454,0.016679904663842858
Net,88,1500,1.0,19691.650431256945,93115.26283880475,67887.10131266742,86033.45126614082,2579.35333988856,119696.58924742762,6118.7676744095,119696.58924742762,1.0,1.0091686675664362,0.8621749869057906,0.020177574911934674,0.012552997760051199
Net,89,1500,1.0,43012.14784129665,111462.98022819991,44089.7539797687,85907.42717014474,4065.4726065328614,119696.58924742763,4372.9885112283255,119696.58924742762,1.0,0.9952423507831244,0.9798457450967116,0.05779821086475336,0.02583516082897728
Net,90,1500,1.0,12019.343768426445,183403.9690808551,6300.033069659299,120027.58402446404,1141.538793787907,119696.58924742762,1170.8147077417761,119696.58924742762,1.0,0.9708863811839361,0.9595197439462797,0.045962707361178676,0.062428293427038366
Net,91,1500,1.0,2666.7499854417165,170591.24545757173,5236.99615956183,158602.4888226067,521.8597890870553,119696.58924742763,569.3115185174156,119696.58924742763,1.0,1.0127392219602576,0.9868682312753614,0.07968616979176588,0.06326998720549103
Net,92,1500,1.0,119.55462894274504,86424.13927200001,207.19550514236724,89097.13644931851,39.6453677642282,119696.58924742763,39.66919082372845,119696.58924742763,1.0,0.999876565008958,0.9913718852685866,0.012696715463495566,0.011553108466812446
Net,93,1500,1.0,6443.720757301863,84970.49143958614,12572.306789963131,96150.92186988023,786.747710031939,119696.58924742762,780.4096106846549,119696.58924742762,0.0,0.9785998228735975,0.9765523698717946,0.021568316750050272,0.03354368798268171
Net,94,1500,1.0,29229.749393816106,85942.86341553665,45832.770025439924,91600.98938859277,5712.482245378722,119696.58924742765,7456.158031559734,119696.58924742763,1.0,0.9894086907398808,0.9588376149722496,0.024399048543303062,0.01634719714503625
Net,95,1500,1.0,2663.005298747641,109735.94479801337,6461.8956041906185,117301.65502310256,2659.282246068534,119696.58924742762,4213.475947018536,119696.58924742763,1.0,1.0047902031765612,0.9691361822944827,0.047684810435809084,0.06997960993955235
Net,96,1500,1.0,607.2623946826922,85531.83261610256,622.8646106796206,87149.0087673267,87.3500338057634,119696.58924742763,87.50706104253277,119696.58924742762,1.0,0.958484992710598,0.9601559132329078,0.027030836750114896,0.03720516836022251
Net,97,1500,1.0,64877.599087150185,87618.32761578652,76550.0178661783,85000.38172211745,6600.347824669092,119696.58924742762,8762.526089815656,119696.58924742763,1.0,0.9653422149765712,0.8756447216547317,0.028132769407881928,0.02429285522923532
Net,98,1500,1.0,9739.61847481141,86626.23910085832,42967.10075190042,96320.98015618187,1646.5404568932704,119696.58924742763,2475.8747448007152,119696.58924742763,1.0,0.9971157325408199,0.9243333240579119,0.01942283072602049,0.022522031875218947
Net,99,1500,1.0,3001.4548557965686,85920.21250042968,3613.0619336799223,88186.04432772071,488.3895239601325,119696.58924742763,486.7820277469877,119696.58924742762,0.0,0.9707398450554963,0.9497320572196614,0.022410747305274387,0.02196223702188387
Net,100,1500,1.0,15626.92320069209,85297.81835351624,20332.181993691156,86360.53941233578,2483.982769264053,119696.58924742763,2507.893310653943,119696.58924742763,1.0,0.9502983236174444,0.9937813453088022,0.02250661874609374,0.02268244516665204
Net,101,1500,1.0,6094.543440313365,101554.5398648527,10484.862573619757,95191.99290457826,2770.3225228570814,119696.58924742762,2796.7420823115463,119696.58924742763,1.0,1.0276116978263807,1.0342554516483111,0.01632001467382754,0.014002199429898658
Net,102,1500,1.0,138.4160080119644,85646.21541553477,157.31536097446627,88067.90447297817,27.973273287234502,119696.58924742763,27.973278191798293,119696.58924742762,1.0,0.9947148009827043,0.9866609413071998,0.018600989037419885,0.031215777474639776
Net,103,1500,1.0,35525.85309710534,86879.59573849398,52357.75425407414,86455.97905362352,5686.733192268923,119696.58924742763,8975.924468805246,119696.58924742763,1.0,0.9680729406933039,0.9688459827564232,0.02044857075460241,0.014350155969042239
Net,104,1500,1.0,12250.08460373318,96220.97212067166,38887.69148290284,90538.29019543389,1717.7397216959505,119696.58924742763,3203.208508019022,119696.58924742762,1.0,1.0260389145962017,0.9014821481266456,0.03315172622639678,0.04441255268727242
Net,105,1500,1.0,7859.972668566717,91633.22684140858,36815.73735616775,97028.73180969004,2421.7794358908127,119696.58924742763,9293.303811455227,119696.58924742762,1.0,0.9000772864764337,0.9769469869710222,0.02122468365787382,0.018971875377535363
Net,106,1500,1.0,47500.688645472284,89435.49293063051,55911.804880947784,86597.66932791093,7754.710093365315,119696.58924742762,8686.341865030121,119696.58924742763,1.0,0.991007699103905,0.9865772547425983,0.014913280162975018,0.015992817889285072
Net,107,1500,1.0,26248.45379378288,85522.12368901989,30197.539976238564,87557.67930679803,3555.2660680812887,119696.58924742763,3494.428519079552,119696.58924742763,0.0,0.9940764028011762,0.9706919022762746,0.02750942135258969,0.020926171187254216
Net,108,1500,1.0,102483.34190867725,114799.42781411044,73020.1567377033,85090.88661327494,7374.565058802855,119696.58924742763,9366.348211533306,119696.58924742763,1.0,1.0111324286195937,1.023725977079232,0.03472456816598647,0.023867804438162835
Net,109,1500,1.0,3910.3254711563177,89567.73576640441,2860.6017628532427,91541.18192536625,2847.809289192297,119696.58924742763,2896.89484682803,119696.58924742762,1.0,0.9253064653800896,0.9188114683870957,0.02953792137496348,0.030356555349063792
Net,110,1500,1.0,25185.984358966132,85490.59927852324,48260.73750593727,89932.6344002928,4138.0146050262465,119696.58924742762,4716.217403896232,119696.58924742762,1.0,0.9277983352630284,0.9923280241245415,0.021903799437205818,0.020283488675356176
Net,111,1500,1.0,31785.317559675517,91823.50139891964,21236.31430484928,88801.841953448,5098.120433923085,119696.58924742762,5290.779847971235,119696.58924742762,1.0,1.0047727945987688,0.9388627038126185,0.037862826655883065,0.026069059110868115
Net,112,1500,1.0,9920.488407954963,100342.26511080188,8143.2646476101545,91358.26068358877,1279.6170529910369,119696.58924742762,1286.2135047176484,119696.58924742763,1.0,0.9620064180304668,0.9590967841894138,0.027079091837449644,0.03809548473256553
Net,113,1500,1.0,28041.815419287035,87264.01165477358,38230.59291667269,88919.63078315582,5336.709369492864,119696.58924742763,5457.099967826416,119696.58924742763,1.0,0.9971145233334011,0.9533603395418111,0.020813744958351105,0.01908208945745015
Net,114,1500,1.0,23712.328626170653,86911.15673793387,48002.51366922117,87408.3632821072,2669.064234395527,119696.58924742762,3776.6475787445424,119696.58924742762,1.0,0.9850687841357025,0.9849519278554503,0.03068747841436786,0.031515079802653494
Net,115,1500,1.0,1313.0633150596723,91370.5189933742,7193.780437327712,100780.87148423021,326.8703095927557,119696.58924742762,348.027056511144,119696.58924742763,1.0,0.9718309895535198,0.9601107533743392,0.014816226945070506,0.029712656709558825
Net,116,1500,1.0,3995.1571714379197,85089.97196118749,3635.8999865721457,86063.17738866256,455.3606862343072,119696.58924742763,455.6195526463364,119696.58924742763,1.0,1.0131280981397257,0.9888460212870356,0.01968571596573271,0.02280056742991567
Net,117,1500,1.0,19922.924973590394,181699.11847943193,84523.95532741965,91381.13549047131,1871.2781277981317,119696.58924742763,8402.483877430506,119696.58924742762,1.0,0.9901061053016402,0.9747631115823284,0.09750424977215971,0.033274942742574275
Net,118,1500,1.0,32970.00472777272,169920.5347691286,59444.72345460253,87873.54408646567,3584.964926229381,119696.58924742762,7406.45106518116,119696.58924742763,1.0,1.0048901732189037,0.9435450762587738,0.03820948947239921,0.015590440994035774
Net,119,1500,1.0,1814.5696871406722,86527.96703384149,2035.5836175135591,87791.12744205084,252.289802729091,119696.58924742763,252.74846486812737,119696.58924742762,1.0,1.0194939950517892,1.0025072002928868,0.022567605104071818,0.02586755341898182
Net,120,1500,1.0,259.0259432002371,84732.06571530447,38720.172584919594,116049.00445452592,151.84946850825196,119696.58924742763,7744.302832119212,119696.58924742762,1.0,0.9323772483089212,0.9814253540547809,0.025733059752368368,0.020796121205367495
Net,121,1500,1.0,40919.85725162309,85985.6868944866,57044.53305769006,87805.29896220178,5888.15204152906,119696.58924742763,6052.567028022688,119696.58924742762,1.0,0.9728701820433574,0.9876860435115847,0.01783258991864858,0.020071546023424966
Net,122,1500,1.0,4476.02792646921,92898.17081822401,37046.302643012576,108648.28961901747,763.5619557012441,119696.58924742762,857.565940948873,119696.58924742762,1.0,0.9781315659097116,0.9644979827395279,0.02107412232624349,0.046826780046087306
Net,123,1500,1.0,34369.11324529814,84632.52703261023,39972.785505122345,86918.85261412506,4908.662639890459,119696.58924742762,4906.333299731172,119696.58924742763,0.0,0.9443837383128394,0.9691706325006735,0.024000894057935762,0.02154585361797407
Net,124,1500,1.0,49891.37749270294,86143.65438195122,62078.67975520069,86236.61130660724,7737.355886381093,119696.58924742763,9330.262514633432,119696.58924742763,1.0,0.9971686009361329,0.9866738584753055,0.019909638372141703,0.011925892633313083
Net,125,1500,1.0,19792.274416012326,85407.16285931956,17784.193427412964,85676.05966602825,2337.9319518448224,119696.58924742762,2319.2436644419568,119696.58924742762,0.0,1.0062340635219864,0.9710592713568925,0.02147755998902405,0.02074550007524511
Net,126,1500,1.0,937.8130199412795,87788.99339695513,1472.6508435620158,91470.24832679199,237.02607582374844,119696.58924742763,237.57591619586356,119696.58924742762,1.0,0.9982449214062229,0.9772828486085713,0.023889916381835314,0.021896699617851605
Net,127,1500,1.0,19000.387105843714,87646.1516237425,27672.5150532003,89883.30793119568,3759.238900377776,119696.58924742763,3657.0749759284286,119696.58924742763,0.0,0.9730717317238238,0.9549930827728431,0.01785564207637777,0.01817631977222676
Net,128,1500,1.0,21795.892161005064,90033.02819911204,36259.06246713974,87769.40916015833,6273.150355829861,119696.58924742762,6554.432831639256,119696.58924742763,1.0,1.030371594310631,1.0278108090736529,0.005447108921388176,0.0058829819830892045
Net,129,1500,1.0,27481.330687578848,90171.62498931636,21906.27495687041,85608.11544879622,3641.9669963761958,119696.58924742763,3669.37617047678,119696.58924742762,1.0,0.947545812147772,0.9379840277518673,0.02334082142269323,0.024981467843932546
Net,130,1500,1.0,19843.285073824034,92273.45652782942,10472.221203582392,89504.60205518788,6237.805796131936,119696.58924742762,6602.294732464831,119696.58924742762,1.0,1.0619255951361786,1.0175019010621873,0.02476734705834347,0.0171769828271928
Net,131,1500,1.0,1217.22872587628,88936.20827049315,2385.136987497992,103776.41680155962,173.93153318850497,119696.58924742762,173.98677383257058,119696.58924742763,1.0,0.9754421889555821,0.9752445617150707,0.039778361387416104,0.07793390251769919
Net,132,1500,1.0,47595.68337468294,131513.29371004913,17692.75621700679,88377.32191711655,4173.933542514043,119696.58924742763,4927.755566541373,119696.58924742762,1.0,0.9967567852840934,0.9844299350048753,0.10391308239631171,0.026796635740803716
Net,133,1500,1.0,2964.566112858975,172143.86013256368,1622.5782196167652,120516.16193123751,998.4258307041616,119696.58924742762,1004.1716560335041,119696.58924742762,1.0,0.9700428504287983,0.9654727882884423,0.01615528682901736,0.013312535623007824
Net,134,1500,1.0,4966.639233725625,114787.25356928914,5359.750257967673,97017.92932250188,685.3910318691284,119696.58924742763,737.8878652381665,119696.58924742762,1.0,0.9979435560958531,0.9832476386998535,0.0366529061543234,0.023744381269519284
Net,135,1500,1.0,6203.576159385499,102261.11567799363,8091.462906776793,106303.29351238144,1540.767669099152,119696.58924742765,1576.1049475416012,119696.58924742763,1.0,0.9902726624892135,0.956495878368393,0.03888935360219232,0.030899108321321467
Net,136,1500,1.0,1218.8482484781762,85398.86205666632,38255.635554547094,115117.09546035656,462.15269070357766,119696.58924742763,8424.245242769604,119696.58924742763,1.0,0.9840964175189932,0.9411714043541213,0.01873425647421363,0.022077375127002842
Net,137,1500,1.0,5595.2396686588,85105.99371172371,14307.914550111553,94630.79142758521,1113.5604611807705,119696.58924742762,1099.7822331841037,119696.58924742762,0.0,1.0448014298186998,1.043361218212907,0.026199821304930992,0.03508107910528252
Net,138,1500,1.0,4245.0483375339,99155.60262386389,4698.018417257419,96598.8288886218,2431.9243052827014,119696.58924742763,2514.7828877067273,119696.58924742763,1.0,0.932341225704553,0.9350413579941108,0.019895912597089643,0.0189087640977454
Net,139,1500,1.0,50276.59439914509,85686.7153683773,62145.07732664938,85485.16065520851,6956.533747716814,119696.58924742762,8759.874781808207,119696.58924742763,1.0,0.9807309686534954,0.9590570147880424,0.019244919952220895,0.01737189461845026
Net,140,1500,1.0,30209.447872254517,89589.60167588553,19440.704609558405,86688.44158062799,4180.802250922339,119696.58924742763,4271.629712215739,119696.58924742763,1.0,0.916546341271603,0.9690619019691322,0.009585738663972929,0.023439765617500625
Net,141,1500,1.0,10283.342262987919,87259.99068528283,35130.66186025996,91637.19914082362,4321.756891052368,119696.58924742762,5922.600431957626,119696.58924742763,1.0,0.9932616809277551,0.9464424484641926,0.01714213492718758,0.011622362852535198
Net,142,1500,1.0,58767.081955301896,85727.00396952775,55287.326204264085,85494.43898955916,6774.702549476576,119696.58924742763,6835.182867743858,119696.58924742762,1.0,1.0150372172308872,0.9954037745627804,0.02454872619011011,0.021494291326600495
Net,143,1500,1.0,765.432021804075,91631.14323640213,3752.6788440107175,129485.95825895428,396.1002116285896,119696.58924742763,396.5901082942022,119696.58924742763,1.0,0.9554753527778115,0.937677793522078,0.003920909740654959,0.015721123147689888
Net,144,1500,1.0,55723.15948235337,88970.10999819583,68399.30385559672,86017.34712098198,7004.568313132139,119696.58924742763,7693.185802761229,119696.58924742763,1.0,0.9372503842722638,0.9372662778461199,0.03263254166838889,0.018168236122925712
Net,145,1500,1.0,48988.70166445279,86257.70886171586,54600.113448202275,84799.38394111762,6011.297887252407,119696.58924742763,6458.156116458002,119696.58924742763,1.0,0.9399684926109326,0.9671264667688033,0.027222589434154586,0.023617241623201772
Net,146,1500,1.0,48710.51256769591,86118.14764388364,46197.30409058645,85312.63216735306,6139.947842664613,119696.58924742762,6091.05398076625,119696.58924742763,0.0,1.0928385944703962,1.0502352572456166,0.014411656264131462,0.02038775124035929
Net,147,1500,1.0,19578.27880277801,85648.23628100014,18732.01175965294,84993.81041425747,2410.2272166040193,119696.58924742763,2406.7952220715215,119696.58924742762,0.0,0.9801324454452132,0.9735364792200982,0.01735116149016093,0.02683894214531937
Net,148,1500,1.0,56889.038710447865,84783.75757788678,68788.24125616335,85112.14148550616,7119.0288944494205,119696.58924742762,9718.39427511356,119696.58924742762,1.0,0.9710696920216331,0.938867752878518,0.023749312586098144,0.017037233657265203
Net,149,1500,1.0,60235.62153545415,97839.88697644533,61758.46503865341,87028.65777455116,5676.737887835718,119696.58924742763,9760.766267147617,119696.58924742762,1.0,0.9528342630899452,0.9378487036845997,0.032629119193453446,0.02827592144189967
Net,150,1500,1.0,41306.317836006885,86273.48611763853,38602.88059977389,86472.43089254756,6393.072206947677,119696.58924742762,6699.9072504831565,119696.58924742763,1.0,1.071107454448573,1.0140913602211326,0.017987501332464483,0.0122826390766237
Net,151,1500,1.0,26345.719566095388,85987.82276748028,29720.160490526105,86185.98972899678,3851.121532457776,119696.58924742762,3851.0115010434615,119696.58924742762,0.0,0.9941388905723086,0.9863217638991537,0.022322778004627907,0.020686813993561717
Net,152,1500,1.0,2821.2290557936994,92144.32371885763,2211.5230151024784,88494.62988024724,258.48210154686547,119696.58924742763,259.29464059151223,119696.58924742762,1.0,0.9747604333337979,0.9700483086171057,0.041864302923230574,0.04593709865298963
Net,153,1500,1.0,386.02942849114214,86444.62804754134,25710.902726567685,128931.63801530458,343.2313880971885,119696.58924742763,4438.739755332039,119696.58924742763,1.0,1.0113626765601313,0.9828101086860529,0.018714457246548254,0.019156200087412256
Net,154,1500,1.0,34006.36988102359,85563.7884280588,39281.50280030879,87961.4072552785,4440.939856283525,119696.58924742763,4551.737760343878,119696.58924742763,1.0,0.9727253404504967,0.9683784447341344,0.02327819705294697,0.021965232604420928
Net,155,1500,1.0,1208.6614739017166,85427.93843636755,31541.018377716657,101153.90307195764,435.5637617673087,119696.58924742762,4125.317133360038,119696.58924742763,1.0,1.0165083779217374,0.9761313805977128,0.024976445468557956,0.034128362744712634
Net,156,1500,1.0,9819.338142863788,94308.53947318665,12215.170059191154,89846.39987490754,1780.4762541550017,119696.58924742763,1768.6999597417641,119696.58924742763,0.0,0.9454049949953885,0.9383777607919922,0.023141237116473663,0.01886868423258724
Net,157,1500,1.0,26018.07917746303,86934.5261266092,28065.569686447354,87094.66481561112,4276.64900971295,119696.58924742762,4413.748783743251,119696.58924742762,1.0,0.954500532220377,0.926559086151026,0.02691853119562068,0.01590426129573791
Net,158,1500,1.0,46897.24816527423,86482.15539788062,45118.10833107906,85787.07406709534,5260.141900468883,119696.58924742763,5269.177728071667,119696.58924742763,1.0,0.9957123342077803,0.9724017135066124,0.028295257175929234,0.032865263481483546
Net,159,1500,1.0,50217.41644372557,92055.78502752555,48639.293199459855,87928.19138371758,7626.223246947159,119696.58924742763,7631.533407570554,119696.58924742765,1.0,1.0024477342543563,0.9768855890558867,0.00739982386747459,0.010704397251551158
Net,160,1500,1.0,8958.025271042348,1133910.0003646826,1394.4287270651157,87938.58799848038,6604.73117912497,119696.58924742763,6705.557813280404,119696.58924742763,1.0,1.4176249000913403,1.433710939678331,0.0010389402604230448,0.0009038745978019958
Net,161,1500,1.0,1194.7731144516224,85346.58100421762,11235.409441902422,99241.96812273437,269.7361495024579,119696.58924742763,294.2836520864363,119696.58924742763,1.0,1.0087458012483022,0.9350497645251525,0.021319366608769173,0.02781736735928711
Net,162,1500,1.0,12067.70949156518,85581.4299699112,47128.37950836606,90303.45792049644,2964.882845613778,119696.58924742762,5334.830888429243,119696.58924742763,1.0,0.9901205046796419,0.947640975110821,0.02264356838172616,0.022179503199620625
Net,163,1500,1.0,1996.9671849824438,86308.58065842459,2075.9189930085918,85041.9195054941,263.5964618436538,119696.58924742762,264.38583937079056,119696.58924742763,1.0,0.9665364564439184,0.974190599201003,0.0263608119673539,0.023131553800511996
Net,164,1500,1.0,18947.427076009495,93715.90834172087,16565.122316736044,84994.22716280606,1745.5866093346488,119696.58924742762,1773.3292873190517,119696.58924742762,1.0,1.0104173657440254,1.0046523124860542,0.08621464462597811,0.03976762107418795
Net,165,1500,1.0,37136.47581869575,85406.70481700372,35588.605583199875,85520.1917458169,4527.558709192225,119696.58924742762,4540.491962937216,119696.58924742763,1.0,0.9943654335937581,0.9875090943003373,0.019877587456724355,0.024147001468575312
Net,166,1500,1.0,18913.06784394633,85578.60780080287,41337.925869554354,92164.10122134506,3185.6811229227533,119696.58924742763,3812.0665983540193,119696.58924742762,1.0,1.0411976841695778,1.0231656958843074,0.018970052010593482,0.017552560660362357
Net,167,1500,1.0,24118.6906317283,110359.71879006068,17959.022217915408,87818.36784621183,3479.554616745877,119696.58924742762,3378.0504615464583,119696.58924742763,0.0,1.017236426862736,1.0048592532333038,0.015702436436278038,0.016229989643253017
Net,168,1500,1.0,5294.270827968778,86834.22324203199,6159.665361341985,89495.67371850219,634.3225003061827,119696.58924742762,635.8260216640479,119696.58924742763,1.0,1.0010597645126857,0.9730570612200178,0.034942216889864965,0.04072093647284974
Net,169,1500,1.0,42816.99191809325,102322.25687897313,29638.159994303165,86483.19959393765,6606.152545098839,119696.58924742763,6975.004979254314,119696.58924742763,1.0,1.0063233977362016,1.0100284013846925,0.009671296043669992,0.0076248430855240246
Net,170,1500,1.0,14260.624592203407,89191.32368094781,13332.147571686159,89178.55074569782,2327.8801925076195,119696.58924742763,2335.469707130973,119696.58924742763,1.0,0.9465696117132232,0.9340233523149697,0.0332141785671215,0.03312842131146831
Net,171,1500,1.0,12052.616505650716,86124.58165935377,40903.2631730655,89605.26750169086,3630.424827772429,119696.58924742762,9651.077579459568,119696.58924742763,1.0,0.9579843627718403,0.9471519724345567,0.008539794809286157,0.004992360579808915
Net,172,1500,1.0,1237.0286638270666,85800.93519976869,2320.218676749451,91275.90286190694,172.9104604414976,119696.58924742763,174.57484085130832,119696.58924742765,1.0,0.9772778284146543,0.9610182159984522,0.01851358803578441,0.03702545222069846
Net,173,1500,1.0,30238.929985109768,84932.25307394237,53412.03675916838,88366.79150672663,5039.107619741071,119696.58924742763,8255.426252226494,119696.58924742762,1.0,1.0031031491525264,0.9817294667980865,0.018756570798885264,0.025578723705817513
Net,174,1500,1.0,22525.061790408727,85681.03991955072,41631.600973956665,87708.25135153263,3293.974480577815,119696.58924742762,3731.4668285922808,119696.58924742762,1.0,0.9583435106718844,0.9783003965509066,0.021693014781033422,0.025922067430841328
Net,175,1500,1.0,9504.565251022912,88257.29974729726,26886.4655593661,99687.38106723718,5148.282843391008,119696.58924742763,5230.414321784912,119696.58924742763,1.0,0.999391921914433,1.0216215183095598,0.025120008621339784,0.015536377598155916
Net,176,1500,1.0,3972.608658218488,89770.03333284667,46855.704212716795,100415.16515934667,1025.1830643978496,119696.58924742763,7240.529422368308,119696.58924742763,1.0,1.016374682034395,0.9709438310115752,0.016352351433490002,0.010353934831734767
Net,177,1500,1.0,58988.6087629603,86012.58664687225,67876.51174405756,86257.91601847354,7005.646917218426,119696.58924742762,7926.592686723727,119696.58924742762,1.0,0.9898196993900683,0.98976505077284,0.018926737346335407,0.016060684458508827
Net,178,1500,1.0,15401.256568739256,85299.2705488363,17535.978557887967,86031.61084056727,1853.685628187725,119696.58924742763,1903.8411751975225,119696.58924742762,1.0,1.02605211238952,1.0000635080762845,0.027215810007138443,0.025820537639423075
Net,179,1500,1.0,19193.500922338382,86798.89135503511,43155.49480303611,89809.731221584,4737.740471568024,119696.58924742762,8548.484683662493,119696.58924742763,1.0,1.0103721070965441,1.0561472927105153,0.020158872321735924,0.017288342015511413
Net,180,1500,1.0,30259.37089646157,87505.42944004077,38306.64068120975,87303.67631496691,4598.9888183820585,119696.58924742762,4829.141864113505,119696.58924742762,1.0,0.9724751659101242,0.962065693637933,0.023461105800891335,0.021517547778126277
Net,181,1500,1.0,33835.391498328594,93365.49034367499,38594.08057083613,86370.1087179069,3800.454211731495,119696.58924742765,3855.9051114615777,119696.58924742762,1.0,1.013583740591686,0.9782907941634397,0.03263518032042411,0.027391506697603235
Net,182,1500,1.0,33009.661300678374,86207.39580068647,56212.266704104826,88108.19782398858,4605.39793355175,119696.58924742762,4988.293608740731,119696.58924742765,1.0,1.0229264371246218,1.0057707678431067,0.02227660143519787,0.016261491542074614
Net,183,1500,1.0,5317.112789542728,88965.33592689454,25435.369927191954,89746.99753388725,4696.324494690632,119696.58924742763,7200.647887529042,119696.58924742763,1.0,1.010698669049562,1.0161110705859744,0.014660719012015745,0.009595076575518561
Net,184,1500,1.0,45363.64646906454,120294.79269764436,37497.96115964232,88647.6355031759,5539.696432951766,119696.58924742762,4983.094111538734,119696.58924742762,0.0,1.0069433691970058,0.9584470517085714,0.03616871013959392,0.02117134545141874
Net,185,1500,1.0,2767.182438103393,87500.9818780163,11798.10009960229,95185.57554546816,482.5853663093222,119696.58924742763,518.7036047132904,119696.58924742763,1.0,0.9287096664934126,0.9512255935340275,0.020295516506959956,0.04489087197539442
Net,186,1500,1.0,35052.687066941064,86553.73397137417,51152.387874386026,90547.23828255908,5537.436548224494,119696.58924742763,5765.843691213052,119696.58924742763,1.0,0.9753519417968537,0.99165753902496,0.02266540346826949,0.025052915042270803
Net,187,1500,1.0,18825.970224901517,89503.66915523875,29448.51758183961,87561.0980692706,4472.520699494094,119696.58924742763,4594.721375908352,119696.58924742762,1.0,0.9742437649112087,0.9742972605195732,0.009636777606836856,0.00950567634211839
Net,188,1500,1.0,53697.721412451014,85126.11511236135,66070.63557234392,86154.74432063552,6904.834483317109,119696.58924742763,6915.816360026274,119696.58924742763,1.0,0.995218821332681,0.9481914300090365,0.01838084738984543,0.015288735447402
Net,189,1500,1.0,52114.92017156837,85569.84511210762,62714.49151364367,86352.43686718191,8137.90909040229,119696.58924742763,8408.496087937736,119696.58924742765,1.0,0.9634572656245778,0.8878165602189427,0.016034452005255117,0.014140654045997668
Net,190,1500,1.0,29571.718158681364,85699.12107762988,55245.000737045644,88491.17622297964,5042.435618064679,119696.58924742762,8620.245919796125,119696.58924742763,1.0,0.9682311049887677,0.9853659663383982,0.030570196489988006,0.017006251198504154
Net,191,1500,1.0,11762.462185866996,86517.7119754552,13522.66288060239,85953.86393402077,1558.17362565747,119696.58924742762,1572.6159680893566,119696.58924742763,1.0,0.9796754346836951,0.991102706989177,0.02070536808094692,0.02468343866249748
Net,192,1500,1.0,1605.5801496735066,90783.9377619419,24378.592400360787,98742.98150888731,315.23335733787906,119696.58924742762,549.4754552960482,119696.58924742762,1.0,0.9991836073778019,1.0050312742225305,0.029555495513431642,0.046978709437589826
Net,193,1500,1.0,11424.326440804954,139651.4269592043,18357.240046010986,91794.43543222756,5239.968178828434,119696.58924742762,5657.542242236219,119696.58924742763,1.0,1.001814688446829,1.00354510275016,0.06155023632206097,0.03168638444085237
Net,194,1500,1.0,34875.39653779338,85638.35452606133,59102.958998595466,85445.69385031238,4413.617064766344,119696.58924742763,5956.964842093426,119696.58924742762,1.0,0.9617412832595537,0.9873228675342395,0.01987210448253582,0.02131474386850456
Net,195,1500,1.0,40895.43609655266,85099.98859470522,49977.312065129,85584.3172611075,5440.787264108609,119696.58924742763,5708.243318740729,119696.58924742763,1.0,1.0062655856650948,0.967609238229451,0.026347624702019738,0.03006020042839189
Net,196,1500,1.0,565.6806255239198,88590.08543899357,23185.729096385323,121584.3863820036,521.3726736464251,119696.58924742762,8741.33446604386,119696.58924742762,1.0,1.0392506400602712,1.022041078802509,0.010079264168810682,0.015883705009335003
Net,197,1500,1.0,225.5363382943679,84916.87040058893,567.1945732498968,96263.94751343312,40.415065529107515,119696.58924742763,40.51669720759206,119696.58924742762,1.0,1.0174917140051178,0.9830097467944279,0.020114212103794812,0.03771902551136759
Net,198,1500,1.0,7714.143533992423,93134.11730542128,7524.975770238098,86661.35085863704,871.2908713587697,119696.58924742763,875.346129103669,119696.58924742763,1.0,0.9416062409719784,0.9507454972882878,0.02902602995183752,0.03435641081590332
Net,199,1500,1.0,67969.12251205783,90806.29689374847,63506.27288746015,85701.91196956934,7899.09786075984,119696.58924742763,7933.0858097738255,119696.58924742762,1.0,0.9582977657933421,0.9212541571342008,0.025705554553807502,0.01587401616448307
Net,200,1500,1.0,3132.7052558409987,85226.43219311733,3419.369470422873,85691.18715825317,411.16075015044794,119696.58924742762,409.25587700961535,119696.58924742762,0.0,0.9881567960486712,0.9935014158186987,0.021320002781096782,0.01653716707401251
Net,201,1500,1.0,48882.74684648297,85319.12661684584,56207.41903033308,86607.71871987532,6426.6316229053755,119696.58924742763,6602.29694739711,119696.58924742763,1.0,0.9762097810948762,1.0179355664148217,0.027047245101138123,0.022891069138760822
Net,202,1500,1.0,26785.01023883296,88511.81535028867,21025.473991991475,86659.09282638559,5092.7956303401115,119696.58924742763,5093.194834652032,119696.58924742763,1.0,1.1654408625010313,1.0808606788964723,0.0013600292705584136,0.0018968664608858365
Net,203,1500,1.0,45364.275883971415,85944.4957019256,44752.53216914111,84766.22776129917,5112.040207871189,119696.58924742763,5092.834752397879,119696.58924742765,0.0,0.9793475035510939,0.9262789386441576,0.024123420611248406,0.03017244723127518
Net,204,1500,1.0,19820.648991061043,94209.43074317633,10145.462737274474,90313.68871889554,4183.725361144133,119696.58924742762,4404.256365726303,119696.58924742762,1.0,0.9660176296126622,0.9781224651907184,0.005919744663723623,0.01680012553774182
Net,205,1500,1.0,19844.3793585605,86748.59473806055,42239.967622238866,89141.55622736696,4485.078664200333,119696.58924742762,9728.884816333391,119696.58924742763,1.0,1.0118886015378985,0.9416128251148431,0.017546468121503317,0.02043706213722957
Net,206,1500,1.0,13560.057252353188,92401.53598639045,12524.986690360278,90670.627080807,2433.361454312165,119696.58924742762,2439.5847094598967,119696.58924742762,1.0,1.0232325459453344,0.9991910098111096,0.02012010853238397,0.027117225528042355
Net,207,1500,1.0,16838.585813103855,88024.76410755675,48512.09461490883,93581.85937685863,2118.3065994315016,119696.58924742762,3969.7599776985426,119696.58924742762,1.0,0.9788916072848667,0.9274766568481236,0.014903435615045408,0.037293109822062645
Net,208,1500,1.0,33918.5791642079,91661.81629197416,26752.4599526577,86970.23616718745,4162.8641346000495,119696.58924742762,4274.148363729035,119696.58924742762,1.0,0.9993548617610141,0.9789192642334348,0.016956901937390457,0.012978287261338754
Net,209,1500,1.0,68789.31850564406,122411.81821627064,64837.349343265894,85638.05445350491,6644.197674150773,119696.58924742765,8458.109848350952,119696.58924742762,1.0,0.9962997880904992,0.9953973263231777,0.024080610760129267,0.012934164935636334
Net,210,1500,1.0,37501.33287564625,84586.12284894966,51878.791560604994,87956.865472572,5322.502910884754,119696.58924742763,5640.812696690807,119696.58924742762,1.0,0.9848761227908729,0.979030107921194,0.03130029337326522,0.0229791662522997
Net,211,1500,1.0,43480.31242271575,86632.26863188008,52686.62078450696,85290.7480911671,5408.932842147819,119696.58924742762,5525.081195143673,119696.58924742762,1.0,1.0192315302179504,0.9422497835982351,0.017586205875997775,0.023645309998857045
Net,212,1500,1.0,16139.866861838487,89459.1332398147,14668.941909285913,90194.51629001221,5163.176280019855,119696.58924742763,5264.316064337824,119696.58924742763,1.0,1.0206180271989493,1.019546777246143,0.03555865505361544,0.02517656320622243
Net,213,1500,1.0,6545.612455859763,85291.62898677398,7803.703845817258,85995.72342480492,1066.0005799844384,119696.58924742762,1067.938706436109,119696.58924742763,1.0,0.9559698092609347,0.9755345551834338,0.02960190450363507,0.023378379526552393
Net,214,1500,1.0,7428.590060921657,86551.6578244127,7438.365613166998,86023.7773636705,1023.7008193714861,119696.58924742762,1025.6940403819608,119696.58924742763,1.0,1.0162221441527954,0.9901307015209986,0.01204889493505318,0.01739376938509047
Net,215,1500,1.0,134833.4297563915,139341.06991463917,73738.16435485135,91884.6680669692,9646.368613407765,119696.58924742762,7606.0541726299325,119696.58924742762,0.0,0.9775952370064245,0.9932457216877298,0.05170881635664862,0.013331615123184662
Net,216,1500,1.0,56505.097727893844,87157.81314198166,68768.13398441521,85999.95735551055,7411.4215568948375,119696.58924742762,8623.005474026857,119696.58924742763,1.0,0.9608316421995423,0.9259031596069968,0.031790221131739085,0.02441288667797277
Net,217,1500,1.0,22176.263774002484,85304.65159865598,35823.733728280655,88990.38351329352,3673.475153509047,119696.58924742763,3690.4235453218826,119696.58924742763,1.0,1.021613345893394,1.0298700537503402,0.018670589848203314,0.01506384088711946
Net,218,1500,1.0,26883.006205927853,85233.04587321919,33200.252971136055,86356.9435219809,3531.833939459465,119696.58924742763,3536.143127386871,119696.58924742762,1.0,0.9968160657601919,0.9846287521189415,0.022020264212664217,0.023463189950248087
Net,219,1500,1.0,171.4988672975893,85571.18810609425,28872.887535064307,188311.889767944,132.13331595317794,119696.58924742763,4216.908122923487,119696.58924742762,1.0,0.9658243186050862,0.9859607161009497,0.011860627911509667,0.023060642009175094
Net,220,1500,1.0,20771.234577658903,87062.7012063144,20545.15091496229,88374.72127251484,2531.0251468216056,119696.58924742762,2534.0492650536653,119696.58924742762,1.0,0.9594801733825552,1.0032969678178396,0.0226446280457452,0.02194497601336418
Net,221,1500,1.0,42899.36600018153,85350.51825906709,49783.18904021112,85892.32901732472,6647.067345229365,119696.58924742762,6669.732610939087,119696.58924742762,1.0,0.9841564485991338,0.9575986510937506,0.006266051282167003,0.006410936651929829
Net,222,1500,1.0,62766.860751909,84858.50597136284,75077.15090329174,85320.78540664545,7362.766865026396,119696.58924742763,8675.225530218588,119696.58924742762,1.0,0.9853873961046054,0.9472567274085713,0.030139496912706194,0.02173961202706457
Net,223,1500,1.0,10315.44799255611,85515.89061829462,13080.730280842305,87602.86815242193,1503.3638020357691,119696.58924742762,1511.4121655015215,119696.58924742763,1.0,1.0154148102393656,1.0295843643659743,0.018426077829308635,0.020604114343614876
Net,224,1500,1.0,147002.4204232131,153489.42545266563,72484.70724348805,88223.79634896676,7860.875803683255,119696.58924742765,7925.235612727842,119696.58924742763,1.0,1.0348714904619905,0.9495784627966608,0.041746930439438036,0.025894665873871126
Net,225,1500,1.0,236.25428808472822,84966.22626078685,47194.27365609116,210880.06373803926,422.27729504386355,119696.58924742762,2556.8601283321677,119696.58924742763,1.0,0.9946718372747938,0.971734017572438,0.027100239057838982,0.017877531032996496
Net,226,1500,1.0,56043.13505252928,92383.18576389331,43669.08538399175,87256.06051622503,7834.411720955341,119696.58924742762,8068.963026765444,119696.58924742762,1.0,0.897738697524824,0.9248361830777891,0.01663954940047866,0.020394217236774714
Net,227,1500,1.0,3515.208758385964,88002.36023206654,28145.48529217608,95740.67838442484,858.2092779689337,119696.58924742762,1532.3348309310884,119696.58924742763,1.0,0.980268726828534,0.9119990491824042,0.016548453434398924,0.016814993666512748
Net,228,1500,1.0,40385.85841327551,86603.45559479577,38180.19292603609,85658.1636849842,4891.544507430456,119696.58924742762,5125.653782902672,119696.58924742762,1.0,0.9894984898951293,0.9710714169204754,0.02789264923058305,0.029068812026682708
Net,229,1500,1.0,25198.334533722336,87016.4656634739,42820.725358428914,88982.3745838854,6167.2776726084285,119696.58924742762,9364.561282814957,119696.58924742762,1.0,0.9650611525673602,0.9783294245962376,0.008437864156520695,0.0067067938082477135
Net,230,1500,1.0,13102.840717516665,85170.62177308332,21813.097797225222,90560.63921805975,2696.2205532166918,119696.58924742762,3025.05600453681,119696.58924742763,1.0,0.9978672361440925,0.9758352569156641,0.022224234140873014,0.012352414582554852
Net,231,1500,1.0,48523.74783811139,85851.00996805094,61091.53812395838,86592.50413531752,7303.783153811416,119696.58924742763,8558.232689965607,119696.58924742763,1.0,0.9610650704747753,0.9494512321186082,0.016544601391716863,0.015541043057994452
Net,232,1500,1.0,23173.875872960634,91181.9829880819,33108.555524038806,86626.55142836898,3040.57500267618,119696.58924742762,3286.6731270492437,119696.58924742763,1.0,0.9745665702273736,0.9564521193315233,0.08230943033650956,0.03361462070520425
Net,233,1500,1.0,19646.90526086121,86188.91475394202,22292.23984983367,87172.88829374287,2667.3825724806625,119696.58924742762,2768.4056547718196,119696.58924742763,1.0,0.9759216613740379,0.9705220454570047,0.018744664221027788,0.024839291593194788
Net,234,1500,1.0,44664.23043646485,87226.01626683463,48836.64339649651,85643.93217763337,5529.037343858787,119696.58924742763,5517.230114488722,119696.58924742763,0.0,1.0320194011360635,1.0154948472378578,0.025787137617774996,0.018737259558190857
Net,235,1500,1.0,3594.9250907628916,141906.43707723205,2066.3168638194666,101902.25158123886,628.1394396116784,119696.58924742763,622.1738578516004,119696.58924742763,0.0,1.0715942720751455,1.035965003725035,0.01124533143227814,0.012542335118108842
Net,236,1500,1.0,1062.08852796768,84950.44205499915,33550.84128948196,117082.90354086462,634.870413577339,119696.58924742763,2764.349176273763,119696.58924742763,1.0,1.0307885247801691,1.019627587343266,0.02893149960678937,0.029831640282652488
Net,237,1500,1.0,13086.318095262444,84966.42970886594,14141.496625944144,85841.8381608655,1532.356315497097,119696.58924742762,1539.8753544752594,119696.58924742762,1.0,0.9743080607487621,1.0023153507460716,0.03264941010164163,0.027869510141893965
Net,238,1500,1.0,57392.9021773397,86745.59568884365,65422.18115738685,85140.9176175908,7548.60128390848,119696.58924742762,9538.892918684007,119696.58924742762,1.0,0.9779039180641292,0.9751331936987708,0.020833068962855777,0.018474473980685593
Net,239,1500,1.0,40703.03901550034,141371.53455141344,60144.74507467794,86562.3219145271,3068.3992201892497,119696.58924742763,5106.7978277359925,119696.58924742763,1.0,0.9980219570152382,0.8920382711693322,0.057250961463762885,0.024694717600451062
Net,240,1500,1.0,30257.677519770063,87999.41072425968,34223.606403583035,88495.9530651705,5462.779753684758,119696.58924742763,5405.193314060039,119696.58924742765,0.0,1.0010823529294757,0.9839201019034302,0.018057903173429278,0.012163610476041318
Net,241,1500,1.0,39815.741124555236,86013.15268876267,70311.36882407754,87861.52772683674,4659.364646011903,119696.58924742763,6728.544321578877,119696.58924742763,1.0,1.044654182032004,0.9251787812259319,0.035082105996308684,0.02452491224303455
Net,242,1500,1.0,20514.270872985348,88394.98557522731,35007.91782554942,88835.04505236779,3756.7531628655242,119696.58924742762,3789.8730530281587,119696.58924742763,1.0,1.0098737652926002,0.9641372503116724,0.01070228491048816,0.021738989152509967
Net,243,1500,1.0,29874.834942234887,85676.74045847713,55704.328367665716,86214.70306427532,4065.6064018593866,119696.58924742763,7580.53241601941,119696.58924742762,1.0,0.9565975476668397,0.9372438942362066,0.026312311863380705,0.03096576725933199
Net,244,1500,1.0,6223.050380788034,90876.70246876025,16409.165901080152,90923.86407004014,3802.6851408417997,119696.58924742762,5270.755515162154,119696.58924742762,1.0,0.9615469789389735,0.9039998887334896,0.03844248435641558,0.034125912430527774
Net,245,1500,1.0,20793.380849614834,92674.65145925629,21163.820410551038,86553.76893549961,2360.7675206281333,119696.58924742765,2370.62325823652,119696.58924742762,1.0,1.0129393257537573,1.0095410793395503,0.020011235102519776,0.027090258171049358
Net,246,1500,1.0,59548.40796915412,94583.94220733742,51883.2832366823,85559.66030479659,6581.400909147927,119696.58924742763,6945.943368884401,119696.58924742762,1.0,0.993005028680429,1.0019725247677775,0.033687828615192844,0.025745560961547103
Net,247,1500,1.0,1831.9982601149873,87166.75037079144,6470.498584620928,98599.9758851881,498.9700476417038,119696.58924742762,526.4291958737699,119696.58924742763,1.0,0.8124860165631429,0.8638283963467849,0.007254128951419505,0.01155081554388789
Net,248,1500,1.0,74219.26461021944,93386.23928879215,67419.16574262321,85771.78398075329,7752.442150716791,119696.58924742762,8436.177181216242,119696.58924742762,1.0,1.000190654138912,0.9576869174567916,0.08495246318999469,0.02219546829098917
Net,249,1500,1.0,5085.38522571502,111978.52940339356,39953.735909837786,138428.76263196132,1723.9555084725876,119696.58924742762,4950.168706883873,119696.58924742762,1.0,0.956270570417145,0.936535787715089,0.03459019269495631,0.03427568272289028
Net,250,1500,1.0,39929.90360543984,141657.93375081383,21911.798103176472,87907.5389529292,5152.21526576151,119696.58924742762,6428.64575838354,119696.58924742763,1.0,0.982692026942083,0.9131090697792985,0.01833715631266693,0.011324830487202339
Net,251,1500,1.0,334.8106365990477,87152.77052059321,33497.673023708005,112245.78806170385,274.16866998167364,119696.58924742763,3219.4212354275915,119696.58924742763,1.0,1.046984208718928,0.9517313736707267,0.016908399737080033,0.03001163381485076
Net,252,1500,1.0,10816.362309157572,85273.40905539287,16094.923993499595,86990.19655779844,1616.173128300059,119696.58924742763,1653.745783284097,119696.58924742763,1.0,1.0291858966820735,0.9858789830084789,0.023756275899104347,0.01886507725676542
Net,253,1500,1.0,35352.94029351075,90686.79922240731,42325.2288089384,86057.35490121157,4762.697244998675,119696.58924742763,4706.5143754387755,119696.58924742762,0.0,0.988208665736567,1.0000932930086404,0.012446538368258672,0.0166266831931316
Net,254,1500,1.0,5168.67679545984,86637.94357687767,5886.629949272763,87175.93304184685,904.6786701250321,119696.58924742762,901.6034199250462,119696.58924742763,0.0,0.9795794232531516,0.9645015318301939,0.016921498870897115,0.0162650947997361
Net,255,1500,1.0,9055.70063196772,85751.02707811682,26020.536442790162,89085.53295753393,1101.3387723337994,119696.58924742762,1885.4800811000746,119696.58924742762,1.0,1.0083187608491155,0.9555033060592207,0.02203121368144476,0.04481093242723953
Net,256,1500,1.0,51318.032596899706,96957.03326144951,50088.73050977595,86913.46368272185,6190.47859351264,119696.58924742762,7139.8296545848925,119696.58924742762,1.0,1.0317070203605656,0.9646676691765931,0.05398749679865601,0.026675769745691847
Net,257,1500,1.0,1636.5608534022697,86638.25083029283,1872.4044908935152,87545.20000510055,257.67578597462284,119696.58924742762,259.19362016313505,119696.58924742762,1.0,1.0382965020447565,1.0360148176704582,0.024828153829761095,0.02183917945369265
Net,258,1500,1.0,3218.326434939252,157187.01461358077,89002.03622647203,159313.26044577098,1023.732500106013,119696.58924742762,2731.933266623682,119696.58924742762,1.0,1.0049522769535604,0.916349349606602,0.08248926892840971,0.04787329196868088
Net,259,1500,1.0,7204.932486807598,85581.60236888111,9889.87361767799,88251.0005467728,1191.3364372553572,119696.58924742762,1202.0652216458304,119696.58924742762,1.0,0.9869498384068939,0.9737840526930589,0.02072151995910316,0.016875264924552033
Net,260,1500,1.0,191.3122966543239,85195.40653388726,218.56423356971447,86779.20578322496,35.55745573525557,119696.58924742762,35.55785656707934,119696.58924742763,1.0,1.0679040144313203,1.0546996623558362,0.019053616230966287,0.023185949269417166
Net,261,1500,1.0,28607.956769694752,85193.2549610791,56431.64076911768,86594.08211589821,6095.3614362830795,119696.58924742763,7626.984274772249,119696.58924742762,1.0,0.9482709337627578,0.9750863452010414,0.020139492195050353,0.012630688642502809
Net,262,1500,1.0,776.0779001815263,86230.45316661063,1721.3220371490725,92000.02267030338,115.93046850745802,119696.58924742763,115.91627028140084,119696.58924742763,0.0,0.9920015164223271,0.9965947954161881,0.031084743429193804,0.023310444426946072
Net,263,1500,1.0,50379.81798104827,85913.52039099761,61516.75844018958,86407.17649004096,7039.889173739294,119696.58924742762,7801.306653308388,119696.58924742763,1.0,0.9665824389148601,0.9439926391154707,0.025421572691190903,0.021768073632983824
Net,264,1500,1.0,25069.37980762431,84985.48490371468,21507.873813275062,85559.50591547095,2810.756475554571,119696.58924742762,2836.829596362383,119696.58924742762,1.0,0.9815872888364323,0.9851586901834555,0.019979828749323948,0.03120611886176956
Net,265,1500,1.0,48177.739690110684,85099.04024043388,52841.362942939384,85565.80248519116,5963.062758599537,119696.58924742763,6164.025519149422,119696.58924742762,1.0,1.0133411223634208,0.938363953008523,0.023224535051479766,0.024918525999222944
Net,266,1500,1.0,63694.4719755626,86142.1252999974,61881.58833827058,85790.53347059108,7498.8473587415965,119696.58924742763,7483.178266724326,119696.58924742763,0.0,0.9796989643166714,0.9718797270495245,0.016391372976871627,0.02121320756560247
Net,267,1500,1.0,3074.0518198539935,98301.6803087782,2706.2748747595683,94805.15173234143,404.40065715719425,119696.58924742762,407.4621425706165,119696.58924742762,1.0,0.997241647775932,0.9802068522329324,0.03631139832148184,0.04184750611109887
Net,268,1500,1.0,61260.41441630355,90232.18472656468,39112.03733465388,85217.02870438369,6854.323412359929,119696.58924742762,7127.501335579451,119696.58924742762,1.0,0.9444490540544007,0.9637728411527828,0.0222994486903537,0.023040247836837086
Net,269,1500,1.0,34797.31970084131,94590.95796473822,26906.82894463847,85971.14680859743,4125.979309813609,119696.58924742763,4215.219477434162,119696.58924742763,1.0,1.000719225922313,0.957743156665476,0.028270987064209312,0.017069970387494953
Net,270,1500,1.0,4998.475684739356,86650.21107770324,41537.851234466274,92953.53097718957,1272.5592575095466,119696.58924742762,6173.048212333885,119696.58924742762,1.0,1.064543331047798,1.0460023454166196,0.02617949439257515,0.017360666262704143
Net,271,1500,1.0,1579.2708189341804,84683.87094953208,1514.1286926727623,85214.67684680033,224.73638619217462,119696.58924742763,224.84295301752653,119696.58924742763,1.0,0.8837676913401711,0.912062442632671,0.00844931942207945,0.012876009786614104
Net,272,1500,1.0,32.37533896898178,90493.64394552406,143.9396845300651,104290.52745614367,30.969554373903165,119696.58924742763,30.969763938475978,119696.58924742763,1.0,0.9631895729624741,0.9338920143415093,0.006675927483011248,0.005687182586541186
Net,273,1500,1.0,3198.3019099432636,90424.08632584645,3673.80292830507,95673.90027332019,361.3559188763705,119696.58924742763,362.3592629676947,119696.58924742762,1.0,0.9820951613745273,0.969698834305754,0.08301701592731416,0.0628680252359527
Net,274,1500,1.0,64643.16401908302,89433.33646725214,59889.37081746795,86092.84594404104,7704.922246632938,119696.58924742762,8124.341371312973,119696.58924742763,1.0,0.985033487897401,0.9758625176605513,0.0192069218577304,0.01662082953364419
Net,275,1500,1.0,2219.806501339872,85360.33904514398,2165.1475660529118,85997.25861632304,308.3628348789075,119696.58924742762,310.1111462599492,119696.58924742762,1.0,0.9533832340025966,0.943747064081798,0.016972838584569043,0.01747977151867479
Net,276,1500,1.0,38947.24418387744,95212.25762324795,72836.59241555783,85559.29658682994,4413.707296344338,119696.58924742762,8907.811830419643,119696.58924742762,1.0,1.0109247313331569,0.9979322582799265,0.05437595492710263,0.024506481151435687
Net,277,1500,1.0,20598.99343874681,115658.60073496652,15149.294081323831,87564.2273532451,5845.732336598883,119696.58924742765,6087.623934928289,119696.58924742762,1.0,0.9516432826087251,0.9414923957810429,0.007177848707743961,0.004785474828779494
Net,278,1500,1.0,9875.254974934964,96243.90135606637,10182.192699532847,89595.6354977932,1071.0518756262434,119696.58924742763,1101.2347579217737,119696.58924742763,1.0,0.9622021888282422,0.9702469035060387,0.0305970857705039,0.04447537425168129
Net,279,1500,1.0,42733.14750062156,95980.88874608217,31656.537491971234,85387.52211373726,4803.6772459258555,119696.58924742763,4814.0867371562945,119696.58924742763,1.0,1.028806397989579,0.9684667030415309,0.017533311977224603,0.026514740878651962
Net,280,1500,1.0,20288.890997406244,85426.50830708031,27933.663360578146,87563.69931038735,3361.1921137482577,119696.58924742763,3268.371540819417,119696.58924742765,0.0,1.0331998647825285,0.9938585313387834,0.021228622568278597,0.012474921448216355
Net,281,1500,1.0,38989.03750871698,87215.54709307995,34249.038991037865,85777.68151999275,4638.252150807068,119696.58924742762,4781.457028516956,119696.58924742762,1.0,0.9952601433949142,0.9433261264794756,0.02049858867495551,0.028913717269492732
Net,282,1500,1.0,19527.68316648007,84508.30473846899,25394.840968173245,86795.45711218224,2540.269696379546,119696.58924742762,2508.7250111283197,119696.58924742762,0.0,0.967630419087394,1.0338082939873476,0.029677840953531036,0.02494704895707518
Net,283,1500,1.0,26712.001743216806,90613.42004774416,26800.140644467006,85182.65542104671,2824.8898655663847,119696.58924742762,2854.110572086116,119696.58924742762,1.0,0.9924965065997822,0.9983103202348445,0.08048144891156062,0.030959491218260107
Net,284,1500,1.0,4080.8859099023603,85921.3970320349,4574.512004303799,85708.11748541368,558.0435410393061,119696.58924742762,558.9140239540329,119696.58924742762,1.0,0.9772017339952396,0.9707790718655801,0.02242428426582542,0.017348909292614838
Net,285,1500,1.0,17548.425553233836,85133.2402882759,17342.482961551097,85543.23617971459,2272.6095138674455,119696.58924742763,2265.0742426295756,119696.58924742763,0.0,1.0353155945923356,1.0241486137419884,0.024271926593498416,0.01953671143965532
Net,286,1500,1.0,32510.5589653515,85323.85905242075,52516.468933172044,86789.40616265459,6023.149383700858,119696.58924742763,7212.554026297841,119696.58924742763,1.0,0.9940557789275466,0.9324961884171059,0.02297391117485781,0.01261327315914122
Net,287,1500,1.0,45490.63630540177,86207.7042530925,46596.45376197191,86076.34652057258,5342.717896765262,119696.58924742763,5294.487735097549,119696.58924742763,0.0,0.97317078069379,0.943677845036081,0.01311447868810634,0.020313061489947246
Net,288,1500,1.0,28051.961983286157,103181.55200924221,69898.2429958616,88477.2288700625,4580.966177503282,119696.58924742762,7177.777275486429,119696.58924742763,1.0,0.992044964513019,0.9658109150103638,0.0438675649895952,0.01597458228937636
Net,289,1500,1.0,21398.892781499762,85831.8285194285,48381.13692146186,90492.97235783757,3742.0822920213263,119696.58924742762,6279.963454328647,119696.58924742763,1.0,0.9495542887257095,0.908241035680916,0.0193279613931788,0.023581186271242473
Net,290,1500,1.0,987.059512458271,84977.79564611102,1619.3565633973953,88185.27612518509,157.80666959751926,119696.58924742762,158.26503009514238,119696.58924742763,1.0,0.9904715326292015,0.9466800077683647,0.0289793319357667,0.029020194963238755
Net,291,1500,1.0,50427.1480006686,89146.15003834754,47193.318559201536,86081.50492618114,6635.076598349593,119696.58924742762,6612.8614689158385,119696.58924742763,0.0,0.992423526138513,0.9956525080972506,0.02729238216703779,0.01919164327368468
Net,292,1500,1.0,338.13772706836687,94219.1278728229,351.5737861000147,93854.14650130784,52.07798975772239,119696.58924742762,52.05570872063287,119696.58924742763,0.0,1.011472659674547,0.9924287297777237,0.045270742964128446,0.041844008714112806
Net,293,1500,1.0,22077.05961731087,85437.61085294581,20410.327594867682,85573.91823526117,2837.714155296727,119696.58924742762,2912.087240323732,119696.58924742763,1.0,1.0274044614290472,0.9754617789823211,0.01633198774588006,0.01931389154310744
Net,294,1500,1.0,1190.1010591529973,85742.78875214345,6920.1678803358045,103579.69500144894,150.84169343577204,119696.58924742762,173.85354448369338,119696.58924742762,1.0,1.022012644852885,0.9987330015793691,0.024641551564671436,0.049712987015118094
Net,295,1500,1.0,752.1092623514123,94855.16214419864,820.2466021537917,101326.13641786485,211.7089254005406,119696.58924742762,212.7909581518989,119696.58924742762,1.0,0.9612708469130462,0.9734263485405276,0.01617875113042582,0.023000318100465322
Net,296,1500,1.0,23103.25489889262,119137.53761990473,14882.133711796947,92068.17301883604,2620.9583519433536,119696.58924742762,2719.513085340827,119696.58924742765,1.0,1.0006932961742299,0.9549313424206272,0.07207959557784768,0.039823372700890154
Net,297,1500,1.0,3829.915993696903,86112.24490833451,3858.114645354618,86848.36386278513,469.956425766202,119696.58924742762,471.04950173171846,119696.58924742763,1.0,0.9628398577677086,0.9756465827125426,0.02536610023445488,0.027295052180847965
Net,298,1500,1.0,47523.73288981999,86401.05020828353,45424.736514535594,86574.05264163652,6651.057503590242,119696.58924742762,6486.717914205987,119696.58924742762,0.0,0.8998098441599465,0.9322518648629707,0.019369055910599457,0.017978654563394997
Net,299,1500,1.0,540.3220198743134,102614.67761932335,18373.491944533285,139341.61550506685,306.2285209022946,119696.58924742763,2138.758054005154,119696.58924742765,1.0,1.0069877902183892,0.9681920601475389,0.05187400431224474,0.08840197258204523
Net,300,1500,1.0,12613.203061423505,86380.25429502505,42048.06455730423,86869.42935597798,2748.08905117186,119696.58924742762,5037.745625416881,119696.58924742763,1.0,0.9900796916719086,0.995306179334942,0.017869642785117764,0.01887372660860719
Tuebingen,1,349,0.166,1065.548193168232,7085.822197066918,851.3071732191894,4988.547920926178,164.50601638381733,6518.756877190794,195.64668563851868,6518.756877190794,1.0,114793.01332402852,2.299276689025542,0.01310183223658105,0.009448046881268662
Tuebingen,2,349,0.166,1478.1160931763245,7085.822197066918,1355.2195560523141,5289.0526182431695,244.059174884901,6518.756877190794,255.51442562005792,6518.756877190794,1.0,114793.01332402852,101525.45926256765,0.01310183223658105,0.040361620700107514
Tuebingen,3,349,0.167,4465.704195188642,5039.184781336538,3874.7350086328693,4988.547920926178,416.78457561568905,6518.756877190794,392.71461227463874,6518.756877190794,0.0,3.852785633943892,2.299276689025542,0.04896971835372127,0.009448046881268662
Tuebingen,4,349,0.166,5322.026346874748,7085.822197066918,3793.2204336501313,5004.274309370504,483.1380584809922,6518.756877190794,486.3005824273206,6518.756877190794,1.0,114793.01332402852,16314.673673943564,0.01310183223658105,0.028171442019791312
Tuebingen,5,4177,0.143,859360.1718829888,1823757.0462554593,497619.9274707702,669232.8330905652,41211.04721755545,927238.132833874,45805.51872824605,927238.132833874,1.0,10.392777255475611,0.014418854857382469,0.013256093438106643,0.026330998643868647
Tuebingen,6,4177,0.143,865362.82785351,1823757.0462554593,355448.5331311147,666507.3530752594,35997.09056687396,927238.132833874,38385.256061162356,927238.1328338741,1.0,10.392777255475611,0.01937274413507649,0.013256093438106643,0.01923784356652712
Tuebingen,7,4177,0.143,837149.9240396292,1823757.0462554593,472268.85277656466,660083.5852155306,40393.367213551035,927238.132833874,44125.914388364894,927238.132833874,1.0,10.392777255475611,0.009846193225335524,0.013256093438106643,0.027812141022062063
Tuebingen,8,4177,0.143,1108450.244376451,1823757.0462554593,445377.7968712307,695662.5260581016,39642.63579827255,927238.132833874,41792.620963833804,927238.132833874,1.0,10.392777255475611,0.0017490838225151825,0.013256093438106643,0.0013697891945455266
Tuebingen,9,4177,0.143,1055630.6104941734,1823757.0462554593,424299.6967950238,671231.8934182145,40384.26259599032,927238.132833874,43785.479816297215,927238.1328338741,1.0,10.392777255475611,0.24042381644858077,0.013256093438106643,0.030157955958327407
Tuebingen,10,4177,0.143,1250034.0152802682,1823757.0462554593,505890.74590725824,672087.9937616577,45604.70883461254,927238.132833874,50719.52353216485,927238.132833874,1.0,10.392777255475611,0.04925575578284791,0.013256093438106643,0.022275889261674665
Tuebingen,11,4177,0.142,1110353.770708361,1823757.0462554593,451707.79734011815,674550.140856244,41481.22500960715,927238.132833874,44922.12927593512,927238.132833874,1.0,10.392777255475611,0.012012407325671453,0.013256093438106643,0.020824495734601482
Tuebingen,12,5000,0.5,844733.5089929489,981903.4705574282,1175520.3259074246,1166741.6015343189,86089.5778518179,1328476.557724927,96662.92641052943,1328476.5577249269,1.0,172.38509824,424586.80599324004,0.03064623968711111,0.00433557917043436
Tuebingen,13,392,0.25,3802.133843433293,11525.026888079163,1372.227439639797,6393.169984634613,152.80995043467064,8175.768584067453,175.1482330022159,8175.768584067453,1.0,10922.432942979489,60.76273844231571,0.07292852955537853,0.04297952866279686
Tuebingen,14,392,0.25,2254.071449155411,7554.353823806759,1742.3222535372026,6393.169984634613,169.4362793355951,8175.768584067453,179.58817681285774,8175.768584067453,1.0,1477.789879216993,60.76273844231571,0.043649275733016094,0.04297952866279686
Tuebingen,15,392,0.25,2210.1786924096346,6811.727974439401,1244.2398459598696,6393.169984634613,154.4804214697005,8175.768584067453,149.77047415860116,8175.768584067453,0.0,719644.18679066,60.76273844231571,0.05785047140421308,0.04297952866279686
Tuebingen,16,392,0.25,3686.684910016479,7554.353823806759,2570.9746379329404,6472.664036087749,329.93123164264364,8175.768584067453,350.46620097932396,8175.768584067452,1.0,1477.789879216993,7.591914566847147,0.043649275733016094,0.026898790273693123
Tuebingen,17,5000,0.5,830464.0010177547,979756.5289901381,1984321.6015465783,2362309.999024721,98386.54469753291,1328476.5577249273,98192.65814476846,1328476.5577249273,0.0,256.08721135999997,32777728.091196,0.04552661535288889,0.003277903923965397
Tuebingen,18,314,1.0,3030.263972441549,6190.114693054493,1161.1777236582263,4346.310572829332,71.40842686270311,5239.341527193789,76.4597729541075,5239.341527193789,1.0,24.76039320459248,80.61420351738407,0.0793020543729055,0.02714054490948037
Tuebingen,19,194,1.0,636.2768749550823,2902.589957913643,233.6393206640326,1823.5557879750372,43.1664989028658,2005.5675928692417,45.33820072457175,2005.5675928692417,1.0,1.4851287894260528,181.78718705127113,0.06967982854889988,0.06761853356430063
Tuebingen,20,349,0.166,4323.418991836625,5513.675639820221,3715.262137220146,4988.547920926178,418.5306176335525,6518.756877190794,371.70181458123704,6518.756877190794,0.0,4.3408313560644,2.299276689025542,0.0747589117611549,0.009448046881268662
Tuebingen,21,349,0.167,4511.444246156058,5039.184781336538,3643.5202603764715,5289.0526182431695,460.1888302937376,6518.756877190794,402.5836113223311,6518.756877190794,0.0,3.852785633943892,101525.45926256765,0.04896971835372127,0.040361620700107514
Tuebingen,22,450,0.333,4424.077141635238,8204.3445368192,12382.111913797013,14293.514795625186,804.624410656874,10772.847208239764,819.7166912096088,10772.847208239764,1.0,262.31695802469136,108.17288395061729,0.03901204015834196,0.014972025460293048
Tuebingen,23,452,0.333,5304.77136310893,8210.628547658469,6388.719414231849,8928.22050280163,674.6657000883872,10902.09192329119,722.0515983870118,10902.09192329119,1.0,270.55005775706786,274.6457582817762,0.039272762049218736,0.009503313435355577
Tuebingen,24,451,0.334,5958.940604934865,8195.606781372257,6889.482705874119,8557.108636229295,828.9597521563987,10797.19502687247,851.9547664703797,10797.195026872472,1.0,269.3413110063372,191.9692823535774,0.03909730164121603,0.013556195350157292
Tuebingen,25,1030,0.125,31156.28675592675,47124.26581273141,31526.539995727628,41877.735388238776,3425.6383014452813,56413.92478556331,3488.8302881697055,56413.92478556331,1.0,10910.976743981524,278.81086128004523,0.056874214173920086,0.04327162074417883
Tuebingen,26,1030,0.125,193501.61914278587,243028.8022113017,40656.72133878781,41877.735388238776,3943.0578594087083,56413.924785563315,4421.95174828125,56413.92478556331,1.0,7436.897506843246,278.81086128004523,0.057575225905502306,0.04327162074417883
Tuebingen,27,1030,0.125,407962.3761914507,346798.67562685447,41004.72328464099,41877.735388238776,3286.40850732151,56413.924785563315,4406.24294652639,56413.92478556331,0.7,4091.6402137807527,278.81086128004523,0.10218879100631476,0.04327162074417883
Tuebingen,28,1030,0.125,42435.3320543234,61039.348533998855,36909.16463177329,41877.735388238776,3628.073306058372,56413.92478556331,3965.926314682676,56413.92478556331,1.0,455.5599295032519,278.81086128004523,0.02906276025472674,0.04327162074417883
Tuebingen,29,1030,0.125,139139.79942045617,174507.7045250752,33239.08894675741,41877.735388238776,3729.731212232311,56413.92478556331,4030.8514167408193,56413.92478556331,0.1,35.65213362239608,278.81086128004523,0.034385376357389835,0.04327162074417883
Tuebingen,30,1030,0.125,47258.204966864345,54954.09522818458,37454.09624830223,41877.735388238776,4098.886572901614,56413.92478556331,4389.9475593681345,56413.92478556331,1.0,6039.807767791496,278.81086128004523,0.051039478838151506,0.04327162074417883
Tuebingen,31,1030,0.125,50670.78251829005,51461.01109510688,38775.17190545564,41877.735388238776,4264.696926653751,56413.92478556331,4440.387406387992,56413.92478556331,1.0,6421.94683277406,278.81086128004523,0.040419609833451574,0.04327162074417883
Tuebingen,32,1030,0.125,171012.96109119832,236312.53150315862,37947.526505789036,41877.735388238776,2490.624239820304,56413.92478556331,3331.6723823095817,56413.92478556331,1.0,3986.5635177679324,278.81086128004523,0.03008818015463058,0.04327162074417883
Tuebingen,33,345,0.2,17564.831655172824,18755.33385682028,6871.18701265148,8393.594520465143,424.8700363495192,6319.817329334124,412.62801723049404,6319.817329334124,1.0,11.108851081705522,19.728208359588326,0.02777212770426381,0.013662194154839559
Tuebingen,34,345,0.2,18809.13504229358,18755.33385682028,3884.3206609881104,4697.803191151041,461.2688386343467,6319.817329334124,497.03865165173795,6319.817329334124,0.9,11.108851081705522,335.6612476370511,0.02777212770426381,0.02538081267576945
Tuebingen,35,345,0.2,19093.594126804146,18755.33385682028,3393.384856873663,4935.950793067651,473.5404118815207,6319.817329334124,472.407401506593,6319.817329334124,0.5,11.108851081705522,379.6266330602814,0.02777212770426381,0.01664956067980709
Tuebingen,36,345,0.2,16812.23837360555,18755.33385682028,3994.24335538341,5681.8329104146105,456.78458897161363,6319.817329334124,452.2814849482017,6319.817329334124,0.3,11.108851081705522,101.00042848141146,0.02777212770426381,0.017034985407558014
Tuebingen,37,345,0.2,11174.33348217178,18755.33385682028,3814.6828978078574,5953.071856066788,416.3717876205235,6319.817329334124,429.14993156269526,6319.817329334124,1.0,11.108851081705522,1536.4584415038858,0.02777212770426381,0.018020013622441895
Tuebingen,38,757,0.25,31383.042825731376,31314.487100682574,21634.806980144076,22156.2008074762,2344.865726099488,30478.257729857745,2426.2458794178183,30478.25772985775,1.0,136.6566279672419,47.89211404260369,0.037960174435344975,0.02002840153838588
Tuebingen,39,394,0.25,7150.968677046878,8666.205613255419,5032.188242548035,6506.454831041723,607.6192804989485,8288.416944509441,605.2700254061424,8288.416944509441,0.8,103.75501172408462,14071.897420701383,0.028820836590023505,0.02032853154571553
Tuebingen,40,733,0.25,25499.94758184147,29483.870879343645,22459.20917604743,26234.741978367685,1979.282542193331,28581.371822935827,1993.724900159753,28581.37182293583,0.4,139.92523204457936,153.10867708067724,0.038868120012383156,0.01594217795508926
Tuebingen,41,763,0.25,26646.249374193638,31935.810482892626,18833.80101466128,22415.760339784516,2319.3293884645163,30996.026451912046,2307.679350561283,30996.026451912046,0.1,138.4021512653542,931.2033241206591,0.03844504201815395,0.03875976375112005
Tuebingen,42,9162,0.5,1023420.299070286,3366627.321060676,2998756.4904274484,3169484.6859549675,103833.35236594333,4459850.025093649,352307.10873505403,4459850.025093649,1.0,11173.532743358635,51.48201901023756,0.08386963965741141,0.022344626306526724
Tuebingen,43,10369,0.25,44711.99111939783,6073410.21498784,43572.76682931844,6037691.002507365,5988.191469210576,5711242.504112029,6111.217614576397,5711242.504112029,1.0,458.2824647812324,454.6236607334037,0.06580828275255614,0.066279859991652
Tuebingen,44,10369,0.25,12272.867581012933,5649539.391037752,12978.199101504739,5599096.666753755,25083.97683127729,5711242.504112029,25112.5726241778,5711242.5041120285,1.0,99070491.51073577,99393838.13940492,0.028402556495703193,0.028360641360997113
Tuebingen,45,10369,0.25,511316.5126758438,4664699.053712256,435435.8696705241,4430152.551517749,95789.06039376975,5711242.504112029,96138.35167898521,5711242.5041120285,1.0,2100672.878596195,1816606.5078606368,0.0370778545378208,0.034061068240234575
Tuebingen,46,10369,0.25,1023434.7344814829,4388090.362858308,598722.5670136181,4411134.575155746,188285.06457746698,5711242.5041120285,189067.02599337668,5711242.5041120285,1.0,443.9836239510802,520.8817125468979,0.044398362395108026,0.0520881712546898
Tuebingen,48,168,1.0,880.5030813367115,1290.1875145892973,851.4122875009494,1309.6849553848192,79.24795646828935,1523.1810498936438,96.25352938661388,1523.1810498936438,1.0,38.17681832682505,2.186534122358277,0.05820271818065142,0.05617462862859526
Tuebingen,49,365,0.333,2467.1464735605273,5525.18365351557,2580.521028425141,5324.802264764563,265.4280081722408,7083.201361235072,275.53166117748174,7083.201361235072,1.0,61.82555646462751,782.5423579658473,0.05609083000492406,0.04874775557334831
Tuebingen,50,365,0.333,2634.603678091663,5556.235258068524,2709.3748447296557,5478.642600452963,298.8888991116471,7083.201361235071,282.43432775875306,7083.201361235072,0.0,59.20229131169075,586.4836036779884,0.04419532630990084,0.03590824398438902
Tuebingen,51,365,0.334,4387.06619347549,5518.94774108928,4513.3330891648475,5384.036457812029,457.5411015752224,7083.201361235072,475.9640256516443,7083.201361235072,1.0,58.6651269656596,247.23176025520732,0.050156566948513726,0.0217157794458451
Tuebingen,56,192,0.083,1010.0393100803637,1669.1026378497304,1572.4081061503693,1841.1410586710972,108.66064129691244,1984.5252226641478,116.93723493167118,1984.5252226641478,1.0,577.5744924886068,136.42705620659723,0.05196125024546674,0.06447403412410076
Tuebingen,57,192,0.083,1096.6919069103913,1669.1026378497304,1484.8282546084502,1806.467541953031,111.36340856477918,1984.5252226641478,113.84404652134745,1984.5252226641476,0.9,577.5744924886068,122.35666232638887,0.05196125024546674,0.06042304312414266
Tuebingen,58,192,0.084,1159.8492185330704,1669.1026378497304,1396.0803159380982,1676.0623749968565,110.73441717366349,1984.5252226641478,119.42313749263512,1984.5252226641478,1.0,577.5744924886068,119.46394856770833,0.05196125024546674,0.03676945169827895
Tuebingen,59,192,0.083,1208.5633746967596,1669.1026378497304,1460.8621477329498,1774.0310169367854,107.61130068280146,1984.5252226641478,120.3483443489038,1984.5252226641476,1.0,577.5744924886068,113.57419162326387,0.05196125024546674,0.07098386976453992
Tuebingen,60,192,0.083,1034.8315924910764,1669.1026378497304,1334.0583302529533,1743.0835059804263,118.28807192599258,1984.5252226641478,118.42344444867624,1984.5252226641478,0.5,577.5744924886068,110.69954427083333,0.05196125024546674,0.06918721516927084
Tuebingen,61,192,0.084,1097.8331631703743,1669.1026378497304,1492.3865678170719,1833.762420171856,119.22141208236553,1984.5252226641478,118.31805738328018,1984.5252226641478,0.3,577.5744924886068,99.94593641493054,0.05196125024546674,0.054054048899367525
Tuebingen,62,192,0.083,1156.1493377403701,1669.1026378497304,1308.146587116156,1590.5254918730539,120.66287150872321,1984.5252226641478,122.20241265617594,1984.5252226641476,1.0,577.5744924886068,94.902099609375,0.05196125024546674,0.03254530164930556
Tuebingen,63,192,0.083,1213.6682066003973,1669.1026378497304,1465.2891435039694,1678.054551827664,115.96971783113824,1984.5252226641478,122.28090393081173,1984.5252226641476,1.0,577.5744924886068,86.42664930555556,0.05196125024546674,0.059852250211603564
Tuebingen,64,162,0.084,283.38278871069997,2549.506558483903,291.6639981886428,1678.5392266595434,30.192593032545332,1410.1688210047223,31.585632163123257,1410.1688210047225,0.5,330.2306431946349,1568.5105928974242,0.05427854095901299,0.05903536425523822
Tuebingen,65,1331,0.333,50490.73994879065,102476.98469980489,50653.82770848236,96170.81562926034,5512.33793272954,94143.1993075686,5506.273025503573,94143.1993075686,0.5,0.0001722441715013448,0.00019021506356732483,0.009694110545970667,0.008654776557392573
Tuebingen,66,1331,0.333,22831.105174756707,80260.90153405069,19506.7298685676,76282.76569351983,2727.5380830350814,94143.1993075686,2713.5492707751055,94143.1993075686,0.0,0.0003976035376416792,0.0004018022336732278,0.008474664068567799,0.011403517105334954
Tuebingen,67,1331,0.334,28970.030077247615,76282.76569351983,29093.239091781328,75043.29006132332,4022.080275136327,94143.1993075686,4060.184224502249,94143.1993075686,1.0,0.0004018022336732278,0.0005324255382438189,0.011403517105334954,0.0152850565996023
Tuebingen,68,498,1.0,30.13371066043099,22083.782364384257,53.85733265650597,43828.77459358754,129.75320868205074,13186.489684819326,93.74437657599432,13186.489684819324,0.0,1634.9587103433814,3675030614427.6636,0.004198920093542956,0.00932268469151306
Tuebingen,69,16382,1.0,8553756.724513674,11187972.062185654,21414684.17799285,24888082.632857576,944459.2997550915,14258216.116297308,962345.5562401722,14258216.116297308,1.0,63.8382244576706,2.3135565779718292,0.030835997805902956,0.03614932153080984
Tuebingen,72,1632,1.0,128293.91187463437,129209.4720483525,97981.91023493104,102437.77515272074,11093.786329446713,141480.87179498098,11274.236172856623,141480.87179498095,1.0,2296.5619840776385,0.15751594360342178,0.035652906150820195,0.015774309365828968
Tuebingen,73,5084,0.083,101856.65561874883,1862626.6975716227,70998.29072592656,1777427.9636729541,10313.044611663334,1372933.6814012108,10240.563917994017,1372933.6814012108,0.0,6277471.873870856,63.71154398510055,0.016481801909987034,0.008924706649135528
Tuebingen,74,194,0.083,1442.1048637806698,3035.9194831389473,469.3521597649173,1851.6698710073065,44.74255300227304,2005.5675928692417,42.242309620524686,2005.5675928692417,0.0,249757079.0634764,104.38909554681689,0.033050531455807115,0.06863188398870275
Tuebingen,75,205,0.084,2034.791295109424,3331.4507742380692,2247.9363581502994,3053.3358954902124,38.87850449133569,2230.96301483566,37.698841676404925,2230.96301483566,0.0,243670308.88985127,3052.084330755503,0.032245064840638465,0.04693709082284509
Tuebingen,76,347,1.0,1130.375406212505,4886.1400919418065,855.4111396774705,4953.0596797773815,115.25055225061989,6418.923230526355,107.7674773972704,6418.923230526356,0.0,4.169230705345945,7.306074628972918,0.021578752162651756,0.015659453508601075
Tuebingen,77,8401,0.5,1708482.6768430076,3086698.811941537,1408981.208847356,2639640.7636087607,171478.79197409697,3749645.506664306,168141.2634399331,3749645.506664306,0.0,4830613.578916363,50.43937014487239,0.059756658237797154,0.022075668381537617
Tuebingen,78,721,0.3333,3762.294273118631,23667.75211297429,7513.194841888921,20338.093071630537,511.48025642166385,27720.003272105805,543.1046048284852,27720.003272105805,1.0,224617.90097191255,82.34791465937086,0.07339494005676846,0.04955631672337018
Tuebingen,79,721,0.3333,5054.362554020819,21057.682436327872,6073.66386997737,20338.093071630537,573.6260764762094,27720.003272105805,568.4166236984636,27720.003272105805,0.0,28549.941013062795,82.34791465937086,0.05202422424037955,0.04955631672337018
Tuebingen,80,721,0.3334,10746.21946608022,40071.53298674848,13591.094473882245,20338.093071630537,883.3516295792615,27720.003272105805,915.3186647305383,27720.003272105805,1.0,160735.9051713096,82.34791465937086,0.06492957798846319,0.04955631672337018
Tuebingen,81,365,0.3333,2217.588795015638,5362.453366066481,2063.0756855987943,5379.290195718443,237.44311467301725,7083.201361235072,236.2701797502441,7083.201361235072,0.0,29.73117522848812,2.282648460811713,0.04868826825899265,0.027504497999741136
Tuebingen,82,365,0.3333,2242.3382464934457,5377.182290877563,2692.7374292368113,6418.653141029671,204.68718753369774,7083.201361235072,218.19475460509787,7083.201361235072,1.0,53.35823317067575,3.337344079407893,0.04927952834383313,0.053655183082459625
Tuebingen,83,365,0.3334,1348.6274048293467,5581.744928605291,2712.9265479677456,8592.114629189251,111.62918551151925,7083.201361235072,115.48360560011432,7083.201361235072,1.0,94.80142818433166,4.232180729212104,0.0365941189176299,0.053404389522332174
Tuebingen,84,3102,1.0,4292.271340249569,368846.2091164773,4086.698627099552,368576.1652886305,737.1330699312614,511388.26788330526,736.8902101873596,511388.26788330526,0.0,1.711523595774645,1.8140499927256568,0.013364682177585562,0.014324320213617084
Tuebingen,85,994,1.0,59558.737758529176,70578.87006539125,34090.86732257447,37794.05633742049,3851.649212672983,52460.535578221745,4039.102973016328,52460.535578221745,1.0,16.25,0.10846873190855394,0.09615384615384615,0.023685197813903828
Tuebingen,86,666,1.0,12664.694164025648,24970.321437432463,11769.050617045377,22282.62320489244,1015.0943306432123,23553.9475938381,1007.1206440193225,23553.9475938381,0.0,74.58325217109001,5005.812526490454,0.012912612910507274,0.022186426710207003
Tuebingen,87,7753,1.0,2807858.8199476674,2374438.8766820626,24867793.55122534,19802156.37430497,219643.78400947942,3193265.0154647413,208499.71577032146,3193265.0154647413,1.0,44.25988553828928,77.47214897653694,0.01897212707769731,0.006766717527865921
Tuebingen,88,261,1.0,2124.7408532229183,2987.13527233892,2066.0433763988513,2847.2978596626535,180.56529838345358,3644.543359059402,195.16040270955028,3644.543359059402,1.0,18.380583960893116,0.0021443650786472394,0.07409658437245904,0.03207399101061436
Tuebingen,89,131,0.25,388.1680119894645,782.2296271631611,337.51618916536006,772.0109773604706,35.637162625781414,926.4863307071964,33.935373171527985,926.4863307071963,0.0,6.952293646640639,19.09944555121596,0.027500073757527943,0.036262302820313105
Tuebingen,90,126,0.25,508.9607158231323,696.5495653830346,519.9821579292924,729.2285379784485,49.18165197458126,845.6445092729682,46.79121607786787,845.6445092729682,0.0,17.06697972461577,38.63449221292591,0.03235550121042037,0.04013244666041909
Tuebingen,91,149,0.25,362.5466054008114,1610.6605576728311,298.99536675511695,983.0928306068029,27.837410847348753,1189.0148889831019,30.20934409606388,1189.0148889831019,1.0,40870.38809062654,95.87291127515702,0.08340895528699295,0.05948953505278442
Tuebingen,92,150,0.25,256.21629475379365,1623.8351255797054,164.99364747170466,1184.2313110185798,17.46452197275152,1197.13274956774,16.925693099807553,1197.13274956774,0.0,41070.437733333325,401.80129302848894,0.08381721986394557,0.04624431583597341
Tuebingen,93,432,1.0,1045.19247340707,7736.4402857676305,1360.653203789105,7795.493217310016,218.56140793726473,9949.831661842327,224.10725769222398,9949.831661842329,1.0,0.818110961778092,0.7365798155681547,0.017373174184153146,0.014085080009055957
Tuebingen,94,9504,0.3333,3673335.112017632,4021602.7726366143,3790085.3277297327,3643004.472589211,367799.1338291491,4798699.036718188,397197.86359307746,4798699.036718188,1.0,47.916666666666664,103.17307682772147,0.09057971014492755,0.04496714921383776
Tuebingen,95,9504,0.3333,3389828.5011787107,4021602.7726366143,3429194.5685208477,3446609.5410602503,314309.8017233158,4798699.036718188,373722.23137343663,4798699.036718188,1.0,47.916666666666664,2906.2846059218105,0.09057971014492755,0.014105059164437998
Tuebingen,96,9504,0.3333,2349158.0009651617,3643004.472589211,2387564.851563818,3446609.5410602503,267098.5611848081,4798699.036718188,297150.8483688445,4798699.036718188,1.0,103.17307682772147,2906.2846059218105,0.04496714921383776,0.014105059164437998
Tuebingen,97,202,0.2,3049.3034999088372,3642.5500521562326,1278.3320923087012,1701.029297949724,147.00150298793505,2197.7541699002186,140.6688696273505,2197.7541699002186,0.0,4.292046694757911e-08,1.2675561770189008e-07,0.03456563873614487,0.052467329160508426
Tuebingen,98,94,0.2,49.20173785282965,805.7206058138222,25.32397142298057,446.35556744960417,3.814918559557701,477.37292060506877,3.850835596717129,477.37292060506877,0.7,1.5993420780004092e-06,1.2883565779858372e-07,0.055824310679295844,0.06425561690345263
Tuebingen,99,2287,1.0,354691.5318047502,405981.9472252339,187676.98261262706,213426.82181378262,19700.103299347636,277900.0076221222,19803.604504895,277900.0076221222,0.5,118.92748217190797,81.03073568996757,0.07432967635744246,0.03374874456058624
Tuebingen,100,209,1.0,1013.0509353289837,2538.2371101607887,886.2593316198521,1871.677320979901,79.58165240414613,2349.742750405845,93.11768011016153,2349.7427504058446,1.0,1.0720533329789976,1.0937519776639637,0.05341440863374136,0.03959567953835345
Tuebingen,101,300,0.5,57.606603201854824,6362.378926765995,52.00081529799344,5183.357368648948,7.204932518424723,4788.025565736293,7.360323932068988,4788.025565736293,0.9,7075.878622222223,682.4878222222222,0.10881781810414798,0.0881311753902663
Tuebingen,102,109,0.2,467.04485696695883,833.1677884814061,338.8162260500609,575.5263442775141,26.002421105452655,632.7357227220359,30.303378691768444,632.7357227220359,1.0,39722.148135678806,615.6236007070111,0.041785297184146024,0.07949684926485165
Tuebingen,103,109,0.2,879.490301043255,833.1677884814061,428.238247240945,512.3101413782658,45.60216929094062,632.7357227220359,43.76517100019764,632.7357227220359,0.1,39722.148135678806,147.25629155794968,0.041785297184146024,0.03710161036985378
Tuebingen,104,109,0.2,403.07477447706947,575.5263442775141,334.0739911033986,512.3101413782658,42.74586635239751,632.7357227220359,38.43431664733639,632.7357227220359,0.0,615.6236007070111,147.25629155794968,0.07949684926485165,0.03710161036985378
Tuebingen,106,114,1.0,22.388781088583762,603.4051012951167,86.6130518231181,710.6515139700319,7.353565386326654,702.9078062650877,8.022329263173516,702.9078062650877,1.0,6073.179516774393,2097301.0228531854,0.03094629535322163,0.026288350700956985
Tuebingen,108,112,1.0,150.90088157236946,532.853828806591,66.87647963908259,722.9782025335603,9.069752221828093,670.4172568584222,6.037502608862928,670.4172568584222,0.0,1.9109604272959178,3915.532844387755,0.08259648027523725,0.016577473134124856
