benchmark,pair_id,n,weight,qpek_fwd,qpek_bwd,qpek
AN,1,1000,1.0,-0.4538279624048531,-11.902214280194313,11.44838631778946
AN,2,1000,1.0,-1.398432793796998,-1.3854356574821174,-0.012997136314880642
AN,3,1000,1.0,-0.987388095669268,-4.326152391401225,3.3387642957319565
AN,4,1000,1.0,-0.8640807412036662,-6.266391366616733,5.402310625413067
AN,5,1000,1.0,-0.813594288466035,-7.371812193496799,6.558217905030764
AN,6,1000,1.0,-0.5310274556225231,-9.726832585846944,9.195805130224421
AN,7,1000,1.0,-0.44412543810580357,-8.514030727547553,8.06990528944175
AN,8,1000,1.0,-0.645071684818558,-13.171362654525742,12.526290969707183
AN,9,1000,1.0,-0.6328939812108854,-34.65317182704574,34.020277845834855
AN,10,1000,1.0,-0.3180141261822632,-19.73035170927013,19.41233758308787
AN,11,1000,1.0,-0.31614983127988766,-34.87502358907011,34.558873757790224
AN,12,1000,1.0,-0.7253291689289803,-2.01499382125638,1.2896646523273996
AN,13,1000,1.0,-0.6058902636122976,-9.799832909363714,9.193942645751417
AN,14,1000,1.0,-0.7042196828547558,-9.160441967788806,8.45622228493405
AN,15,1000,1.0,-0.7862289338036976,-8.488829178985165,7.7026002451814675
AN,16,1000,1.0,-1.1672657933992598,-4.213633298045494,3.046367504646234
AN,17,1000,1.0,-0.6054591909386648,-6.887587384098557,6.282128193159893
AN,18,1000,1.0,-0.34530236752801585,-0.7009478107317214,0.35564544320370556
AN,19,1000,1.0,-0.570940582011233,-3.059943020799087,2.489002438787854
AN,20,1000,1.0,-0.8612766517016954,-6.653408307934048,5.792131656232352
AN,21,1000,1.0,-0.41697566677171227,-2.6726971976753284,2.255721530903616
AN,22,1000,1.0,-0.44299449042685424,-1.6462185730298777,1.2032240826030236
AN,23,1000,1.0,-0.30788557909940034,-17.935264826059544,17.627379246960142
AN,24,1000,1.0,-0.36450286952218103,-57.685590937813416,57.32108806829123
AN,25,1000,1.0,-0.5739832271675648,-42.95906961642345,42.38508638925588
AN,26,1000,1.0,-1.557593009970037,-19.197719554277704,17.640126544307666
AN,27,1000,1.0,-0.5083715840279204,-2.279385890992917,1.7710143069649968
AN,28,1000,1.0,-0.48700925128318884,-3.6272281322259388,3.14021888094275
AN,29,1000,1.0,-0.43711553102877587,-8.610557825449074,8.1734422944203
AN,30,1000,1.0,-0.7786334443530825,-71.62001887601824,70.84138543166516
AN,31,1000,1.0,-0.3912815110868663,-8.243180415812887,7.851898904726021
AN,32,1000,1.0,-0.38646131262654765,-12.681438054577118,12.29497674195057
AN,33,1000,1.0,-1.1316645487224235,-3.4264891061597758,2.2948245574373525
AN,34,1000,1.0,-0.9028695811685121,-5.631598351285877,4.728728770117365
AN,35,1000,1.0,-0.5806012581139455,-24.26202428210222,23.681423023988277
AN,36,1000,1.0,-0.3411437764740751,-8.918723775588909,8.577579999114834
AN,37,1000,1.0,-0.623966935981034,-24.20497822279318,23.581011286812146
AN,38,1000,1.0,-0.7985978679747888,-10.945746366479128,10.14714849850434
AN,39,1000,1.0,-1.6840496291197027,-5.500814793370172,3.8167651642504694
AN,40,1000,1.0,-0.6436073805838524,-15.118197175035538,14.474589794451687
AN,41,1000,1.0,-1.3221423143688167,-34.180318795307784,32.858176480938965
AN,42,1000,1.0,-0.3476168628827043,-6.173181094425572,5.8255642315428675
AN,43,1000,1.0,-0.5851675717734224,-6.653662197756191,6.068494625982768
AN,44,1000,1.0,-0.44645427469374405,-23.047471274678394,22.60101699998465
AN,45,1000,1.0,-0.5787419473477493,-16.257551783819906,15.678809836472157
AN,46,1000,1.0,-0.8881779905758164,-3.632613194193626,2.74443520361781
AN,47,1000,1.0,-1.0625181478009513,-12.466524409780323,11.404006261979372
AN,48,1000,1.0,-1.0697575145834384,-12.038143486532697,10.968385971949258
AN,49,1000,1.0,-0.3178557688457283,-13.760942243348092,13.443086474502364
AN,50,1000,1.0,-0.37635008670913195,-2.383153343823627,2.006803257114495
AN,51,1000,1.0,-1.0499246076858106,-3.6258476274833997,2.575923019797589
AN,52,1000,1.0,-1.3004145925670523,-16.371471505585728,15.071056913018676
AN,53,1000,1.0,-0.6636401086305244,-33.32138876351484,32.657748654884315
AN,54,1000,1.0,-0.6118028650094808,-8.406400764212336,7.794597899202855
AN,55,1000,1.0,-0.8358241790048263,-11.530778407516069,10.694954228511243
AN,56,1000,1.0,-0.8491708683587234,-13.122665092978446,12.273494224619723
AN,57,1000,1.0,-0.8010426365371369,-3.484517286571731,2.683474650034594
AN,58,1000,1.0,-0.6569618141999113,-3.5640944797856564,2.907132665585745
AN,59,1000,1.0,-0.47266048787913884,-1.2425567550228593,0.7698962671437205
AN,60,1000,1.0,-1.1511516620315994,-2.279147285318228,1.1279956232866288
AN,61,1000,1.0,-0.20671816288758754,-2.543138851479122,2.336420688591535
AN,62,1000,1.0,-1.5497881461819492,-7.760552165276105,6.210764019094157
AN,63,1000,1.0,-2.1734491075829334,-2.960708277887691,0.7872591703047576
AN,64,1000,1.0,-0.5249214502414128,-18.853117280434105,18.328195830192694
AN,65,1000,1.0,-0.4002578703364364,-66.62337932645565,66.22312145611922
AN,66,1000,1.0,-0.6971987576892414,-7.582052100669776,6.884853342980534
AN,67,1000,1.0,-0.6015826801484044,-14.28902983844645,13.687447158298045
AN,68,1000,1.0,-1.6608575687750509,-7.439324593383176,5.778467024608125
AN,69,1000,1.0,-0.8417024409178756,-20.667044998144036,19.82534255722616
AN,70,1000,1.0,-1.1368365792401018,-12.159088573497575,11.022251994257473
AN,71,1000,1.0,-0.6466034524264594,-11.865933595086904,11.219330142660445
AN,72,1000,1.0,-1.8328740969334105,-25.70700670280477,23.87413260587136
AN,73,1000,1.0,-0.8864641394977009,-9.805576476723711,8.91911233722601
AN,74,1000,1.0,-0.8602043050910513,-39.99459061677434,39.134386311683286
AN,75,1000,1.0,-0.929373813084079,-25.040071911249274,24.110698098165194
AN,76,1000,1.0,-0.6139612687850925,-9.96778954769928,9.353828278914188
AN,77,1000,1.0,-0.5915117064181862,-24.368241404565154,23.77672969814697
AN,78,1000,1.0,-0.9511138263271295,-9.245909851410286,8.294796025083157
AN,79,1000,1.0,-0.9296366364555884,-4.2829948421401145,3.3533582056845264
AN,80,1000,1.0,-0.5862045559541162,-6.166214108331822,5.580009552377706
AN,81,1000,1.0,-0.33934058818523777,-27.854311800882574,27.514971212697336
AN,82,1000,1.0,-1.4631128550511525,-4.325633540890616,2.8625206858394634
AN,83,1000,1.0,-0.38487763579881074,-10.86297965521432,10.478102019415509
AN,84,1000,1.0,-0.6254566493519282,-72.48341439234868,71.85795774299675
AN,85,1000,1.0,-0.6155655861376335,-2.5077522929352702,1.8921867067976368
AN,86,1000,1.0,-0.31031149339804076,-4.298137484266426,3.987825990868385
AN,87,1000,1.0,-3.2557170818174868,-8.884743443889835,5.629026362072349
AN,88,1000,1.0,-0.23039498059089233,-24.696882509763174,24.466487529172284
AN,89,1000,1.0,-0.21291039638177583,-1701.5123936112839,1701.299483214902
AN,90,1000,1.0,-0.9182337843141678,-6.495146119169414,5.576912334855246
AN,91,1000,1.0,-0.9971852181393824,-4.51716308246069,3.5199778643213073
AN,92,1000,1.0,-1.2213943329083452,-6.6145697971701,5.393175464261755
AN,93,1000,1.0,-0.20270109671469855,-3.633235356714735,3.4305342600000364
AN,94,1000,1.0,-1.0520865436576092,-17.173062914294245,16.120976370636637
AN,95,1000,1.0,-0.4691496460619051,-5.306599583777754,4.837449937715849
AN,96,1000,1.0,-1.0179913234324207,-6.082761005862147,5.064769682429726
AN,97,1000,1.0,-1.043905547850103,-37.6823536065328,36.6384480586827
AN,98,1000,1.0,-0.657116688297189,-3.6932528767534003,3.0361361884562115
AN,99,1000,1.0,-0.35412538506086155,-32.589154758903895,32.235029373843034
AN,100,1000,1.0,-0.5468563352346545,-1.7556416482367392,1.2087853130020847
AN-s,1,1000,1.0,-0.5742356250104323,-0.5352932211590332,-0.03894240385139913
AN-s,2,1000,1.0,-0.27769722950014086,-0.58712094426534,0.30942371476519914
AN-s,3,1000,1.0,-0.3878281022218222,-0.38476209585279864,-0.003066006369023544
AN-s,4,1000,1.0,-0.45641997771259846,-0.2665319646568526,-0.18988801305574587
AN-s,5,1000,1.0,-0.3110347491036796,-0.550889590247529,0.23985484114384942
AN-s,6,1000,1.0,-0.39185961969490596,-0.3200438806502594,-0.07181573904464655
AN-s,7,1000,1.0,-0.3321863395474621,-0.39125125504715746,0.05906491549969539
AN-s,8,1000,1.0,-0.21878827048055888,-0.6574575487954772,0.43866927831491836
AN-s,9,1000,1.0,-0.286373861834013,-0.4470358025317804,0.1606619406977674
AN-s,10,1000,1.0,-0.3022336669036128,-0.4230637397623741,0.1208300728587613
AN-s,11,1000,1.0,-0.3463461484491078,-0.2929777360981659,-0.05336841235094192
AN-s,12,1000,1.0,-0.31416302352422254,-0.4805376949079335,0.16637467138371098
AN-s,13,1000,1.0,-0.724563695647791,-0.6988008713851318,-0.02576282426265919
AN-s,14,1000,1.0,-0.8723877771045563,-1.408454422405562,0.5360666453010057
AN-s,15,1000,1.0,-0.2342671838215721,-0.42087813035303023,0.18661094653145813
AN-s,16,1000,1.0,-0.29634412928552956,-0.39695558997111674,0.10061146068558718
AN-s,17,1000,1.0,-0.22066935501914756,-0.5049506282585232,0.2842812732393757
AN-s,18,1000,1.0,-0.26082793723315,-0.4326469534096917,0.17181901617654172
AN-s,19,1000,1.0,-0.29575816847802355,-0.2933368199541169,-0.00242134852390663
AN-s,20,1000,1.0,-0.4593725985153128,-0.43536460683073785,-0.02400799168457496
AN-s,21,1000,1.0,-0.3449852430336421,-0.40429341414142284,0.05930817110778075
AN-s,22,1000,1.0,-0.3249762530038381,-0.903679507194226,0.5787032541903878
AN-s,23,1000,1.0,-0.27339562327968564,-0.4205096932973763,0.14711407001769067
AN-s,24,1000,1.0,-0.266257271152173,-0.37308464431269905,0.10682737316052604
AN-s,25,1000,1.0,-0.47591974717406005,-0.5133302383294704,0.0374104911554104
AN-s,26,1000,1.0,-0.48184881719501826,-0.5369199737887739,0.05507115659375561
AN-s,27,1000,1.0,-0.5077006624996643,-2.5461874434670344,2.03848678096737
AN-s,28,1000,1.0,-0.46790580508223656,-0.7056782027079531,0.23777239762571656
AN-s,29,1000,1.0,-0.2714421671944556,-0.571128844131496,0.29968667693704043
AN-s,30,1000,1.0,-0.27954417247361213,-0.46156146432469003,0.1820172918510779
AN-s,31,1000,1.0,-0.4889327374189252,-0.5636715644687805,0.07473882704985535
AN-s,32,1000,1.0,-0.26782762772030677,-0.523430189767401,0.2556025620470942
AN-s,33,1000,1.0,-0.42495531222982574,-0.7237677634097814,0.2988124511799557
AN-s,34,1000,1.0,-0.33144992015521113,-0.3786144132023083,0.04716449304709719
AN-s,35,1000,1.0,-0.21383277124890032,-0.48423502453297207,0.27040225328407175
AN-s,36,1000,1.0,-0.5899404275710186,-0.6285749750356022,0.03863454746458361
AN-s,37,1000,1.0,-0.2952691321959967,-0.4902144722274969,0.1949453400315002
AN-s,38,1000,1.0,-0.26520068603156627,-0.37268211947860286,0.10748143344703659
AN-s,39,1000,1.0,-0.18886079210769077,-0.5396736293951265,0.35081283728743573
AN-s,40,1000,1.0,-0.436052257255104,-0.47881658018164286,0.04276432292653887
AN-s,41,1000,1.0,-0.2673620086473433,-0.4186361901609465,0.15127418151360322
AN-s,42,1000,1.0,-0.20072152985729264,-0.4445215515168363,0.24380002165954368
AN-s,43,1000,1.0,-0.41627951367347854,-0.4392424949700618,0.02296298129658325
AN-s,44,1000,1.0,-0.5719428655101046,-0.3465480783962795,-0.22539478711382516
AN-s,45,1000,1.0,-0.31831061511539016,-0.4658093032989664,0.14749868818357625
AN-s,46,1000,1.0,-0.6551411125740506,-0.7665575493630014,0.11141643678895075
AN-s,47,1000,1.0,-0.32641135435770385,-0.5552431221508388,0.22883176779313497
AN-s,48,1000,1.0,-0.3017025653734541,-0.3978587528423718,0.09615618746891774
AN-s,49,1000,1.0,-0.3883616907658571,-0.6529037251535996,0.26454203438774254
AN-s,50,1000,1.0,-0.2453211424158835,-0.3305059652718082,0.08518482285592471
AN-s,51,1000,1.0,-0.24612547377682664,-0.31563541119261396,0.06950993741578732
AN-s,52,1000,1.0,-0.36295242043182496,-0.7761779847991909,0.4132255643673659
AN-s,53,1000,1.0,-0.34565431030275173,-0.3248913543684896,-0.02076295593426214
AN-s,54,1000,1.0,-0.3343195861339253,-0.3784112980119649,0.04409171187803956
AN-s,55,1000,1.0,-0.37022255884110805,-0.774667045716131,0.40444448687502293
AN-s,56,1000,1.0,-0.26009396006803176,-0.5739524090454763,0.3138584489774445
AN-s,57,1000,1.0,-0.2657987989896991,-0.6780503873833752,0.4122515883936761
AN-s,58,1000,1.0,-0.2726251450796079,-0.353448475697787,0.08082333061817909
AN-s,59,1000,1.0,-0.4139345223145245,-0.5912992571303972,0.17736473481587273
AN-s,60,1000,1.0,-0.2545599011985532,-0.3052951228245544,0.05073522162600119
AN-s,61,1000,1.0,-0.3444324961693243,-0.6911823107508528,0.3467498145815285
AN-s,62,1000,1.0,-0.22547996746424012,-0.6212736956221904,0.3957937281579502
AN-s,63,1000,1.0,-0.5368839042032866,-0.6360037695213285,0.09911986531804196
AN-s,64,1000,1.0,-0.41249530501073145,-0.3674156455033827,-0.04507965950734877
AN-s,65,1000,1.0,-0.309976986017573,-0.45501439994181814,0.14503741392424513
AN-s,66,1000,1.0,-0.28714052731504053,-0.4867994479425688,0.19965892062752827
AN-s,67,1000,1.0,-0.4318563492428174,-0.56820764884711,0.13635129960429254
AN-s,68,1000,1.0,-0.2396523866093742,-0.4836648725215388,0.24401248591216457
AN-s,69,1000,1.0,-0.15746977740635304,-0.29780828507441015,0.1403385076680571
AN-s,70,1000,1.0,-0.3410553124933826,-0.43089873907338766,0.08984342658000505
AN-s,71,1000,1.0,-0.4356957769975729,-0.5012848991075322,0.06558912210995926
AN-s,72,1000,1.0,-0.3432553968764249,-0.35543587484421996,0.012180477967795034
AN-s,73,1000,1.0,-0.30631193197390455,-0.470396346230082,0.16408441425617742
AN-s,74,1000,1.0,-0.18205394628150823,-0.334694413381116,0.15264046709960777
AN-s,75,1000,1.0,-0.31935222891770515,-0.3290724809126128,0.00972025199490767
AN-s,76,1000,1.0,-0.20881861421445858,-0.3299634449717492,0.1211448307572906
AN-s,77,1000,1.0,-0.42148293670604636,-0.4512060167499869,0.02972308004394053
AN-s,78,1000,1.0,-0.2937377146267911,-0.7376955286406303,0.44395781401383916
AN-s,79,1000,1.0,-0.5552102246182404,-0.5566966130821943,0.0014863884639538805
AN-s,80,1000,1.0,-0.24447026105396602,-0.35184737677181654,0.10737711571785052
AN-s,81,1000,1.0,-0.41725438693395833,-1.0486282753793823,0.631373888445424
AN-s,82,1000,1.0,-0.17684759240406406,-0.3526567212772044,0.17580912887314032
AN-s,83,1000,1.0,-0.6067628861970099,-0.6247620184341588,0.017999132237148885
AN-s,84,1000,1.0,-0.4127252132027306,-0.5949082580195914,0.18218304481686076
AN-s,85,1000,1.0,-0.30398443088261395,-0.5073705864827496,0.20338615560013562
AN-s,86,1000,1.0,-0.3152066496895253,-0.6003295637475007,0.2851229140579754
AN-s,87,1000,1.0,-0.2276296374447231,-0.44607845736469826,0.21844881991997517
AN-s,88,1000,1.0,-0.6864993160980224,-0.46121582931669647,-0.22528348678132593
AN-s,89,1000,1.0,-0.795357649888203,-1.6135655198874868,0.8182078699992837
AN-s,90,1000,1.0,-0.2866142954659696,-0.3626384905876288,0.0760241951216592
AN-s,91,1000,1.0,-0.4391199466376607,-0.7463218897713775,0.3072019431337168
AN-s,92,1000,1.0,-0.190303412986722,-0.38562814204048784,0.19532472905376586
AN-s,93,1000,1.0,-0.2071050957825132,-0.3536031783905304,0.1464980826080172
AN-s,94,1000,1.0,-0.4021845561808994,-0.4844440915697331,0.08225953538883374
AN-s,95,1000,1.0,-0.5554657469937875,-2.476296735969334,1.9208309889755464
AN-s,96,1000,1.0,-0.23156919816761556,-0.4728004858564455,0.24123128768882995
AN-s,97,1000,1.0,-0.6145347816447673,-1.4628061346514765,0.8482713530067092
AN-s,98,1000,1.0,-0.2598453968772195,-0.4176446793835584,0.1577992825063389
AN-s,99,1000,1.0,-0.2745210762368374,-0.7507790124607281,0.4762579362238907
AN-s,100,1000,1.0,-0.443924107043303,-0.8786837182420826,0.4347596111987796
LS,1,1000,1.0,-0.568905420432275,-8.550637763612368,7.981732343180093
LS,2,1000,1.0,-0.6731099803683017,-14.829252303912341,14.156142323544039
LS,3,1000,1.0,-0.3965521691097926,-4.9972291818756105,4.600677012765818
LS,4,1000,1.0,-0.8016380946373903,-7.71239123679227,6.91075314215488
LS,5,1000,1.0,-0.7852156919854665,-7.240823224324224,6.455607532338758
LS,6,1000,1.0,-0.3111599059537994,-7.675169519297285,7.364009613343486
LS,7,1000,1.0,-0.6166121746069552,-4.861375541686565,4.244763367079609
LS,8,1000,1.0,-0.8805262632728711,-180.39830902901758,179.5177827657447
LS,9,1000,1.0,-0.6044165331594634,-31.82785787963683,31.22344134647737
LS,10,1000,1.0,-0.7263344676536407,-5.315668532467752,4.589334064814111
LS,11,1000,1.0,-1.1389462871342322,-12.068684407957637,10.929738120823405
LS,12,1000,1.0,-1.1280051642911793,-10.548617299793813,9.420612135502633
LS,13,1000,1.0,-0.5558744242679656,-2.48052544211411,1.9246510178461442
LS,14,1000,1.0,-0.3735054563998267,-19.96417811770885,19.590672661309025
LS,15,1000,1.0,-0.7085574521796251,-2.1957074870482383,1.487150034868613
LS,16,1000,1.0,-0.7191174112626089,-5.089905393042416,4.370787981779808
LS,17,1000,1.0,-1.3547044351209705,-7.402702108229702,6.047997673108732
LS,18,1000,1.0,-0.59928002670035,-2.687914187620567,2.0886341609202175
LS,19,1000,1.0,-0.5509368574654933,-4.84620412397074,4.295267266505246
LS,20,1000,1.0,-0.986658564056842,-19.684106871269734,18.69744830721289
LS,21,1000,1.0,-1.0496317436040372,-5.488254296741058,4.438622553137021
LS,22,1000,1.0,-0.794135069664845,-4.671937547748494,3.877802478083649
LS,23,1000,1.0,-1.6414741804823678,-27.02684668195504,25.38537250147267
LS,24,1000,1.0,-0.631092847001303,-7.911099742187029,7.280006895185727
LS,25,1000,1.0,-0.5045096148232089,-25.543248048753973,25.038738433930764
LS,26,1000,1.0,-0.7896797612335041,-2.48077362616091,1.6910938649274057
LS,27,1000,1.0,-0.5433709550392356,-7.3610964374064976,6.817725482367262
LS,28,1000,1.0,-0.7185687546336064,-7.076602623552501,6.358033868918894
LS,29,1000,1.0,-0.7232673862556258,-2.1146170937334405,1.3913497074778147
LS,30,1000,1.0,-1.1072910933632745,-4.922389409868353,3.815098316505079
LS,31,1000,1.0,-0.8197229635409083,-4.994651241696392,4.174928278155484
LS,32,1000,1.0,-1.225002192865359,-7.585696417197821,6.360694224332462
LS,33,1000,1.0,-0.5590536794309336,-16.070877772612167,15.511824093181234
LS,34,1000,1.0,-0.8160232974724607,-8.750294980678024,7.934271683205564
LS,35,1000,1.0,-1.4134743201672895,-8.246675459007225,6.833201138839936
LS,36,1000,1.0,-0.862322819355953,-1.678416655171651,0.816093835815698
LS,37,1000,1.0,-0.36973598961545606,-6.476015767939332,6.106279778323876
LS,38,1000,1.0,-0.3741924547122187,-10.118986443999647,9.744793989287428
LS,39,1000,1.0,-1.1977413235243648,-4.234731244302493,3.036989920778128
LS,40,1000,1.0,-0.9850600362817851,-5.881041539808477,4.895981503526691
LS,41,1000,1.0,-1.101304759824682,-4.704515113247774,3.6032103534230915
LS,42,1000,1.0,-0.3539328456857821,-1.5765772672769462,1.222644421591164
LS,43,1000,1.0,-1.7191673915218035,-4.266056677125028,2.5468892856032244
LS,44,1000,1.0,-0.340044910678112,-18.068911253885897,17.728866343207784
LS,45,1000,1.0,-0.42733297410354715,-4.817497745280477,4.39016477117693
LS,46,1000,1.0,-0.43026393571357346,-5.5236128377757465,5.093348902062173
LS,47,1000,1.0,-1.0662681252250656,-7.522478547404506,6.45621042217944
LS,48,1000,1.0,-0.39537936834036486,-53.791471846566765,53.3960924782264
LS,49,1000,1.0,-1.0329294405959921,-2.598713630095954,1.565784189499962
LS,50,1000,1.0,-1.0814454894673928,-5.131325360107895,4.049879870640503
LS,51,1000,1.0,-0.7104847052547805,-1.8664524482328642,1.1559677429780837
LS,52,1000,1.0,-0.7601311882789679,-13.961930476035846,13.201799287756877
LS,53,1000,1.0,-0.481465674458045,-1.3121298724841153,0.8306641980260703
LS,54,1000,1.0,-0.9944706789045282,-2.7731716591648268,1.7787009802602984
LS,55,1000,1.0,-0.770374253530209,-19.049143178158563,18.278768924628352
LS,56,1000,1.0,-1.0264450806970722,-18.13951301845477,17.113067937757698
LS,57,1000,1.0,-0.872641671061859,-8.739492550030764,7.866850878968905
LS,58,1000,1.0,-0.5553122932535688,-1.5513291099216564,0.9960168166680876
LS,59,1000,1.0,-1.4550652698563455,-10.667421308531056,9.21235603867471
LS,60,1000,1.0,-0.945284674378529,-2.899464883808548,1.9541802094300191
LS,61,1000,1.0,-1.0836327323517365,-3.3509713948706095,2.267338662518873
LS,62,1000,1.0,-1.741749806849565,-19.701953853135183,17.960204046285618
LS,63,1000,1.0,-1.1715215241815327,-11.84626270767266,10.674741183491127
LS,64,1000,1.0,-1.1428447745622345,-38.06415999639397,36.92131522183173
LS,65,1000,1.0,-0.7209370294542365,-3.2127768839122437,2.491839854458007
LS,66,1000,1.0,-1.0012846084561295,-23.45612397326044,22.45483936480431
LS,67,1000,1.0,-0.5437800300288942,-6.199140174648322,5.655360144619428
LS,68,1000,1.0,-0.7891813219914522,-14.059700192129336,13.270518870137884
LS,69,1000,1.0,-1.0306106560937638,-3.176897269334379,2.1462866132406155
LS,70,1000,1.0,-0.6388564872321312,-9.604269097894033,8.965412610661902
LS,71,1000,1.0,-0.6893664145954473,-9.152823944481032,8.463457529885584
LS,72,1000,1.0,-0.7165488110881297,-6.868069999819146,6.151521188731016
LS,73,1000,1.0,-1.5727594457413112,-3.2990402954547045,1.7262808497133932
LS,74,1000,1.0,-0.6711667332633792,-1.627710986589543,0.9565442533261638
LS,75,1000,1.0,-0.8278203615772686,-43.04365318506454,42.215832823487276
LS,76,1000,1.0,-0.565726626894379,-50.71889698941514,50.15317036252076
LS,77,1000,1.0,-1.8244326235554122,-5.850346597334498,4.025913973779086
LS,78,1000,1.0,-0.6479283695997405,-27.098849828296995,26.450921458697255
LS,79,1000,1.0,-0.3779586783762182,-5.844676182733602,5.466717504357384
LS,80,1000,1.0,-0.8635352682560488,-6.902704982010216,6.039169713754167
LS,81,1000,1.0,-2.6486917714759537,-43.95985189167343,41.31116012019748
LS,82,1000,1.0,-0.6065174083175602,-16.059999627184347,15.453482218866787
LS,83,1000,1.0,-2.3446151280269283,-9.568818523644584,7.224203395617655
LS,84,1000,1.0,-1.066889958256632,-17.824046481652072,16.75715652339544
LS,85,1000,1.0,-0.6351737107134418,-4.295978481119828,3.6608047704063864
LS,86,1000,1.0,-0.6200636334264052,-12.778100598141041,12.158036964714636
LS,87,1000,1.0,-0.8707778859440832,-10.005885552082134,9.135107666138051
LS,88,1000,1.0,-0.6870719878549088,-6.223251484472167,5.536179496617258
LS,89,1000,1.0,-0.45882952794866716,-6.554310066340665,6.095480538391998
LS,90,1000,1.0,-0.6951235180201125,-4.215121825886067,3.5199983078659542
LS,91,1000,1.0,-0.6327103060485066,-23.156850433444824,22.52414012739632
LS,92,1000,1.0,-1.7347956616577842,-5.448614798092093,3.7138191364343087
LS,93,1000,1.0,-1.6529301483988514,-32.65034637781712,30.99741622941827
LS,94,1000,1.0,-1.8137424409920446,-13.224536493831172,11.410794052839128
LS,95,1000,1.0,-2.217763489540069,-7.4598699653623965,5.242106475822327
LS,96,1000,1.0,-1.091681366731505,-9.982932015028208,8.891250648296703
LS,97,1000,1.0,-0.4032530207917616,-2.8258864499616836,2.422633429169922
LS,98,1000,1.0,-0.9104023117896322,-1.8646791105767773,0.9542767987871451
LS,99,1000,1.0,-1.0368702467081232,-17.688036237104225,16.651165990396102
LS,100,1000,1.0,-0.49014343376656455,-3.10931466636741,2.6191712326008454
LS-s,1,1000,1.0,-0.2804770008899945,-0.38120778471042505,0.10073078382043055
LS-s,2,1000,1.0,-0.14697905528552024,-0.2906019715896341,0.14362291630411383
LS-s,3,1000,1.0,-0.43863562544566426,-1.0079401141427924,0.5693044886971281
LS-s,4,1000,1.0,-0.627740905866893,-0.3357910147979405,-0.2919498910689525
LS-s,5,1000,1.0,-0.2592638760005601,-0.4843538303218707,0.22508995432131057
LS-s,6,1000,1.0,-0.57467851436387,-0.6186310306523508,0.04395251628848085
LS-s,7,1000,1.0,-0.29604934595005744,-0.35420300103221847,0.058153655082161027
LS-s,8,1000,1.0,-0.2524475085247827,-0.5792040758489974,0.32675656732421465
LS-s,9,1000,1.0,-0.7956626341736277,-0.20408745921641863,-0.5915751749572091
LS-s,10,1000,1.0,-0.5718033774893184,-1.7191429129208562,1.1473395354315379
LS-s,11,1000,1.0,-0.35126685391738366,-0.3560053642844384,0.004738510367054749
LS-s,12,1000,1.0,-0.6328205866423404,-2.2443048959988703,1.6114843093565299
LS-s,13,1000,1.0,-0.5959188734203449,-4.023370846759795,3.4274519733394495
LS-s,14,1000,1.0,-0.46371194793711873,-0.3301477554648385,-0.13356419247228024
LS-s,15,1000,1.0,-0.3755031962026896,-0.5492190066284184,0.17371581042572876
LS-s,16,1000,1.0,-0.5729431227998931,-1.4970845669902555,0.9241414441903624
LS-s,17,1000,1.0,-0.3716677545787091,-1.3324860282490991,0.9608182736703901
LS-s,18,1000,1.0,-0.21692663761437156,-0.6111856390142629,0.39425900139989134
LS-s,19,1000,1.0,-0.7395175103098114,-0.6456300574736872,-0.09388745283612421
LS-s,20,1000,1.0,-0.33271107688785306,-0.5386550941668606,0.20594401727900757
LS-s,21,1000,1.0,-0.6329263316507316,-1.2626807783323175,0.6297544466815859
LS-s,22,1000,1.0,-0.43885309225851865,-1.422857101416199,0.9840040091576804
LS-s,23,1000,1.0,-0.6298463286473992,-0.5478440513121846,-0.08200227733521459
LS-s,24,1000,1.0,-0.6387042785897205,-0.9530934244808493,0.3143891458911289
LS-s,25,1000,1.0,-0.18379060248627355,-0.37006326481402835,0.1862726623277548
LS-s,26,1000,1.0,-0.3626714555712539,-0.3135142171505665,-0.04915723842068742
LS-s,27,1000,1.0,-0.2662014828942215,-0.4004994682573753,0.1342979853631538
LS-s,28,1000,1.0,-0.4583066744663437,-1.8223828012968621,1.3640761268305184
LS-s,29,1000,1.0,-0.31366108452080593,-0.7506363339241605,0.4369752494033546
LS-s,30,1000,1.0,-0.332840983430945,-0.36137345893275014,0.028532475501805155
LS-s,31,1000,1.0,-0.364062041524263,-0.8685276536891431,0.5044656121648801
LS-s,32,1000,1.0,-0.2975008699440416,-0.293797825051978,-0.003703044892063634
LS-s,33,1000,1.0,-0.28132715248477164,-0.5329999582727509,0.2516728057879793
LS-s,34,1000,1.0,-0.5930995587879492,-0.8021515723142609,0.20905201352631175
LS-s,35,1000,1.0,-0.4864456183778768,-3.261020621747293,2.7745750033694163
LS-s,36,1000,1.0,-0.5243870339798365,-0.2593066239390925,-0.26508041004074406
LS-s,37,1000,1.0,-0.18430655578171826,-0.3932942684205226,0.20898771263880436
LS-s,38,1000,1.0,-0.197087228241722,-0.2785597965026615,0.08147256826093949
LS-s,39,1000,1.0,-0.4359525092051821,-0.5994266270725613,0.16347411786737925
LS-s,40,1000,1.0,-0.18260469813239932,-0.3816342334054765,0.19902953527307715
LS-s,41,1000,1.0,-0.3547374350758127,-0.7487599167565457,0.39402248168073306
LS-s,42,1000,1.0,-0.47769773521377035,-0.6696966319194125,0.19199889670564219
LS-s,43,1000,1.0,-0.4373365184086085,-0.33879626317510103,-0.09854025523350746
LS-s,44,1000,1.0,-0.379405664940459,-0.31459012602102965,-0.06481553891942937
LS-s,45,1000,1.0,-0.2999556867498613,-0.40226829728149915,0.10231261053163787
LS-s,46,1000,1.0,-0.5705371440889161,-0.737511936503604,0.16697479241468793
LS-s,47,1000,1.0,-0.6234003506410859,-0.7827513052744097,0.15935095463332383
LS-s,48,1000,1.0,-0.27435273502290974,-0.4280265842031638,0.15367384918025406
LS-s,49,1000,1.0,-0.5378821107511971,-0.37451574774010593,-0.16336636301109114
LS-s,50,1000,1.0,-0.2779005797777915,-0.4947523225093048,0.2168517427315133
LS-s,51,1000,1.0,-0.4613585643508283,-0.24215361365462207,-0.2192049506962062
LS-s,52,1000,1.0,-0.3286847532838971,-0.5160010032880786,0.1873162500041815
LS-s,53,1000,1.0,-0.2470588968294407,-0.44886788114097315,0.20180898431153244
LS-s,54,1000,1.0,-0.5549563926440098,-0.3532503748665011,-0.20170601777750863
LS-s,55,1000,1.0,-0.47060816546540013,-1.2832182003075918,0.8126100348421916
LS-s,56,1000,1.0,-0.5137502702268394,-1.120990430369235,0.6072401601423957
LS-s,57,1000,1.0,-0.4709611548106639,-0.8584290327770482,0.38746787796638427
LS-s,58,1000,1.0,-0.25044983115917113,-0.4422746660163255,0.19182483485715435
LS-s,59,1000,1.0,-0.8550444307158657,-1.1183748797220254,0.26333044900615976
LS-s,60,1000,1.0,-0.21459278219320188,-0.3855215000380654,0.17092871784486352
LS-s,61,1000,1.0,-0.3442065371749147,-0.7116637811217558,0.3674572439468411
LS-s,62,1000,1.0,-0.3665117096760227,-0.4272033583017537,0.06069164862573101
LS-s,63,1000,1.0,-0.5739070565216309,-0.2745064722740091,-0.2994005842476218
LS-s,64,1000,1.0,-0.570196185231175,-1.8040709984788006,1.2338748132476256
LS-s,65,1000,1.0,-0.500358530011867,-0.6366255694930727,0.13626703948120567
LS-s,66,1000,1.0,-0.5464125336531611,-0.8069323991810773,0.2605198655279162
LS-s,67,1000,1.0,-0.46932311646969954,-0.5316962149723474,0.06237309850264788
LS-s,68,1000,1.0,-0.46174459993258943,-1.1015861307224468,0.6398415307898574
LS-s,69,1000,1.0,-0.17359449406226193,-0.48123525975739206,0.3076407656951301
LS-s,70,1000,1.0,-0.18849504003219036,-0.35984242751187046,0.1713473874796801
LS-s,71,1000,1.0,-0.34183348599743024,-0.4658155430842526,0.12398205708682236
LS-s,72,1000,1.0,-0.19905384448808655,-0.317596153777758,0.11854230928967147
LS-s,73,1000,1.0,-0.2838792170286136,-0.4883204678097924,0.2044412507811788
LS-s,74,1000,1.0,-0.25131079960441105,-0.24899408875041146,-0.002316710853999593
LS-s,75,1000,1.0,-0.22059804354882603,-0.5041189392026704,0.2835208956538443
LS-s,76,1000,1.0,-0.5012438953057062,-0.7290634214558724,0.2278195261501662
LS-s,77,1000,1.0,-0.8579640265868231,-1.3135460567399222,0.45558203015309906
LS-s,78,1000,1.0,-0.1822832045072299,-0.48172444257782854,0.29944123807059864
LS-s,79,1000,1.0,-0.30303021555980797,-0.34799676408105823,0.04496654852125026
LS-s,80,1000,1.0,-0.47753703375506706,-0.6988850864456306,0.22134805269056357
LS-s,81,1000,1.0,-0.2835028649132713,-0.320372885849916,0.03687002093664471
LS-s,82,1000,1.0,-0.20170097591602207,-0.28987387974813894,0.08817290383211687
LS-s,83,1000,1.0,-0.21002680921529254,-0.34431013191630366,0.13428332270101112
LS-s,84,1000,1.0,-0.38917170754985925,-0.2936788912933088,-0.09549281625655043
LS-s,85,1000,1.0,-0.5885572980800484,-6.1465842637001185,5.55802696562007
LS-s,86,1000,1.0,-0.4970856622512373,-0.9500026058370995,0.4529169435858622
LS-s,87,1000,1.0,-0.3501792068280664,-0.7879245746645744,0.437745367836508
LS-s,88,1000,1.0,-0.44095326242031196,-0.26721727296002806,-0.1737359894602839
LS-s,89,1000,1.0,-0.23094629535917366,-0.43107095981920923,0.20012466446003557
LS-s,90,1000,1.0,-0.21809282974458538,-0.3329144104981512,0.1148215807535658
LS-s,91,1000,1.0,-0.4667641767591246,-0.3674462300633543,-0.09931794669577032
LS-s,92,1000,1.0,-0.37073999174625805,-0.941380768890998,0.5706407771447399
LS-s,93,1000,1.0,-0.7254911536405617,-0.21818691996279838,-0.5073042336777633
LS-s,94,1000,1.0,-0.38623313108826407,-0.37998339727494745,-0.006249733813316616
LS-s,95,1000,1.0,-0.5578819613863897,-1.5967493829153367,1.038867421528947
LS-s,96,1000,1.0,-0.2191673545787987,-0.4611660067334368,0.24199865215463806
LS-s,97,1000,1.0,-0.4102909921172069,-0.8925517615941777,0.48226076947697083
LS-s,98,1000,1.0,-0.30738946845864507,-0.28625608284394893,-0.021133385614696132
LS-s,99,1000,1.0,-0.34078414507516225,-0.2934209284737489,-0.04736321660141335
LS-s,100,1000,1.0,-0.3150184477063131,-0.5368053373788613,0.22178688967254817
MN-U,1,1000,1.0,-0.42636784856625143,-0.9770059100965902,0.5506380615303388
MN-U,2,1000,1.0,-0.548502388970935,-0.8249463909791995,0.2764440020082646
MN-U,3,1000,1.0,-0.4007070353593445,-0.9222067696655964,0.521499734306252
MN-U,4,1000,1.0,-0.6568477384851164,-1.9476584348145392,1.2908106963294228
MN-U,5,1000,1.0,-0.4504177728443491,-0.6625149294710193,0.21209715662667022
MN-U,6,1000,1.0,-0.6456127269335037,-1.6261194740454925,0.9805067471119888
MN-U,7,1000,1.0,-0.2898581287396288,-0.6334588231688162,0.3436006944291874
MN-U,8,1000,1.0,-0.3747055139422088,-0.8094353271019683,0.4347298131597595
MN-U,9,1000,1.0,-0.2816184244257981,-1.5406631990618813,1.259044774636083
MN-U,10,1000,1.0,-0.3100137869948351,-1.2405458877528983,0.9305321007580631
MN-U,11,1000,1.0,-0.37420432236875084,-0.9358077204631334,0.5616033980943826
MN-U,12,1000,1.0,-0.3560194604838146,-1.0191591276601966,0.663139667176382
MN-U,13,1000,1.0,-0.3541347167044824,-0.8429434078471798,0.4888086911426974
MN-U,14,1000,1.0,-0.283001676902468,-0.5462828238662357,0.2632811469637677
MN-U,15,1000,1.0,-0.4181042151962197,-1.8172873605501194,1.3991831453538996
MN-U,16,1000,1.0,-0.3133644048790275,-1.0659773893453708,0.7526129844663433
MN-U,17,1000,1.0,-0.5054090474028062,-0.7987518924828348,0.2933428450800286
MN-U,18,1000,1.0,-0.3096352944471709,-0.7789248988564895,0.4692896044093186
MN-U,19,1000,1.0,-0.3837932086626695,-0.8082578180429408,0.4244646093802713
MN-U,20,1000,1.0,-0.34581613325848976,-0.9535917862340396,0.6077756529755498
MN-U,21,1000,1.0,-0.28396752265168257,-0.7417077987545341,0.4577402761028515
MN-U,22,1000,1.0,-0.436732908130511,-0.7830165202680933,0.3462836121375823
MN-U,23,1000,1.0,-0.40516429070200416,-0.9303877392348123,0.5252234485328082
MN-U,24,1000,1.0,-0.292573203201843,-0.8837608107469219,0.5911876075450789
MN-U,25,1000,1.0,-0.34836470120810575,-1.0580548279418303,0.7096901267337246
MN-U,26,1000,1.0,-0.28097458138316544,-0.7380525757029772,0.4570779943198118
MN-U,27,1000,1.0,-0.2402466932364986,-2.327294660554428,2.087047967317929
MN-U,28,1000,1.0,-0.5058062875281081,-1.824587974954719,1.3187816874266107
MN-U,29,1000,1.0,-0.42710687848528284,-0.6422474264430542,0.21514054795777138
MN-U,30,1000,1.0,-0.4004375648587996,-1.0957565978779407,0.695319033019141
MN-U,31,1000,1.0,-0.2991669297857649,-1.0383617558614608,0.739194826075696
MN-U,32,1000,1.0,-0.30575244314828653,-0.6075349768371264,0.3017825336888399
MN-U,33,1000,1.0,-0.4352377446801238,-0.7648438451078764,0.3296061004277526
MN-U,34,1000,1.0,-0.44230888796601475,-0.6755921059627131,0.23328321799669838
MN-U,35,1000,1.0,-0.35327213360903525,-0.7595625541965656,0.40629042058753034
MN-U,36,1000,1.0,-0.3457165461340014,-0.873410380705888,0.5276938345718866
MN-U,37,1000,1.0,-0.3285709702095879,-1.5502123950099653,1.2216414248003775
MN-U,38,1000,1.0,-0.31179752342519973,-1.3577594170331206,1.045961893607921
MN-U,39,1000,1.0,-0.2547346161052936,-0.7793821069566533,0.5246474908513598
MN-U,40,1000,1.0,-0.29609035520608734,-0.7667999880462423,0.47070963284015493
MN-U,41,1000,1.0,-0.3570551647868304,-0.8452688706896515,0.4882137059028211
MN-U,42,1000,1.0,-0.29322692346320517,-0.6422838369149807,0.34905691345177553
MN-U,43,1000,1.0,-0.3853326636298452,-1.075450019201592,0.6901173555717467
MN-U,44,1000,1.0,-0.3369796999192456,-0.7031315463763053,0.36615184645705967
MN-U,45,1000,1.0,-0.40349236318622206,-0.7745409533887174,0.37104859020249537
MN-U,46,1000,1.0,-0.34396146343815076,-0.6345277166406578,0.290566253202507
MN-U,47,1000,1.0,-0.37012615430100543,-0.6072845781813028,0.23715842388029734
MN-U,48,1000,1.0,-0.40670928110455096,-1.2899131939111175,0.8832039128065665
MN-U,49,1000,1.0,-0.3558706822599059,-0.7942366426001108,0.4383659603402049
MN-U,50,1000,1.0,-0.3395247210905793,-1.1426065142934019,0.8030817932028226
MN-U,51,1000,1.0,-0.31767160778196546,-1.29510387060286,0.9774322628208945
MN-U,52,1000,1.0,-0.330998047213434,-0.9850211443619397,0.6540230971485057
MN-U,53,1000,1.0,-0.45786236977525396,-1.3013089977763708,0.8434466280011168
MN-U,54,1000,1.0,-0.4554663793869915,-1.178399232788374,0.7229328534013826
MN-U,55,1000,1.0,-0.29707026102767153,-0.7810493603901189,0.4839790993624473
MN-U,56,1000,1.0,-0.3898341520828307,-0.6068985590774955,0.21706440699466478
MN-U,57,1000,1.0,-0.2633182245523434,-0.9835178593808191,0.7201996348284758
MN-U,58,1000,1.0,-0.3821414146125912,-0.6251224021948274,0.24298098758223619
MN-U,59,1000,1.0,-0.5493832133904191,-1.2443489329166688,0.6949657195262497
MN-U,60,1000,1.0,-0.4047630733186133,-0.812169838982201,0.4074067656635877
MN-U,61,1000,1.0,-0.4457057517957107,-1.2193737078628888,0.7736679560671781
MN-U,62,1000,1.0,-0.40287623258714617,-1.2924059145728748,0.8895296819857286
MN-U,63,1000,1.0,-0.3421256285595694,-1.231188392207874,0.8890627636483045
MN-U,64,1000,1.0,-0.38860357280321006,-1.2719827038883058,0.8833791310850958
MN-U,65,1000,1.0,-0.3611443897261301,-1.6343854028762124,1.2732410131500822
MN-U,66,1000,1.0,-0.45155594781928743,-1.263717701961046,0.8121617541417585
MN-U,67,1000,1.0,-0.3174322545259335,-0.6018429811017825,0.284410726575849
MN-U,68,1000,1.0,-0.3770303952050798,-0.8841778562905201,0.5071474610854403
MN-U,69,1000,1.0,-0.46627290233752666,-1.516520903373241,1.0502480010357143
MN-U,70,1000,1.0,-0.3287894365192464,-0.6847684574953912,0.35597902097614476
MN-U,71,1000,1.0,-0.40077489544898637,-0.5050211792545655,0.1042462838055791
MN-U,72,1000,1.0,-0.34989376929623445,-0.5496609880736262,0.19976721877739173
MN-U,73,1000,1.0,-0.2519240459826627,-0.9473359286889093,0.6954118827062465
MN-U,74,1000,1.0,-0.3367754902460645,-0.6059796845992518,0.26920419435318726
MN-U,75,1000,1.0,-0.33452089606578356,-0.6019370093925849,0.2674161133268013
MN-U,76,1000,1.0,-0.36502425600195726,-0.8220116233255436,0.4569873673235863
MN-U,77,1000,1.0,-0.43105148626722495,-1.234905214298514,0.803853728031289
MN-U,78,1000,1.0,-0.45554507958541934,-1.0000394466639198,0.5444943670785004
MN-U,79,1000,1.0,-0.5258986533543593,-1.0622803250344588,0.5363816716800995
MN-U,80,1000,1.0,-0.37010259159402903,-1.3210886976006213,0.9509861060065923
MN-U,81,1000,1.0,-0.4014494615323957,-2.004929538229782,1.603480076697386
MN-U,82,1000,1.0,-0.32334463403523706,-0.811850258237596,0.488505624202359
MN-U,83,1000,1.0,-0.30970539997136415,-0.5261642139600564,0.21645881398869227
MN-U,84,1000,1.0,-0.2670950958938489,-1.448100486990821,1.181005391096972
MN-U,85,1000,1.0,-0.3804664685984235,-0.7324461878589794,0.35197971926055593
MN-U,86,1000,1.0,-0.35446939612293166,-1.3752401804659153,1.0207707843429836
MN-U,87,1000,1.0,-0.37762836197861643,-0.9951906708317164,0.6175623088530999
MN-U,88,1000,1.0,-0.35839575107273747,-1.1576678310887991,0.7992720800160616
MN-U,89,1000,1.0,-0.44781320377567013,-0.8326294354829553,0.3848162317072852
MN-U,90,1000,1.0,-0.425420956868773,-0.9195361939076564,0.4941152370388834
MN-U,91,1000,1.0,-0.49600475915885117,-0.8577924677634104,0.3617877086045593
MN-U,92,1000,1.0,-0.4081350588327955,-0.526060534126498,0.11792547529370251
MN-U,93,1000,1.0,-0.488813598327768,-0.9641693644891676,0.4753557661613996
MN-U,94,1000,1.0,-0.3052052408371588,-0.8403140774583016,0.5351088366211427
MN-U,95,1000,1.0,-0.32197844171611933,-0.6556906981779649,0.33371225646184555
MN-U,96,1000,1.0,-0.5650090351477566,-1.6651982308698212,1.1001891957220646
MN-U,97,1000,1.0,-0.33831451961539666,-0.764418457472205,0.4261039378568084
MN-U,98,1000,1.0,-0.28280147171987613,-0.6827052276864316,0.3999037559665555
MN-U,99,1000,1.0,-0.31521158429952106,-2.2074737811716783,1.8922621968721571
MN-U,100,1000,1.0,-0.28498321021468476,-0.776628310881338,0.49164510066665323
SIM,1,1000,1.0,-1.5631402182207625,-10996.350610219517,10994.787470001296
SIM,2,1000,1.0,-0.21208502768161835,-0.2172469642425643,0.0051619365609459344
SIM,3,1000,1.0,-0.23771906124023237,-1.0420882627669168,0.8043692015266845
SIM,4,1000,1.0,-0.3155788088984127,-1.0928527910845838,0.777273982186171
SIM,5,1000,1.0,-0.1992995227079191,-0.40633799437229506,0.20703847166437597
SIM,6,1000,1.0,-0.8128287666825846,-25.92104593592497,25.108217169242383
SIM,7,1000,1.0,-0.26218109553118824,-0.4761851324809146,0.21400403694972636
SIM,8,1000,1.0,-0.518821512836003,-1.4786179213394202,0.9597964085034172
SIM,9,1000,1.0,-1.8197366647803683,-1.3296882430751702,-0.49004842170519813
SIM,10,1000,1.0,-0.5582666191423643,-0.606941642220142,0.04867502307777771
SIM,11,1000,1.0,-0.14639767366361903,-0.14554498541794234,-0.0008526882456766915
SIM,12,1000,1.0,-0.8051902345223143,-1.294813630740744,0.48962339621842976
SIM,13,1000,1.0,-0.15469781500486554,-0.9449525073595254,0.7902546923546598
SIM,14,1000,1.0,-0.11781460417801244,-0.1408532815319825,0.02303867735397007
SIM,15,1000,1.0,-0.3999645485744502,-2.6633997529626883,2.263435204388238
SIM,16,1000,1.0,-0.16342777882527154,-0.5377171022638356,0.3742893234385641
SIM,17,1000,1.0,-0.2845524580050399,-12.589049451506913,12.304496993501873
SIM,18,1000,1.0,-0.24362705693332462,-0.6808188005028184,0.43719174356949375
SIM,19,1000,1.0,-0.46259915386174455,-0.7086305272924153,0.24603137343067072
SIM,20,1000,1.0,-0.6931332636225103,-27.44294033198657,26.74980706836406
SIM,21,1000,1.0,-0.4357784039543214,-1.8444065392220093,1.408628135267688
SIM,22,1000,1.0,-1.2514007454687401,-5.529745236499425,4.278344491030684
SIM,23,1000,1.0,-0.49141711693773305,-1.7032846470529024,1.2118675301151693
SIM,24,1000,1.0,-0.33497526444634407,-0.21971965953572212,-0.11525560491062195
SIM,25,1000,1.0,-0.3649219589897402,-4.853565371066912,4.488643412077172
SIM,26,1000,1.0,-1.0109852598278855,-0.5274400380594545,-0.48354522176843096
SIM,27,1000,1.0,-0.3927028745117148,-3.28995986761379,2.897256993102075
SIM,28,1000,1.0,-0.1798963887353985,-4.04610317408399,3.866206785348592
SIM,29,1000,1.0,-0.5129891789678592,-88.39569687000235,87.8827076910345
SIM,30,1000,1.0,-0.2844398375129443,-0.7502285855162893,0.465788748003345
SIM,31,1000,1.0,-0.12495813656972217,-0.17702687644440931,0.052068739874687145
SIM,32,1000,1.0,-0.6457943693206118,-1.0179267097176896,0.37213234039707777
SIM,33,1000,1.0,-0.42465050970275275,-51.66516450501549,51.24051399531274
SIM,34,1000,1.0,-0.2378885915804106,-0.2706646504927327,0.032776058912322104
SIM,35,1000,1.0,-0.22133337932279687,-0.3166695821306327,0.09533620280783581
SIM,36,1000,1.0,-21.871471853170277,-11.909915637445923,-9.961556215724354
SIM,37,1000,1.0,-0.788304689492014,-1.5940913428119436,0.8057866533199296
SIM,38,1000,1.0,-0.22314220468734103,-3.342614440141724,3.119472235454383
SIM,39,1000,1.0,-0.3200330387407346,-0.2030971249376199,-0.11693591380311469
SIM,40,1000,1.0,-0.15710557811330683,-0.12650772763555385,-0.030597850477752986
SIM,41,1000,1.0,-0.3143435994739805,-0.3036420676222031,-0.010701531851777413
SIM,42,1000,1.0,-0.2198006157900938,-0.3631080395362561,0.1433074237461623
SIM,43,1000,1.0,-0.5934870877975655,-5.18163770260068,4.588150614803115
SIM,44,1000,1.0,-1.0698061023104812,-2.3975822404036373,1.327776138093156
SIM,45,1000,1.0,-0.1633252993044644,-0.2243468706324961,0.06102157132803168
SIM,46,1000,1.0,-0.23690665821708623,-0.3014123296491284,0.06450567143204217
SIM,47,1000,1.0,-0.46530061668070005,-1.7282459433056137,1.2629453266249135
SIM,48,1000,1.0,-0.779315918796676,-1.8516146978030015,1.0722987790063254
SIM,49,1000,1.0,-0.9521314027803939,-0.6634902289485216,-0.28864117383187227
SIM,50,1000,1.0,-0.6784605631994312,-118.62151951385336,117.94305895065392
SIM,51,1000,1.0,-0.28191861641859034,-0.7541529006612187,0.4722342842426283
SIM,52,1000,1.0,-0.18842610536582388,-0.4615955950143037,0.2731694896484798
SIM,53,1000,1.0,-0.28354088580390313,-0.3230064318270679,0.039465546023164766
SIM,54,1000,1.0,-0.5722178070603507,-1.3707596715611956,0.7985418645008449
SIM,55,1000,1.0,-0.22354236975988906,-528.5137355837788,528.2901932140189
SIM,56,1000,1.0,-0.47643620496846867,-0.3828929201067108,-0.09354328486175789
SIM,57,1000,1.0,-0.3211601008654256,-0.1954924339291426,-0.12566766693628303
SIM,58,1000,1.0,-0.44393977458442546,-32.862677317847144,32.418737543262715
SIM,59,1000,1.0,-0.2785068901253992,-0.33677279951213923,0.058265909386740034
SIM,60,1000,1.0,-0.37833385123789115,-2.8160331297561925,2.437699278518301
SIM,61,1000,1.0,-0.3940589548346272,-0.8937563433416127,0.4996973885069855
SIM,62,1000,1.0,-2.0463982021559564,-1.3360746600143851,-0.7103235421415712
SIM,63,1000,1.0,-1.0177711971142507,-1.8684631357270747,0.850691938612824
SIM,64,1000,1.0,-0.7651172374754048,-2.63803283577227,1.8729155982968653
SIM,65,1000,1.0,-1.8624535828850113,-13.34953646808627,11.487082885201259
SIM,66,1000,1.0,-0.19066989808319798,-0.2839744868314079,0.09330458874820993
SIM,67,1000,1.0,-0.5246994223229839,-20.01280968169163,19.488110259368643
SIM,68,1000,1.0,-0.07135851346388475,-0.08565954686535923,0.014301033401474483
SIM,69,1000,1.0,-0.3216566311607057,-0.5587190769761549,0.23706244581544916
SIM,70,1000,1.0,-0.21745496959039218,-0.36346138605362605,0.14600641646323387
SIM,71,1000,1.0,-0.13334420758533436,-0.18633196695116255,0.052987759365828196
SIM,72,1000,1.0,-1.2410190213147703,-0.41915168961703986,-0.8218673316977304
SIM,73,1000,1.0,-0.37114687544431485,-0.943257378089568,0.5721105026452531
SIM,74,1000,1.0,-0.8113479946847667,-1.2069806751110412,0.39563268042627453
SIM,75,1000,1.0,-0.46609124176412664,-1.454194174078801,0.9881029323146743
SIM,76,1000,1.0,-0.25195153170585965,-0.358549254904433,0.10659772319857336
SIM,77,1000,1.0,-0.23171510473915843,-0.5108955542247176,0.2791804494855591
SIM,78,1000,1.0,-0.3558596406692165,-705.8426467686538,705.4867871279846
SIM,79,1000,1.0,-0.7264888601188298,-171.89978186831272,171.1732930081939
SIM,80,1000,1.0,-0.6553733076111007,-25.799202605862813,25.143829298251713
SIM,81,1000,1.0,-3.5789629766562028,-1.349150457780887,-2.229812518875316
SIM,82,1000,1.0,-0.5066282000383611,-1.2766710097855354,0.7700428097471743
SIM,83,1000,1.0,-0.6553310066839841,-0.8026472070601542,0.1473162003761701
SIM,84,1000,1.0,-0.14722882162772752,-0.16180594252487893,0.014577120897151408
SIM,85,1000,1.0,-0.6626888484530482,-0.2939994244760606,-0.3686894239769876
SIM,86,1000,1.0,-0.20601887421042533,-0.2205725154153087,0.014553641204883366
SIM,87,1000,1.0,-0.16432897542876615,-0.2323980377833749,0.06806906235460874
SIM,88,1000,1.0,-0.26546156258164155,-0.2644659318925695,-0.0009956306890720468
SIM,89,1000,1.0,-0.1642797657303301,-0.22870578969045044,0.06442602396012034
SIM,90,1000,1.0,-0.30453661596963955,-0.44140099364266516,0.13686437767302562
SIM,91,1000,1.0,-0.26476277813118904,-0.3424359982174619,0.07767322008627287
SIM,92,1000,1.0,-0.23912145612299396,-0.20752854126668438,-0.03159291485630958
SIM,93,1000,1.0,-1.3131471505425876,-2.9757415746900953,1.6625944241475077
SIM,94,1000,1.0,-0.7242396092596474,-5.421592738638721,4.697353129379074
SIM,95,1000,1.0,-0.8317979002129385,-1.0287621847100796,0.1969642844971411
SIM,96,1000,1.0,-0.32804940122426923,-1.2750992934602907,0.9470498922360215
SIM,97,1000,1.0,-1.5117885050313336,-3.0830509848246526,1.571262479793319
SIM,98,1000,1.0,-0.21805011659349657,-14.72995056554664,14.511900448953142
SIM,99,1000,1.0,-0.33503020197088434,-0.7051613040188618,0.37013110204797744
SIM,100,1000,1.0,-0.12798528804505163,-0.3269021566275177,0.19891686858246607
SIM-c,1,1000,1.0,-0.7665493020696228,-1.177208243839432,0.4106589417698092
SIM-c,2,1000,1.0,-0.45274749787729124,-0.7388947490267266,0.28614725114943534
SIM-c,3,1000,1.0,-1.1722793508646618,-0.8843053582955864,-0.2879739925690754
SIM-c,4,1000,1.0,-1.1352253379684687,-4.948985676734437,3.8137603387659684
SIM-c,5,1000,1.0,-0.7361314513070127,-1.0896059917413852,0.35347454043437243
SIM-c,6,1000,1.0,-0.26391985939287466,-0.4525757095943919,0.18865585020151726
SIM-c,7,1000,1.0,-0.9449557561992661,-5.0125933848919075,4.0676376286926414
SIM-c,8,1000,1.0,-0.3660468478972449,-3.6321557457779705,3.266108897880726
SIM-c,9,1000,1.0,-0.34550597491055557,-0.5616681534433068,0.21616217853275121
SIM-c,10,1000,1.0,-0.7395925116297112,-0.8885198216373047,0.14892731000759352
SIM-c,11,1000,1.0,-19.90530798441762,-2.5304405823213854,-17.374867402096235
SIM-c,12,1000,1.0,-0.640350168883357,-1.7488963231257302,1.1085461542423731
SIM-c,13,1000,1.0,-0.28495056308159616,-0.20351040929049308,-0.08144015379110309
SIM-c,14,1000,1.0,-0.9675706529454539,-0.9521011851023768,-0.015469467843077012
SIM-c,15,1000,1.0,-0.3235367215317698,-2.859738278377801,2.536201556846031
SIM-c,16,1000,1.0,-0.19001655990306468,-0.7212433536643184,0.5312267937612537
SIM-c,17,1000,1.0,-0.6137648527889337,-1.6530970403779726,1.039332187589039
SIM-c,18,1000,1.0,-0.08094979954564684,-0.12220008406228211,0.041250284516635274
SIM-c,19,1000,1.0,-0.6967940116112522,-68.53064490650736,67.83385089489612
SIM-c,20,1000,1.0,-0.28788981556404786,-8.005045617094039,7.717155801529991
SIM-c,21,1000,1.0,-1.337048736386809,-1.5506621315766045,0.21361339518979539
SIM-c,22,1000,1.0,-0.2869280237165957,-0.8555064303040052,0.5685784065874095
SIM-c,23,1000,1.0,-0.26917802171917943,-1.5219770632651355,1.252799041545956
SIM-c,24,1000,1.0,-1.0792339787283474,-1.8358919572132972,0.7566579784849499
SIM-c,25,1000,1.0,-1.8036336621814986,-15.03556326162431,13.231929599442811
SIM-c,26,1000,1.0,-0.2482949733539715,-0.2355343095999672,-0.012760663754004281
SIM-c,27,1000,1.0,-0.8456547823750155,-0.9924222959485357,0.14676751357352025
SIM-c,28,1000,1.0,-3.7901375140917977,-15.630395386940105,11.840257872848307
SIM-c,29,1000,1.0,-0.3317120292506532,-0.7689792103663409,0.4372671811156877
SIM-c,30,1000,1.0,-0.6233785702875372,-0.6967418393136591,0.07336326902612189
SIM-c,31,1000,1.0,-0.3202980418238274,-7.426154269764051,7.105856227940223
SIM-c,32,1000,1.0,-0.18770351987128042,-0.20825012032423307,0.020546600452952646
SIM-c,33,1000,1.0,-0.1688032443561944,-0.3121121970414015,0.14330895268520707
SIM-c,34,1000,1.0,-0.4600157275164345,-1.4202839120378283,0.9602681845213938
SIM-c,35,1000,1.0,-0.6922083214425404,-3.738772921228434,3.0465645997858934
SIM-c,36,1000,1.0,-0.38012821744787134,-0.4934068412821249,0.11327862383425358
SIM-c,37,1000,1.0,-0.3653074881566808,-0.5167190414337139,0.15141155327703315
SIM-c,38,1000,1.0,-1.440897559753654,-1.543580998595756,0.10268343884210207
SIM-c,39,1000,1.0,-1.564545724889291,-1.8481038125689657,0.28355808767967483
SIM-c,40,1000,1.0,-0.4497988638461516,-0.36492212929616297,-0.08487673454998862
SIM-c,41,1000,1.0,-1.681891258375067,-11.42664952921425,9.744758270839183
SIM-c,42,1000,1.0,-0.2569251292322859,-1.5771688767400858,1.3202437475078
SIM-c,43,1000,1.0,-0.2685576265843272,-0.23917236976656397,-0.029385256817763217
SIM-c,44,1000,1.0,-0.5680311450443666,-0.5182802758236658,-0.04975086922070082
SIM-c,45,1000,1.0,-0.7803237048759223,-0.8331052149050772,0.05278151002915488
SIM-c,46,1000,1.0,-0.24625143338722286,-130.46995592528472,130.2237044918975
SIM-c,47,1000,1.0,-0.8389440861811369,-32.297940828666746,31.45899674248561
SIM-c,48,1000,1.0,-0.3708350458115122,-17.60112241873377,17.23028737292226
SIM-c,49,1000,1.0,-0.1654335310255658,-0.4666211528395632,0.3011876218139974
SIM-c,50,1000,1.0,-1.7373498652767243,-2.3566218068226257,0.6192719415459014
SIM-c,51,1000,1.0,-0.34564479299563344,-0.6304477556146624,0.28480296261902893
SIM-c,52,1000,1.0,-0.1989294944140634,-0.3237041619689201,0.1247746675548567
SIM-c,53,1000,1.0,-0.33768218784871906,-2.2566322825004237,1.9189500946517046
SIM-c,54,1000,1.0,-0.625516016362351,-61.36892730324407,60.74341128688172
SIM-c,55,1000,1.0,-0.5275519934572406,-0.8129825722697275,0.2854305788124869
SIM-c,56,1000,1.0,-1.6730147810941045,-9.39160970704672,7.718594925952616
SIM-c,57,1000,1.0,-0.39272098130065825,-0.6787368095715163,0.28601582827085803
SIM-c,58,1000,1.0,-0.3926974407935802,-4.016082795053158,3.623385354259578
SIM-c,59,1000,1.0,-2.006789460581006,-0.8775269527965793,-1.1292625077844267
SIM-c,60,1000,1.0,-0.1703669946486684,-0.3701390081099017,0.1997720134612333
SIM-c,61,1000,1.0,-0.3418106273495956,-0.24109423171050745,-0.10071639563908816
SIM-c,62,1000,1.0,-0.6860280121180737,-1.4193468973023426,0.7333188851842689
SIM-c,63,1000,1.0,-0.38029800335239866,-0.25883782448091186,-0.1214601788714868
SIM-c,64,1000,1.0,-0.1857237715825404,-0.24290291676860395,0.05717914518606357
SIM-c,65,1000,1.0,-0.6515838419680848,-0.8528147748239437,0.2012309328558589
SIM-c,66,1000,1.0,-0.4677961013197742,-3.3038002652268856,2.8360041639071114
SIM-c,67,1000,1.0,-0.9051612885021514,-0.8315744344328063,-0.07358685406934506
SIM-c,68,1000,1.0,-0.4869400679954839,-0.8037575116252365,0.31681744362975256
SIM-c,69,1000,1.0,-0.26119036851956745,-0.5119492089082841,0.25075884038871665
SIM-c,70,1000,1.0,-0.5698832622161529,-0.41563223431030377,-0.15425102790584916
SIM-c,71,1000,1.0,-0.4438276768898701,-2.045337676134051,1.6015099992441808
SIM-c,72,1000,1.0,-0.15481889767768942,-0.2344419676776707,0.07962306999998128
SIM-c,73,1000,1.0,-0.23364056762761648,-0.30755614223701266,0.07391557460939618
SIM-c,74,1000,1.0,-0.19834755246775798,-4.321660257205043,4.123312704737285
SIM-c,75,1000,1.0,-0.25509675009480565,-0.3357134494613413,0.08061669936653565
SIM-c,76,1000,1.0,-0.19139617760418767,-0.26421381271107874,0.07281763510689107
SIM-c,77,1000,1.0,-1.7299261651244167,-1.127587770177671,-0.6023383949467456
SIM-c,78,1000,1.0,-0.20783041679469302,-0.31803979404051413,0.11020937724582111
SIM-c,79,1000,1.0,-1.3858589400066712,-49.018694014822316,47.632835074815645
SIM-c,80,1000,1.0,-0.2513589558922708,-5.663409230728794,5.412050274836523
SIM-c,81,1000,1.0,-0.41253043362897185,-0.6447676195370835,0.23223718590811165
SIM-c,82,1000,1.0,-1.3401548847647002,-54.21107552072442,52.87092063595972
SIM-c,83,1000,1.0,-1.6903260032853464,-7.591696189394507,5.90137018610916
SIM-c,84,1000,1.0,-0.2658420470669823,-0.2970579674620352,0.031215920395052943
SIM-c,85,1000,1.0,-0.727207425992248,-0.7746479562757027,0.04744053028345474
SIM-c,86,1000,1.0,-0.8553775591471048,-35.75481115229871,34.8994335931516
SIM-c,87,1000,1.0,-0.21490502344598622,-0.31506552486943973,0.10016050142345351
SIM-c,88,1000,1.0,-1.2191653593314815,-26.592385791325434,25.373220431993953
SIM-c,89,1000,1.0,-0.30688494639385244,-0.26720523730913304,-0.039679709084719406
SIM-c,90,1000,1.0,-0.14789074872922525,-2.4146361783904795,2.2667454296612544
SIM-c,91,1000,1.0,-0.1477940414744156,-0.12503052880867632,-0.022763512665739283
SIM-c,92,1000,1.0,-0.6239861155980473,-1.2131729871204322,0.5891868715223849
SIM-c,93,1000,1.0,-0.7717139758976003,-1.1599489646104355,0.38823498871283524
SIM-c,94,1000,1.0,-0.4140919287557049,-0.40036945128870965,-0.013722477466995231
SIM-c,95,1000,1.0,-0.49946971029723153,-4.207374604235525,3.7079048939382937
SIM-c,96,1000,1.0,-0.246672561085441,-0.20592777179128469,-0.040744789294156314
SIM-c,97,1000,1.0,-0.5131757358368517,-0.484408095260162,-0.028767640576689735
SIM-c,98,1000,1.0,-2.337012668111579,-1.149131735789751,-1.187880932321828
SIM-c,99,1000,1.0,-3.515454033285027,-0.9750520296789972,-2.5404020036060295
SIM-c,100,1000,1.0,-1.1518268926185287,-18.47134192562478,17.31951503300625
SIM-G,1,1000,1.0,-0.12012836295945321,-0.27230860843972265,0.15218024548026943
SIM-G,2,1000,1.0,-0.06661609234922702,-0.0919300471154625,0.025313954766235477
SIM-G,3,1000,1.0,-0.1293023714501206,-0.11211369865177238,-0.017188672798348223
SIM-G,4,1000,1.0,-0.10732594695364468,-0.24017244239240837,0.1328464954387637
SIM-G,5,1000,1.0,-0.5082773616041891,-0.5226460673499849,0.01436870574579574
SIM-G,6,1000,1.0,-1.1012427930427364,-31.729003692382157,30.62776089933942
SIM-G,7,1000,1.0,-0.11977928618148628,-0.3720526691264815,0.25227338294499524
SIM-G,8,1000,1.0,-0.5673951708783763,-0.3850233386555675,-0.18237183222280884
SIM-G,9,1000,1.0,-1.2939719530885876,-1.484262396690587,0.19029044360199943
SIM-G,10,1000,1.0,-0.5971009506646876,-0.7512710105088247,0.15417005984413712
SIM-G,11,1000,1.0,-0.10151287333267722,-0.14286852793775337,0.04135565460507615
SIM-G,12,1000,1.0,-0.4820283311497395,-0.5753833321624716,0.09335500101273214
SIM-G,13,1000,1.0,-0.6999535825152111,-0.6809547901935952,-0.018998792321615943
SIM-G,14,1000,1.0,-0.17687524057822693,-31.128079883449438,30.95120464287121
SIM-G,15,1000,1.0,-0.24871479171344105,-0.8535460265734462,0.6048312348600052
SIM-G,16,1000,1.0,-0.2513331406656524,-0.24506568234349949,-0.006267458322152891
SIM-G,17,1000,1.0,-0.16848536315888596,-0.9319970874755622,0.7635117243166762
SIM-G,18,1000,1.0,-0.3801057908855932,-0.4250336858628807,0.0449278949772875
SIM-G,19,1000,1.0,-0.40459709835709834,-0.3586023293535566,-0.04599476900354171
SIM-G,20,1000,1.0,-0.10853280918754322,-0.8525157496104063,0.7439829404228631
SIM-G,21,1000,1.0,-0.4237829478598381,-13.752300014280596,13.328517066420758
SIM-G,22,1000,1.0,-1.369495986371694,-3.2331982919562847,1.8637023055845907
SIM-G,23,1000,1.0,-0.5728605365495334,-7.513564795504375,6.940704258954842
SIM-G,24,1000,1.0,-0.2222489920174479,-0.2149311167876994,-0.0073178752297484995
SIM-G,25,1000,1.0,-0.10228350623286127,-37.16873517664648,37.06645167041362
SIM-G,26,1000,1.0,-0.3226871011599962,-0.4037228577114149,0.0810357565514187
SIM-G,27,1000,1.0,-0.3669363559494999,-3.7541281665078214,3.3871918105583214
SIM-G,28,1000,1.0,-0.2591743002277546,-0.2892534415034058,0.0300791412756512
SIM-G,29,1000,1.0,-0.08880508443302473,-0.11697696774507615,0.02817188331205142
SIM-G,30,1000,1.0,-0.202116311454496,-0.25205923682963777,0.04994292537514178
SIM-G,31,1000,1.0,-0.12054072028313101,-0.12105723774594075,0.000516517462809743
SIM-G,32,1000,1.0,-0.4632092818873539,-0.5815479191666337,0.11833863727927985
SIM-G,33,1000,1.0,-0.3907257138029504,-60.69843102360223,60.30770530979928
SIM-G,34,1000,1.0,-0.1542893654449506,-0.18681628896552943,0.03252692352057884
SIM-G,35,1000,1.0,-0.24709873491241555,-0.1740369560826878,-0.07306177882972775
SIM-G,36,1000,1.0,-0.38827928106186393,-5.740277928373562,5.351998647311698
SIM-G,37,1000,1.0,-0.1488713232875855,-9.380030258435905,9.23115893514832
SIM-G,38,1000,1.0,-0.17992292672942523,-8.643867668549216,8.463944741819791
SIM-G,39,1000,1.0,-0.11230938057206816,-0.08725970279628201,-0.02504967777578615
SIM-G,40,1000,1.0,-0.11644499822304566,-0.15887789363644678,0.04243289541340112
SIM-G,41,1000,1.0,-0.21646577341942783,-0.23010117727986062,0.013635403860432799
SIM-G,42,1000,1.0,-0.0965641209651239,-0.13149786333060043,0.03493374236547653
SIM-G,43,1000,1.0,-0.7878073863659255,-105.46765537716696,104.67984799080104
SIM-G,44,1000,1.0,-1.3031413079608485,-7.023587333305072,5.7204460253442235
SIM-G,45,1000,1.0,-0.17550543109510783,-3.6855325557415055,3.5100271246463977
SIM-G,46,1000,1.0,-0.2738374320326423,-2.8582057527961853,2.584368320763543
SIM-G,47,1000,1.0,-0.32367314700912336,-0.5934212821738563,0.2697481351647329
SIM-G,48,1000,1.0,-0.3029910721076513,-0.35735469423042154,0.05436362212277024
SIM-G,49,1000,1.0,-3.3670931409381333,-1.093829306386942,-2.2732638345511913
SIM-G,50,1000,1.0,-0.7436796476670673,-1.0955916064525941,0.35191195878552683
SIM-G,51,1000,1.0,-0.4531098066548832,-14.879953911892443,14.42684410523756
SIM-G,52,1000,1.0,-0.10927547815477548,-0.14410159930947952,0.03482612115470404
SIM-G,53,1000,1.0,-0.13944876710974308,-1.6744525129119316,1.5350037458021886
SIM-G,54,1000,1.0,-0.45626965916195206,-0.9358792896724903,0.4796096305105383
SIM-G,55,1000,1.0,-0.525960876989649,-7.6910443290074,7.16508345201775
SIM-G,56,1000,1.0,-0.28379767375160153,-0.2508140706466926,-0.03298360310490894
SIM-G,57,1000,1.0,-0.1853308176203004,-0.2533745509741801,0.0680437333538797
SIM-G,58,1000,1.0,-0.2412828806777056,-22.85606107043489,22.614778189757185
SIM-G,59,1000,1.0,-0.16257306346514308,-0.12941126993903979,-0.033161793526103295
SIM-G,60,1000,1.0,-0.19413004420446864,-0.4305117937945543,0.23638174959008565
SIM-G,61,1000,1.0,-0.45532798077541303,-0.6869785102627786,0.23165052948736553
SIM-G,62,1000,1.0,-1.4017419212235476,-0.9282256006726772,-0.47351632055087034
SIM-G,63,1000,1.0,-0.3868119956203745,-1.0725830071633577,0.6857710115429833
SIM-G,64,1000,1.0,-0.3013959611855313,-0.501092981820686,0.19969702063515465
SIM-G,65,1000,1.0,-0.24368716109839492,-0.8135657841655531,0.5698786230671582
SIM-G,66,1000,1.0,-0.08858252909914453,-0.14317522405691996,0.054592694957775426
SIM-G,67,1000,1.0,-0.7450140115683898,-4.556823277439652,3.8118092658712626
SIM-G,68,1000,1.0,-0.09481296373438651,-0.186809804339685,0.09199684060529849
SIM-G,69,1000,1.0,-0.91199213953893,-0.6742166873402685,-0.23777545219866147
SIM-G,70,1000,1.0,-0.14488587970643657,-0.162712695381555,0.01782681567511843
SIM-G,71,1000,1.0,-0.217530660694855,-0.2554803208173887,0.0379496601225337
SIM-G,72,1000,1.0,-0.20726411324299704,-0.7457794837919323,0.5385153705489352
SIM-G,73,1000,1.0,-0.1176914984811515,-0.15413123487899555,0.03643973639784405
SIM-G,74,1000,1.0,-1.0408865741678182,-12.191277395115815,11.150390820947997
SIM-G,75,1000,1.0,-0.6075236739042591,-0.839448856325791,0.23192518242153193
SIM-G,76,1000,1.0,-0.7305423879469055,-28.919592418937775,28.18905003099087
SIM-G,77,1000,1.0,-0.17778906650588044,-0.7419264460955131,0.5641373795896326
SIM-G,78,1000,1.0,-0.10746654086804311,-0.15753599403854796,0.050069453170504846
SIM-G,79,1000,1.0,-7.151437339579941,-13.982106188395932,6.830668848815991
SIM-G,80,1000,1.0,-0.36056469908231475,-5.196026507562731,4.835461808480416
SIM-G,81,1000,1.0,-8.113862020183669,-3.422175977119779,-4.69168604306389
SIM-G,82,1000,1.0,-0.8472633016371945,-2.833338971510326,1.9860756698731312
SIM-G,83,1000,1.0,-2.5369796591479625,-0.6657920976868503,-1.8711875614611122
SIM-G,84,1000,1.0,-0.14126254725606063,-0.2855036325706557,0.14424108531459506
SIM-G,85,1000,1.0,-0.39012611068035546,-0.4387882990632483,0.048662188382892824
SIM-G,86,1000,1.0,-0.1423690651073581,-0.15382772165701458,0.01145865654965647
SIM-G,87,1000,1.0,-0.094815922336874,-1.129164878741356,1.0343489564044819
SIM-G,88,1000,1.0,-0.09115115364424294,-0.7476412989595398,0.6564901453152968
SIM-G,89,1000,1.0,-0.1585616207591794,-20.311706428357013,20.153144807597833
SIM-G,90,1000,1.0,-0.3589341263322409,-0.2993133267059439,-0.059620799626297016
SIM-G,91,1000,1.0,-0.1387629461425055,-0.17598269799882024,0.03721975185631474
SIM-G,92,1000,1.0,-0.07663025579085478,-0.08349786283060935,0.006867607039754572
SIM-G,93,1000,1.0,-0.46092431747892215,-5.504432914316089,5.043508596837167
SIM-G,94,1000,1.0,-0.18979997726536665,-0.3270567180754914,0.13725674081012476
SIM-G,95,1000,1.0,-0.3333497772947415,-0.400402143869017,0.06705236657427549
SIM-G,96,1000,1.0,-0.6049186128615913,-1.413507252531543,0.8085886396699518
SIM-G,97,1000,1.0,-0.2897940416721727,-0.5976513345753893,0.3078572929032166
SIM-G,98,1000,1.0,-0.19975499545260528,-0.3469761334917184,0.14722113803911313
SIM-G,99,1000,1.0,-0.24071365057137767,-0.2092728908058775,-0.031440759765500176
SIM-G,100,1000,1.0,-0.1441081873366709,-0.26532818065605823,0.12121999331938732
SIM-ln,1,1000,1.0,-0.3883867580431636,-13.481577862106061,13.093191104062898
SIM-ln,2,1000,1.0,-0.21729691861540487,-0.21284481057176502,-0.004452108043639852
SIM-ln,3,1000,1.0,-0.31416271218421,-1.1060187963085186,0.7918560841243086
SIM-ln,4,1000,1.0,-0.3901306613797969,-4.124786837858723,3.7346561764789263
SIM-ln,5,1000,1.0,-0.1429465804372136,-0.15966395175230513,0.016717371315091545
SIM-ln,6,1000,1.0,-0.20677708078738305,-0.737593073574118,0.5308159927867349
SIM-ln,7,1000,1.0,-0.23360873562356893,-0.24293003309463557,0.009321297471066636
SIM-ln,8,1000,1.0,-0.3564221206400833,-0.31198602723890534,-0.044436093401177934
SIM-ln,9,1000,1.0,-2.601334827979247,-2.0013646027266097,-0.5999702252526373
SIM-ln,10,1000,1.0,-0.20180635739342584,-0.15009465279620252,-0.051711704597223324
SIM-ln,11,1000,1.0,-0.09098595707368415,-0.08582076032933966,-0.005165196744344486
SIM-ln,12,1000,1.0,-0.37223566100400607,-0.328885925526585,-0.04334973547742105
SIM-ln,13,1000,1.0,-0.06934981943148665,-2.8095848849487814,2.740235065517295
SIM-ln,14,1000,1.0,-0.10124290416826158,-0.14023271772868695,0.03898981356042537
SIM-ln,15,1000,1.0,-0.3578010187910097,-0.26015324007196383,-0.09764777871904584
SIM-ln,16,1000,1.0,-0.10520550457261953,-0.10924188239729667,0.00403637782467714
SIM-ln,17,1000,1.0,-0.33786921977197515,-138.06682038646673,137.72895116669474
SIM-ln,18,1000,1.0,-0.8654061779202245,-842.942797469694,842.0773912917738
SIM-ln,19,1000,1.0,-0.1290590967894693,-2.5701224253991337,2.4410633286096646
SIM-ln,20,1000,1.0,-1.2592034537370282,-101.94142204579246,100.68221859205543
SIM-ln,21,1000,1.0,-0.24876344363571407,-0.4940158901199595,0.24525244648424543
SIM-ln,22,1000,1.0,-0.896060166565119,-510.17950432309755,509.2834441565324
SIM-ln,23,1000,1.0,-0.3939208899983144,-0.2506852036094104,-0.14323568638890405
SIM-ln,24,1000,1.0,-0.1518854205385639,-0.12945916402648994,-0.022426256512073972
SIM-ln,25,1000,1.0,-0.3638095852774858,-5.87651013081622,5.512700545538734
SIM-ln,26,1000,1.0,-0.90233249208996,-0.19388457157249403,-0.708447920517466
SIM-ln,27,1000,1.0,-0.6000784172499942,-20.443545839940874,19.843467422690882
SIM-ln,28,1000,1.0,-0.16431433141005894,-26.550562057172208,26.38624772576215
SIM-ln,29,1000,1.0,-0.34189030763745104,-0.3834468161017125,0.041556508464261455
SIM-ln,30,1000,1.0,-0.20425355446218568,-1.7412723314815004,1.5370187770193147
SIM-ln,31,1000,1.0,-0.10663997192539312,-0.11790505266367597,0.011265080738282848
SIM-ln,32,1000,1.0,-0.23549664170641998,-0.4546760798942513,0.2191794381878313
SIM-ln,33,1000,1.0,-0.336698790816803,-102.0982500346066,101.7615512437898
SIM-ln,34,1000,1.0,-0.21180350305614168,-0.19422449466726371,-0.017579008388877965
SIM-ln,35,1000,1.0,-0.11690613819025089,-0.12575740483354284,0.008851266643291944
SIM-ln,36,1000,1.0,-0.6760474058270584,-8.365287721811544,7.6892403159844855
SIM-ln,37,1000,1.0,-0.406912582556758,-1.0627696851398238,0.6558571025830658
SIM-ln,38,1000,1.0,-0.2775969103702548,-4.1990565565634554,3.9214596461932008
SIM-ln,39,1000,1.0,-0.21245861089763068,-0.2022031092940298,-0.010255501603600892
SIM-ln,40,1000,1.0,-0.11124354548593278,-0.10851240958343156,-0.002731135902501222
SIM-ln,41,1000,1.0,-0.14403842867193242,-0.12985581169927193,-0.014182616972660489
SIM-ln,42,1000,1.0,-0.15218969227503126,-0.2446956714074314,0.09250597913240013
SIM-ln,43,1000,1.0,-0.2311881896677515,-0.9506487142087824,0.7194605245410308
SIM-ln,44,1000,1.0,-0.9439524056399714,-1.51799381772935,0.5740414120893785
SIM-ln,45,1000,1.0,-0.16303660697492683,-0.21619576154354037,0.05315915456861353
SIM-ln,46,1000,1.0,-0.19698553924056442,-0.18334972552101197,-0.013635813719552442
SIM-ln,47,1000,1.0,-0.33398377824471914,-2.805689502361963,2.4717057241172435
SIM-ln,48,1000,1.0,-0.21411815382702687,-6.172629291143515,5.9585111373164885
SIM-ln,49,1000,1.0,-0.11322439199675619,-0.1356191451227412,0.022394753125985017
SIM-ln,50,1000,1.0,-0.0858939143036291,-3314.83327202082,3314.7473781065164
SIM-ln,51,1000,1.0,-0.15059174515851592,-0.25457218978735313,0.10398044462883721
SIM-ln,52,1000,1.0,-0.17236313008459586,-0.398550649556963,0.22618751947236715
SIM-ln,53,1000,1.0,-0.3036191724783314,-0.4447291223537292,0.14110994987539777
SIM-ln,54,1000,1.0,-0.24187629752187045,-1.1932456959434163,0.9513693984215459
SIM-ln,55,1000,1.0,-0.19449034226339834,-1.8706600086444407,1.6761696663810424
SIM-ln,56,1000,1.0,-0.1748204274617477,-0.14014811501232902,-0.03467231244941868
SIM-ln,57,1000,1.0,-0.16658466578819967,-37.08841381474616,36.92182914895796
SIM-ln,58,1000,1.0,-0.45175171176982876,-2.370865740548291,1.9191140287784623
SIM-ln,59,1000,1.0,-0.24574215192204013,-0.23462871057190865,-0.011113441350131481
SIM-ln,60,1000,1.0,-0.4613592062400939,-40.76996396784782,40.308604761607725
SIM-ln,61,1000,1.0,-0.3213160336886714,-0.3521605603800114,0.030844526691340024
SIM-ln,62,1000,1.0,-0.3436423704189203,-1.2623128247808217,0.9186704543619014
SIM-ln,63,1000,1.0,-0.46435710744741476,-3.6609260094818774,3.1965689020344628
SIM-ln,64,1000,1.0,-0.12628097762984952,-0.16765215666813546,0.04137117903828594
SIM-ln,65,1000,1.0,-0.9018698712437111,-20.371909083949507,19.470039212705796
SIM-ln,66,1000,1.0,-0.17256378601844086,-0.14146246957118597,-0.03110131644725489
SIM-ln,67,1000,1.0,-0.2352898364415815,-27.953173613582806,27.717883777141225
SIM-ln,68,1000,1.0,-0.06274717954149935,-0.09742411208992681,0.034676932548427464
SIM-ln,69,1000,1.0,-0.6954547958003852,-4.886712641866061,4.1912578460656755
SIM-ln,70,1000,1.0,-0.16211276551415363,-0.2548782194612154,0.09276545394706179
SIM-ln,71,1000,1.0,-0.11437849451660513,-0.13249179776993955,0.01811330325333442
SIM-ln,72,1000,1.0,-0.49417452900085135,-14.423826521493973,13.929651992493122
SIM-ln,73,1000,1.0,-0.21604141680649264,-1.2137356540739537,0.9976942372674611
SIM-ln,74,1000,1.0,-0.27926070176030354,-13.416765622140213,13.137504920379909
SIM-ln,75,1000,1.0,-0.3581172493854291,-0.954031117668983,0.5959138682835539
SIM-ln,76,1000,1.0,-0.3877811817625703,-0.25013500294778207,-0.13764617881478824
SIM-ln,77,1000,1.0,-0.20795745434437757,-0.202051332795049,-0.005906121549328569
SIM-ln,78,1000,1.0,-0.34077109316830195,-0.322395377691928,-0.018375715476373955
SIM-ln,79,1000,1.0,-1.4445081024219155,-68.17017438435332,66.7256662819314
SIM-ln,80,1000,1.0,-0.6517136036139317,-88.85229612011503,88.2005825165011
SIM-ln,81,1000,1.0,-0.31826615658120294,-0.16220215293746365,-0.1560640036437393
SIM-ln,82,1000,1.0,-0.32952302255173377,-20.72356229263532,20.39403927008359
SIM-ln,83,1000,1.0,-0.23325595566908178,-0.16790217168158977,-0.065353783987492
SIM-ln,84,1000,1.0,-0.10158349439618405,-0.08995761228058273,-0.011625882115601324
SIM-ln,85,1000,1.0,-0.19146029972985545,-0.1631451709255035,-0.02831512880435194
SIM-ln,86,1000,1.0,-0.18286711449193685,-0.40484935510165715,0.2219822406097203
SIM-ln,87,1000,1.0,-0.12654305638896374,-0.09202871472068727,-0.034514341668276466
SIM-ln,88,1000,1.0,-0.24599071965743008,-0.19388994571123347,-0.05210077394619661
SIM-ln,89,1000,1.0,-0.22672919572721484,-0.4431518392134094,0.21642264348619455
SIM-ln,90,1000,1.0,-0.13946287332895976,-0.13901150068338503,-0.000451372645574738
SIM-ln,91,1000,1.0,-0.11500746602013412,-0.0854618514493453,-0.029545614570788817
SIM-ln,92,1000,1.0,-0.1788361509579944,-0.18549302094840098,0.006656869990406572
SIM-ln,93,1000,1.0,-1.70550007559326,-3.4678305828891434,1.7623305072958835
SIM-ln,94,1000,1.0,-0.26959912646985373,-0.2588417208527548,-0.010757405617098925
SIM-ln,95,1000,1.0,-0.2185605373313419,-0.17698037306955053,-0.04158016426179137
SIM-ln,96,1000,1.0,-1.2077270813568979,-40.079666757049246,38.871939675692346
SIM-ln,97,1000,1.0,-0.3938072896269417,-0.3655346822654689,-0.0282726073614728
SIM-ln,98,1000,1.0,-0.16976775261762292,-4.853768557263193,4.68400080464557
SIM-ln,99,1000,1.0,-0.6309181418397889,-1.7990515774236282,1.1681334355838393
SIM-ln,100,1000,1.0,-0.08528602096705862,-0.13599329758382298,0.05070727661676436
Cha,1,1500,1.0,-0.7269523295704128,-1.7077269572868474,0.9807746277164346
Cha,2,1500,1.0,-10.681644434922498,-596.1404100555116,585.458765620589
Cha,3,1500,1.0,-0.39387673055923655,-9.530082169203238,9.136205438644001
Cha,4,1500,1.0,-1.2335513952427068,-0.9739855431393787,-0.25956585210332817
Cha,5,1500,1.0,-0.9266190483414298,-0.7751043458856641,-0.1515147024557657
Cha,6,1500,1.0,-0.685578779794638,-1.4518375434948692,0.7662587637002312
Cha,7,1500,1.0,-0.057284245333575366,-3.49650586438053,3.4392216190469544
Cha,8,1500,1.0,-1.0651293455487438,-0.9670198301555427,-0.09810951539320112
Cha,9,1500,1.0,-0.5111607390448577,-0.9841501168773676,0.47298937783250994
Cha,10,1500,1.0,-0.2943168681985472,-0.5897033571230044,0.2953864889244572
Cha,11,1500,1.0,-1.7983377128510696,-1.743690705315343,-0.0546470075357266
Cha,12,1500,1.0,-0.3216058336781231,-1.6706227358596268,1.3490169021815037
Cha,13,1500,1.0,-0.3379166751430141,-2.2026622635056134,1.8647455883625994
Cha,14,1500,1.0,-0.24275925649927177,-0.39865554530072683,0.15589628880145506
Cha,15,1500,1.0,-1.3983172663619081,-0.8513492225609263,-0.5469680438009819
Cha,16,1500,1.0,-0.5286502775771668,-0.38519851904366786,-0.1434517585334989
Cha,17,1500,1.0,-3.3647944163070287,-0.5849143257112583,-2.7798800905957703
Cha,18,1500,1.0,-0.25287766356192776,-0.26265823247125464,0.009780568909326881
Cha,19,1500,1.0,-0.39666949860838235,-0.575552588799661,0.17888309019127863
Cha,20,1500,1.0,-1.1227022323930391,-0.7054297198165868,-0.41727251257645237
Cha,21,1500,1.0,-0.40423254208283144,-0.6850386543226581,0.28080611223982666
Cha,22,1500,1.0,-0.23862701663768954,-0.2728212959166993,0.034194279279009754
Cha,23,1500,1.0,-1.3464962176243618,-0.9609711188276924,-0.3855250987966694
Cha,24,1500,1.0,-1.671996401104773,-4.236671363549441,2.5646749624446676
Cha,25,1500,1.0,-0.33713214174025535,-1.3485046213051224,1.011372479564867
Cha,26,1500,1.0,-34.137340626205784,-0.4816717380392498,-33.65566888816653
Cha,27,1500,1.0,-3.260089529401937,-1.2423647514461282,-2.017724777955809
Cha,28,1500,1.0,-1.0562007980589478,-2.957168734551469,1.900967936492521
Cha,29,1500,1.0,-0.4026047645127912,-0.6468465197200122,0.24424175520722097
Cha,30,1500,1.0,-0.7113610412166096,-0.4575501589383979,-0.2538108822782117
Cha,31,1500,1.0,-1.8539106942445922,-4.08720157617178,2.2332908819271875
Cha,32,1500,1.0,-1.585006248117762,-8.224937686981955,6.639931438864193
Cha,33,1500,1.0,-0.7176765461153837,-0.23831410213700238,-0.4793624439783813
Cha,34,1500,1.0,-1.660824021904202,-2.6894981948126384,1.0286741729084363
Cha,35,1500,1.0,-0.17375694675282,-0.21015832058397216,0.03640137383115216
Cha,36,1500,1.0,-0.6482522860284502,-1.0253133871424316,0.3770611011139814
Cha,37,1500,1.0,-0.37903718626452865,-2.545485881937198,2.1664486956726696
Cha,38,1500,1.0,-0.6658508325831399,-0.22148386032295667,-0.4443669722601833
Cha,39,1500,1.0,-0.9520486212243562,-4.854565396362801,3.9025167751384453
Cha,40,1500,1.0,-0.7506451283327814,-0.6446487789413855,-0.1059963493913959
Cha,41,1500,1.0,-22.715477886572067,-0.6763978138447955,-22.039080072727273
Cha,42,1500,1.0,-0.22059435990958787,-4.173070552520848,3.95247619261126
Cha,43,1500,1.0,-0.6460807924843065,-43.98082625348157,43.33474546099726
Cha,44,1500,1.0,-1.459100468820864,-521.3533335503503,519.8942330815294
Cha,45,1500,1.0,-0.8227150881238263,-1.6604073206422902,0.8376922325184639
Cha,46,1500,1.0,-0.7526409351892123,-1.8835355982207136,1.1308946630315013
Cha,47,1500,1.0,-2.4559436925343343,-1.099330930851732,-1.3566127616826023
Cha,48,1500,1.0,-0.7710891325208136,-1.4711572409911586,0.7000681084703451
Cha,49,1500,1.0,-0.4765100413248676,-0.5582263299140239,0.0817162885891563
Cha,50,1500,1.0,-0.9968174955733533,-7.377905562420874,6.3810880668475205
Cha,51,1500,1.0,-1.6292440733327624,-3.4972259759853883,1.8679819026526259
Cha,52,1500,1.0,-0.690107249608452,-2.4093876172470012,1.7192803676385493
Cha,53,1500,1.0,-1.55976003111159,-0.48093146875361636,-1.0788285623579736
Cha,54,1500,1.0,-0.24136211980033745,-0.24230374149446945,0.0009416216941320055
Cha,55,1500,1.0,-2.059661743520547,-1.6208642496403414,-0.4387974938802057
Cha,56,1500,1.0,-0.33035540860135126,-1.2876900674740135,0.9573346588726622
Cha,57,1500,1.0,-0.535343202259585,-0.5705351751138854,0.035191972854300424
Cha,58,1500,1.0,-0.6240992113032638,-9.632871151316495,9.008771940013231
Cha,59,1500,1.0,-1.3262250596498353,-9.935698525241204,8.609473465591368
Cha,60,1500,1.0,-0.18598090032917,-0.9459622823586509,0.7599813820294808
Cha,61,1500,1.0,-1.4428680638543,-0.6435634308917132,-0.7993046329625869
Cha,62,1500,1.0,-0.3646575294188523,-0.22136735686219264,-0.14329017255665968
Cha,63,1500,1.0,-0.9675311988083048,-0.42705368324593174,-0.5404775155623731
Cha,64,1500,1.0,-0.9445814771452833,-7.303261866836202,6.358680389690918
Cha,65,1500,1.0,-1.2921180530396128,-1.1513239683051124,-0.1407940847345004
Cha,66,1500,1.0,-1.1575967607862805,-0.9425877425031551,-0.21500901828312535
Cha,67,1500,1.0,-0.4161801395877317,-1.7057497376729494,1.2895695980852175
Cha,68,1500,1.0,-0.7006293153112151,-7.480263796330201,6.779634481018986
Cha,69,1500,1.0,-1.451524983459593,-1.1773869946759057,-0.2741379887836872
Cha,70,1500,1.0,-0.374038573516117,-1.9985946245959876,1.6245560510798707
Cha,71,1500,1.0,-0.2871781044718004,-0.6194746598681382,0.3322965553963378
Cha,72,1500,1.0,-3.076109010425843,-2.557707506708911,-0.518401503716932
Cha,73,1500,1.0,-1.181909154741717,-0.4814123464889201,-0.7004968082527969
Cha,74,1500,1.0,-0.450173462899211,-0.499909747980118,0.049736285080906995
Cha,75,1500,1.0,-1.1429987329257416,-12.548679236118499,11.405680503192757
Cha,76,1500,1.0,-3.5958920543887842,-0.9218839795243561,-2.674008074864428
Cha,77,1500,1.0,-0.41602249719940315,-15.26884617227255,14.852823675073147
Cha,78,1500,1.0,-0.3997338220394534,-0.4483357434144466,0.048601921374993196
Cha,79,1500,1.0,-1.4793104077648684,-1.2492068604305508,-0.2301035473343176
Cha,80,1500,1.0,-1.446056814062071,-3.3968372422334334,1.9507804281713623
Cha,81,1500,1.0,-0.3820893732677136,-0.48628220738750694,0.10419283411979335
Cha,82,1500,1.0,-0.898473385779609,-1.2241046236261626,0.32563123784655357
Cha,83,1500,1.0,-0.2317271490416402,-0.2059061164034553,-0.025821032638184915
Cha,84,1500,1.0,-0.6646127011593402,-0.941239627122363,0.27662692596302274
Cha,85,1500,1.0,-15.229716877371313,-0.5936942163016024,-14.636022661069712
Cha,86,1500,1.0,-1.2011113436802003,-83.32163468202457,82.12052333834437
Cha,87,1500,1.0,-2.9145980616738196,-1.139675119460436,-1.7749229422133836
Cha,88,1500,1.0,-0.744655126194033,-2.308213435049004,1.563558308854971
Cha,89,1500,1.0,-0.39369213727749136,-3.1704944930117245,2.776802355734233
Cha,90,1500,1.0,-0.9981577451433168,-0.4838860890024682,-0.5142716561408486
Cha,91,1500,1.0,-0.195058976238907,-0.3127106354920735,0.11765165925316651
Cha,92,1500,1.0,-0.4431970139575715,-0.3529168648402067,-0.09028014911736482
Cha,93,1500,1.0,-0.5414501640083142,-0.8597731374782492,0.318322973469935
Cha,94,1500,1.0,-0.5087052878975225,-2.7080660223332744,2.1993607344357518
Cha,95,1500,1.0,-2.3949102020009057,-4.211471348740042,1.816561146739136
Cha,96,1500,1.0,-14.526845133651952,-0.001562543877174975,-14.525282589774777
Cha,97,1500,1.0,-0.6548936194729766,-1366.3779611198436,1365.7230675003707
Cha,98,1500,1.0,-0.5658638318986409,-3.3470182641255377,2.781154432226897
Cha,99,1500,1.0,-0.4461673899692126,-0.32020368405194405,-0.12596370591726858
Cha,100,1500,1.0,-1.5770874028714603,-68.4659472422593,66.88885983938785
Cha,101,1500,1.0,-0.5466773982526469,-0.49095640183456046,-0.05572099641808648
Cha,102,1500,1.0,-1.7238665179296795,-2.2693393107322977,0.5454727928026182
Cha,103,1500,1.0,-0.38095529683003976,-3.011307817258454,2.6303525204284144
Cha,104,1500,1.0,-2.3441767834332605,-5.517413628641074,3.1732368452078132
Cha,105,1500,1.0,-0.5557744919865637,-0.9996550778120042,0.44388058582544054
Cha,106,1500,1.0,-0.8211033738675333,-15863.296614098212,15862.475510724344
Cha,107,1500,1.0,-0.5675030775534251,-0.5402145483846176,-0.02728852916880753
Cha,108,1500,1.0,-0.1790706592127094,-0.13636771089656646,-0.042702948316142936
Cha,109,1500,1.0,-0.7834169772417151,-1.0234024031854292,0.23998542594371408
Cha,110,1500,1.0,-0.32255648248104263,-0.3966506268325727,0.07409414435153006
Cha,111,1500,1.0,-0.4337976485993063,-2.7862769829948855,2.352479334395579
Cha,112,1500,1.0,-0.2601121006745409,-15.475192410379227,15.215080309704687
Cha,113,1500,1.0,-0.29602364341699416,-0.3159194337561664,0.019895790339172215
Cha,114,1500,1.0,-0.16794821401102017,-0.30347378679798637,0.1355255727869662
Cha,115,1500,1.0,-1.5374046969121589,-3.2747124670830976,1.7373077701709387
Cha,116,1500,1.0,-1.5171413256055724,-0.4343142875216274,-1.0828270380839449
Cha,117,1500,1.0,-1.384438598120425,-1.3849268864907733,0.000488288370348311
Cha,118,1500,1.0,-0.7425048736533515,-0.4955709040836502,-0.24693396956970132
Cha,119,1500,1.0,-2.7808433074480803,-1.0002531374460473,-1.780590170002033
Cha,120,1500,1.0,-1.1357380940087505,-0.7138161101000361,-0.4219219839087144
Cha,121,1500,1.0,-0.3857188248238355,-1.0699418605520372,0.6842230357282018
Cha,122,1500,1.0,-1.6171441523315064,-1.7347775611151135,0.11763340878360706
Cha,123,1500,1.0,-0.6326139787759864,-0.9058171861814766,0.2732032074054902
Cha,124,1500,1.0,-0.7279827884154519,-0.6930747102382002,-0.03490807817725172
Cha,125,1500,1.0,-1.8858799995735942,-1.2712622493608294,-0.6146177502127648
Cha,126,1500,1.0,-1.3508515056565127,-2.755796524915114,1.4049450192586015
Cha,127,1500,1.0,-1.238446818846563,-0.9780950815102981,-0.2603517373362648
Cha,128,1500,1.0,-1.7873770428170364,-107.96429826184583,106.17692121902878
Cha,129,1500,1.0,-0.327566186523247,-0.21289878963727032,-0.11466739688597666
Cha,130,1500,1.0,-8.31157689464921,-0.5730322414226363,-7.738544653226574
Cha,131,1500,1.0,-1.4697704370091613,-1.7584928256578238,0.2887223886486625
Cha,132,1500,1.0,-1.7111003762186474,-326.481550890153,324.77045051393435
Cha,133,1500,1.0,-0.1299711959818228,-0.17957958929262013,0.04960839331079733
Cha,134,1500,1.0,-1.806852934243975,-1.6157774185352634,-0.19107551570871162
Cha,135,1500,1.0,-0.9584934341191232,-2.478256321591556,1.519762887472433
Cha,136,1500,1.0,-0.1828009237962515,-0.16433739230058161,-0.0184635314956699
Cha,137,1500,1.0,-0.818925259770616,-2.4798301061121215,1.6609048463415055
Cha,138,1500,1.0,-0.43452850361254597,-0.5242825553610856,0.08975405174853962
Cha,139,1500,1.0,-0.18534083616965974,-0.19120678089972348,0.0058659447300637435
Cha,140,1500,1.0,-0.7538175723540647,-0.8319079225557783,0.07809035020171362
Cha,141,1500,1.0,-0.2201552479175224,-0.24422589335229103,0.02407064543476864
Cha,142,1500,1.0,-6.728480673949209,-0.5208106217561369,-6.207670052193071
Cha,143,1500,1.0,-0.9819331578791928,-0.6763513078606529,-0.3055818500185399
Cha,144,1500,1.0,-0.269623220678313,-0.28973659257315754,0.020113371894844523
Cha,145,1500,1.0,-3.093261610239428,-0.655455493138793,-2.437806117100635
Cha,146,1500,1.0,-0.537628374139288,-46.18885985126239,45.651231477123105
Cha,147,1500,1.0,-0.824850201070465,-3.05535616209976,2.230505961029295
Cha,148,1500,1.0,-0.2262381387882968,-0.5125665075806692,0.28632836879237245
Cha,149,1500,1.0,-3.9238862125046685,-13.383532029773884,9.459645817269216
Cha,150,1500,1.0,-0.26931376013259717,-0.6820105006474373,0.4126967405148401
Cha,151,1500,1.0,-4.986797284759389,-1.3201713019579335,-3.666625982801455
Cha,152,1500,1.0,-4.5288179422996375,-0.6355215262518056,-3.893296416047832
Cha,153,1500,1.0,-16.208114510067265,-82.44924675275563,66.24113224268837
Cha,154,1500,1.0,-1.282100631036799,-0.5198190623097706,-0.7622815687270285
Cha,155,1500,1.0,-0.9707878582021653,-0.735444350908008,-0.23534350729415732
Cha,156,1500,1.0,-35.14342127014082,-0.5908792079326768,-34.55254206220814
Cha,157,1500,1.0,-5.71662879218673,-2.017846305327257,-3.6987824868594728
Cha,158,1500,1.0,-0.36402431184904177,-0.3255674116073285,-0.03845690024171328
Cha,159,1500,1.0,-0.5620342954162677,-6.825694516895048,6.26366022147878
Cha,160,1500,1.0,-1.3723310843253382,-0.46019169541362465,-0.9121393889117135
Cha,161,1500,1.0,-0.3764529370986909,-3.7321183012259462,3.3556653641272556
Cha,162,1500,1.0,-1.0523368222148206,-5.725489996130826,4.673153173916006
Cha,163,1500,1.0,-0.19157550420715602,-0.15594738732298,-0.035628116884176025
Cha,164,1500,1.0,-0.5602669266503779,-0.6151169884871559,0.054850061836777986
Cha,165,1500,1.0,-2.151117042056229,-0.9624450618612462,-1.1886719801949828
Cha,166,1500,1.0,-3.675693532186397,-342.17689029976725,338.50119676758084
Cha,167,1500,1.0,-0.7300387693808511,-0.43659391430076766,-0.29344485508008344
Cha,168,1500,1.0,-0.34294161788390115,-0.35600140928659874,0.013059791402697585
Cha,169,1500,1.0,-0.6805514969526418,-0.9999512554593949,0.31939975850675306
Cha,170,1500,1.0,-0.30078024194346764,-0.434228159790733,0.13344791784726534
Cha,171,1500,1.0,-0.4390742289765961,-0.8402504016512248,0.4011761726746287
Cha,172,1500,1.0,-285.0679877727241,-1.453407786716466,-283.61457998600764
Cha,173,1500,1.0,-0.7393918843296663,-0.7682485890493841,0.028856704719717796
Cha,174,1500,1.0,-0.7470320865965305,-1.8986915177360733,1.1516594311395427
Cha,175,1500,1.0,-1.6238835503430615,-1.6316351876800366,0.007751637336975037
Cha,176,1500,1.0,-0.4372766109220816,-0.4974061587671457,0.060129547845064135
Cha,177,1500,1.0,-1.7230055993356632,-60.54895242971586,58.8259468303802
Cha,178,1500,1.0,-0.2994243175879268,-0.3205600986694454,0.02113578108151859
Cha,179,1500,1.0,-0.39993304627332105,-0.5637262594406307,0.16379321316730966
Cha,180,1500,1.0,-0.7385475771953999,-1.21407918710615,0.47553160991075016
Cha,181,1500,1.0,-14.29287854790835,-1.3204852010857462,-12.972393346822603
Cha,182,1500,1.0,-0.8159307873687393,-0.8381107393163841,0.022179951947644883
Cha,183,1500,1.0,-1.7852835814663102,-1.8180194209070226,0.032735839440712455
Cha,184,1500,1.0,-3.5568903440635715,-0.723335859993673,-2.8335544840698983
Cha,185,1500,1.0,-0.20514301788283876,-34.61113231713297,34.40598929925013
Cha,186,1500,1.0,-2.256027104148399,-97.59500736210643,95.33898025795803
Cha,187,1500,1.0,-1.0682413464095812,-0.8803017121975889,-0.18793963421199233
Cha,188,1500,1.0,-1.0441562940647438,-5.9270909656515585,4.882934671586815
Cha,189,1500,1.0,-0.5905683008339286,-1.4836068482717826,0.8930385474378539
Cha,190,1500,1.0,-0.22586969569703125,-0.2134571588442483,-0.012412536852782957
Cha,191,1500,1.0,-1.495179179505869,-1.023443977053072,-0.471735202452797
Cha,192,1500,1.0,-0.2743320626672068,-0.31674986462303684,0.04241780195583006
Cha,193,1500,1.0,-1.5151775284154763,-1.4370453710932556,-0.07813215732222067
Cha,194,1500,1.0,-0.16327210502370262,-0.17606674030049335,0.012794635276790728
Cha,195,1500,1.0,-1.5131092544835163,-1.1647774823240098,-0.3483317721595065
Cha,196,1500,1.0,-0.4126684829734547,-8.68556645890161,8.272897975928155
Cha,197,1500,1.0,-0.8939159978767659,-0.6798159683656364,-0.2141000295111295
Cha,198,1500,1.0,-1.6845193459745154,-0.3188969798692597,-1.3656223661052556
Cha,199,1500,1.0,-0.3837250232769852,-2.5792197161654804,2.195494692888495
Cha,200,1500,1.0,-1.3564668650129177,-46.00227210945904,44.64580524444612
Cha,201,1500,1.0,-0.5497397471292306,-2.10456979355582,1.5548300464265892
Cha,202,1500,1.0,-1.0209340509787213,-0.6972567518327251,-0.3236772991459962
Cha,203,1500,1.0,-0.7946520460792992,-0.448113816539514,-0.3465382295397852
Cha,204,1500,1.0,-2.429966555015109,-0.8996857981852635,-1.5302807568298453
Cha,205,1500,1.0,-2.4964828676267445,-1.7971914653475345,-0.69929140227921
Cha,206,1500,1.0,-6.38317133175702,-1.678348385921502,-4.704822945835518
Cha,207,1500,1.0,-0.7663955195223675,-1.2893141769640901,0.5229186574417226
Cha,208,1500,1.0,-1.0265787761983638,-21.049585587166256,20.023006810967892
Cha,209,1500,1.0,-0.23349820613928882,-0.2541810925001187,0.020682886360829905
Cha,210,1500,1.0,-0.6209698959144623,-0.7104314235122655,0.08946152759780324
Cha,211,1500,1.0,-2.4536978259723434,-0.9512294948916364,-1.502468331080707
Cha,212,1500,1.0,-0.9411323121374329,-0.09717144470333167,-0.8439608674341013
Cha,213,1500,1.0,-0.750457797623377,-7.800668517650723,7.050210720027346
Cha,214,1500,1.0,-0.9151000769187736,-1.6363700836678583,0.7212700067490847
Cha,215,1500,1.0,-0.444147367662734,-0.3420684775531534,-0.1020788901095806
Cha,216,1500,1.0,-0.4008261667737793,-0.8857965952425371,0.48497042846875776
Cha,217,1500,1.0,-0.9698991631081719,-0.5795190686232897,-0.3903800944848822
Cha,218,1500,1.0,-0.8604379727021987,-0.5335038265926149,-0.3269341461095838
Cha,219,1500,1.0,-1.159549368101572,-0.17507678547655578,-0.9844725826250162
Cha,220,1500,1.0,-0.9185358032476397,-0.9741301342002195,0.05559433095257982
Cha,221,1500,1.0,-4.084477427497726,-1.47894843557955,-2.6055289919181757
Cha,222,1500,1.0,-0.7263675196621869,-83.44638219679226,82.72001467713007
Cha,223,1500,1.0,-0.677007030331829,-0.5748841296165245,-0.1021229007153045
Cha,224,1500,1.0,-0.30932336638138824,-0.5122296089165908,0.2029062425352025
Cha,225,1500,1.0,-1.0792349034581763,-0.9169761005109468,-0.1622588029472295
Cha,226,1500,1.0,-1.5625359294210521,-1.4695039540042403,-0.09303197541681185
Cha,227,1500,1.0,-0.37667203734045307,-0.6560301786021034,0.2793581412616504
Cha,228,1500,1.0,-0.22528745052355337,-1.8171636952891876,1.5918762447656343
Cha,229,1500,1.0,-0.3282320982996401,-0.31394839533576996,-0.01428370296387016
Cha,230,1500,1.0,-3.9069054448802683,-335.02850940422525,331.12160395934495
Cha,231,1500,1.0,-1.2776353416061084,-0.4102659617562073,-0.8673693798499011
Cha,232,1500,1.0,-0.5090214976951948,-0.8810595804806454,0.3720380827854506
Cha,233,1500,1.0,-0.15783050954026134,-5.3331426820420145,5.175312172501753
Cha,234,1500,1.0,-0.6068410016829011,-0.4913956996754515,-0.11544530200744962
Cha,235,1500,1.0,-1.579796227844722,-3.4055814294690814,1.8257852016243594
Cha,236,1500,1.0,-1.9415927955916696,-8.325403550357791,6.383810754766121
Cha,237,1500,1.0,-2.8605886310091337,-1.4942401422248504,-1.3663484887842834
Cha,238,1500,1.0,-0.5696435007906337,-0.9017323312082015,0.33208883041756776
Cha,239,1500,1.0,-1.4867364596789838,-0.7437459399086181,-0.7429905197703657
Cha,240,1500,1.0,-5.989235100015159,-1.1615512539547381,-4.82768384606042
Cha,241,1500,1.0,-0.2673851220603936,-0.21041194046377615,-0.05697318159661746
Cha,242,1500,1.0,-0.5863965632345134,-0.5649631173364058,-0.021433445898107584
Cha,243,1500,1.0,-2.9220305101200394,-8.22402206695584,5.3019915568358
Cha,244,1500,1.0,-0.24346576264781658,-0.18890332585038266,-0.054562436797433916
Cha,245,1500,1.0,-0.7302335178073066,-0.9095061402078894,0.17927262240058284
Cha,246,1500,1.0,-1.2271311634157818,-0.9848684383075584,-0.24226272510822333
Cha,247,1500,1.0,-0.7263901593537506,-0.6054761355716725,-0.12091402378207816
Cha,248,1500,1.0,-0.43982445355756977,-0.41896454957546087,-0.020859903982108907
Cha,249,1500,1.0,-0.5040243617004622,-0.44668713893515977,-0.0573372227653024
Cha,250,1500,1.0,-0.6572536673420323,-9.93814886479564,9.280895197453606
Cha,251,1500,1.0,-0.8478935509405137,-0.695165868575921,-0.15272768236459267
Cha,252,1500,1.0,-2.1435869099808973,-1.4581760928322989,-0.6854108171485984
Cha,253,1500,1.0,-2.4625461703610942,-3.9554147579148116,1.4928685875537173
Cha,254,1500,1.0,-0.7706883814882666,-0.9771358508719775,0.20644746938371095
Cha,255,1500,1.0,-1.0480092144131328,-0.8249556077022969,-0.22305360671083585
Cha,256,1500,1.0,-0.30815395231968373,-0.3666708047536599,0.05851685243397614
Cha,257,1500,1.0,-0.81636079253637,-6.788876827340436,5.972516034804066
Cha,258,1500,1.0,-1.1289141069768032,-2.005165143492036,0.8762510365152327
Cha,259,1500,1.0,-0.4469154254055615,-0.5299667516218959,0.08305132621633438
Cha,260,1500,1.0,-0.3811769107493123,-0.8773746295003045,0.4961977187509922
Cha,261,1500,1.0,-2.159018567583007,-4.101940837434152,1.9429222698511452
Cha,262,1500,1.0,-0.16143990833053642,-0.12579112059449044,-0.03564878773604599
Cha,263,1500,1.0,-0.393338676570015,-1.8974523686300362,1.504113692060021
Cha,264,1500,1.0,-2.631066705518929,-0.33286723189902084,-2.2981994736199085
Cha,265,1500,1.0,-0.6607753879405205,-0.36390284097645775,-0.29687254696406273
Cha,266,1500,1.0,-0.4396509056417214,-0.5945216867245385,0.15487078108281715
Cha,267,1500,1.0,-1.7886870844755323,-1.5326841146276338,-0.2560029698478985
Cha,268,1500,1.0,-0.9943161911644237,-0.9454620820636137,-0.048854109100810006
Cha,269,1500,1.0,-0.6695779084287976,-0.44709691114478795,-0.22248099728400966
Cha,270,1500,1.0,-0.0704481945910761,-2.9759274228510977,2.9054792282600217
Cha,271,1500,1.0,-0.3481183681596425,-0.36657212572994047,0.01845375757029799
Cha,272,1500,1.0,-0.3495806651543073,-0.2009761493034853,-0.148604515850822
Cha,273,1500,1.0,-0.8000594412109014,-29.269725540233303,28.4696660990224
Cha,274,1500,1.0,-1.2710748139477184,-4.091896127109477,2.8208213131617583
Cha,275,1500,1.0,-0.8748324734275303,-3.442472019304129,2.567639545876599
Cha,276,1500,1.0,-0.6170658417041952,-0.7382167832971189,0.12115094159292372
Cha,277,1500,1.0,-14.669401785715584,-1.2965046710726962,-13.372897114642887
Cha,278,1500,1.0,-0.6852541379705246,-0.5873276586696875,-0.09792647930083709
Cha,279,1500,1.0,-0.20058557876572217,-0.43822830416109343,0.23764272539537126
Cha,280,1500,1.0,-1.4168383912320184,-1.7566437636599648,0.3398053724279464
Cha,281,1500,1.0,-1.5394956221291862,-0.9823546646664958,-0.5571409574626904
Cha,282,1500,1.0,-0.3000623536403605,-0.3479201481823061,0.04785779454194561
Cha,283,1500,1.0,-1.2803889868184155,-2.066772353168124,0.7863833663497084
Cha,284,1500,1.0,-0.745764840053235,-0.6236491517315891,-0.12211568832164588
Cha,285,1500,1.0,-0.2168650255691742,-0.8975285108213784,0.6806634852522042
Cha,286,1500,1.0,-1.1772256028757127,-11.519914102635386,10.342688499759674
Cha,287,1500,1.0,-7.4669814646146495,-2.230899268157747,-5.236082196456902
Cha,288,1500,1.0,-2.8685406048985396,-1.8307508636123462,-1.0377897412861934
Cha,289,1500,1.0,-0.45141672415289,-70.17297975001705,69.72156302586416
Cha,290,1500,1.0,-1.9729390875011752,-0.7443510849964269,-1.2285880025047482
Cha,291,1500,1.0,-0.6046489046198211,-0.6159981973531995,0.011349292733378369
Cha,292,1500,1.0,-0.8783108269899873,-0.9243961432395398,0.04608531624955248
Cha,293,1500,1.0,-0.6641771617672069,-7.915817019284404,7.251639857517197
Cha,294,1500,1.0,-0.41121501850610614,-1.2335090216946611,0.8222940031885551
Cha,295,1500,1.0,-0.7355949406966503,-1.3784981685292874,0.6429032278326371
Cha,296,1500,1.0,-0.7872492802878364,-0.765109754670952,-0.02213952561688437
Cha,297,1500,1.0,-0.4719437132043517,-1.5586791436957936,1.086735430491442
Cha,298,1500,1.0,-8.493351999803732,-0.24447284630502208,-8.24887915349871
Cha,299,1500,1.0,-0.4430760187427095,-1.3819211107373255,0.938845091994616
Cha,300,1500,1.0,-1.116773079196659,-1.5285674900243298,0.41179441082767076
Multi,1,1500,1.0,-0.23191135382044387,-0.48577659621578784,0.25386524239534397
Multi,2,1500,1.0,-0.10718107161826304,-0.16990152507237982,0.06272045345411678
Multi,3,1500,1.0,-0.47369590987234506,-0.5596012445502654,0.08590533467792033
Multi,4,1500,1.0,-0.5721763015781546,-7.605580992749106,7.033404691170952
Multi,5,1500,1.0,-0.9187452829369576,-38.77577986486833,37.85703458193137
Multi,6,1500,1.0,-0.06138871038559781,-0.06145642430042678,6.771391482897349e-05
Multi,7,1500,1.0,-0.07340898980474839,-0.1623533943071599,0.0889444045024115
Multi,8,1500,1.0,-0.4117720647716553,-34.29817991111876,33.886407846347105
Multi,9,1500,1.0,-0.09900135031273781,-0.24707589958531856,0.14807454927258074
Multi,10,1500,1.0,-0.19504993183677927,-0.49143191607147696,0.2963819842346977
Multi,11,1500,1.0,-0.09952282277477048,-0.24388614919319038,0.1443633264184199
Multi,12,1500,1.0,-0.6037194147469946,-30.859746774514655,30.25602735976766
Multi,13,1500,1.0,-0.9014526847493052,-6.149267010240971,5.247814325491666
Multi,14,1500,1.0,-0.10939211757386372,-0.43341622604427155,0.32402410847040786
Multi,15,1500,1.0,-0.3634392088310869,-0.5810519694196935,0.21761276058860662
Multi,16,1500,1.0,-0.6083103589662284,-2.684864503520106,2.076554144553878
Multi,17,1500,1.0,-0.5097027280667538,-43.737787493143145,43.22808476507639
Multi,18,1500,1.0,-1.7745639511903364,-34.11785538391715,32.343291432726815
Multi,19,1500,1.0,-0.11326911418479353,-0.22666837382065935,0.11339925963586582
Multi,20,1500,1.0,-2.0447111306362635,-5.430682844531957,3.3859717138956937
Multi,21,1500,1.0,-0.5618780450334044,-32.59046305869229,32.02858501365889
Multi,22,1500,1.0,-0.07187760135238962,-0.16467108403175928,0.09279348267936967
Multi,23,1500,1.0,-0.1393824686266914,-0.4471119854252231,0.3077295167985317
Multi,24,1500,1.0,-0.5705316538011338,-0.9526254541839622,0.38209380038282836
Multi,25,1500,1.0,-0.5465441295101627,-0.27161269742889615,-0.2749314320812666
Multi,26,1500,1.0,-0.19643982361647033,-4.437497716436302,4.241057892819832
Multi,27,1500,1.0,-0.4605165482819533,-32.156140604521156,31.695624056239204
Multi,28,1500,1.0,-0.7709330569090365,-66.05967240411043,65.2887393472014
Multi,29,1500,1.0,-0.4439512660375596,-0.341834879395745,-0.1021163866418146
Multi,30,1500,1.0,-0.26923183817145097,-0.8495847687673306,0.5803529305958797
Multi,31,1500,1.0,-0.07118858516753875,-0.07160011496621795,0.0004115297986791999
Multi,32,1500,1.0,-0.1842352730563866,-0.4296637444855837,0.2454284714291971
Multi,33,1500,1.0,-0.140858592111958,-0.2846183481831387,0.1437597560711807
Multi,34,1500,1.0,-0.0695790062511191,-0.0670748088028297,-0.0025041974482893914
Multi,35,1500,1.0,-0.5394949007575351,-9.540528835614559,9.001033934857023
Multi,36,1500,1.0,-0.596653302944586,-6.887667187761929,6.291013884817343
Multi,37,1500,1.0,-0.08745645257749304,-0.10163840396037467,0.014181951382881627
Multi,38,1500,1.0,-0.9429634801226234,-0.49956227915585905,-0.4434012009667644
Multi,39,1500,1.0,-0.7248925267971068,-0.7608870833575708,0.03599455656046402
Multi,40,1500,1.0,-0.20243964156398034,-2.835745043081774,2.6333054015177937
Multi,41,1500,1.0,-0.26074061544258137,-2.616569273133553,2.3558286576909713
Multi,42,1500,1.0,-0.32087014142936177,-0.2533881463756769,-0.06748199505368485
Multi,43,1500,1.0,-0.4048211613101723,-0.5562094179155223,0.15138825660534994
Multi,44,1500,1.0,-0.3366254668706503,-0.3515527296689177,0.014927262798267393
Multi,45,1500,1.0,-0.406276717175105,-0.6030100238123094,0.1967333066372044
Multi,46,1500,1.0,-1.3278181259373887,-29.349496450224485,28.021678324287098
Multi,47,1500,1.0,-0.7053357624852081,-7.070197936098315,6.364862173613107
Multi,48,1500,1.0,-0.3928632347325082,-0.49895808741147113,0.1060948526789629
Multi,49,1500,1.0,-1.9396199060724055,-4.516436130405873,2.576816224333468
Multi,50,1500,1.0,-0.1286053704557262,-0.504502800448444,0.3758974299927178
Multi,51,1500,1.0,-2.379379745967201,-3.5503229748146365,1.1709432288474355
Multi,52,1500,1.0,-0.1379646511813289,-0.5250562499143451,0.3870915987330162
Multi,53,1500,1.0,-0.24298873916405045,-0.766805407019237,0.5238166678551865
Multi,54,1500,1.0,-0.7263034988032293,-14.432352079716074,13.706048580912844
Multi,55,1500,1.0,-0.1668687927391791,-0.23242912308171335,0.06556033034253425
Multi,56,1500,1.0,-0.39928440629295286,-0.36814511679521944,-0.031139289497733424
Multi,57,1500,1.0,-0.17879155189636506,-3.746078582166968,3.5672870302706032
Multi,58,1500,1.0,-0.510125143619815,-15.295678057601197,14.785552913981382
Multi,59,1500,1.0,-0.09415171819512816,-0.25099014173340095,0.1568384235382728
Multi,60,1500,1.0,-1.9223999992625163,-4.0427410682457445,2.1203410689832283
Multi,61,1500,1.0,-1.35823115097282,-6.673533313438535,5.315302162465715
Multi,62,1500,1.0,-0.20256365460309075,-108.2547844586232,108.05222080402011
Multi,63,1500,1.0,-0.11415268721080551,-0.3133164446719766,0.1991637574611711
Multi,64,1500,1.0,-0.37168322518125996,-2.194488789953253,1.822805564771993
Multi,65,1500,1.0,-0.1408171972638284,-5.204510531519648,5.063693334255819
Multi,66,1500,1.0,-0.17612155220422032,-0.5906415414201748,0.41451998921595445
Multi,67,1500,1.0,-0.3718028289627268,-18.302079371965284,17.930276543002556
Multi,68,1500,1.0,-0.09303988219975637,-0.10096678141611863,0.007926899216362263
Multi,69,1500,1.0,-0.30242949818468495,-0.7867994712173171,0.48436997303263213
Multi,70,1500,1.0,-0.4298201487192569,-11.961740497578159,11.531920348858902
Multi,71,1500,1.0,-0.2918935755378961,-44.760464294857016,44.46857071931912
Multi,72,1500,1.0,-0.9296439322607271,-33.34623484018914,32.416590907928416
Multi,73,1500,1.0,-0.633066519045321,-3.8259514864650845,3.1928849674197637
Multi,74,1500,1.0,-0.2575685400539594,-0.1498014595442631,-0.1077670805096963
Multi,75,1500,1.0,-0.22810570147273693,-1.8012976590736258,1.5731919576008888
Multi,76,1500,1.0,-1.2537786687073715,-30.66604307319535,29.412264404487978
Multi,77,1500,1.0,-0.31303361129322893,-1.0444160104500326,0.7313823991568037
Multi,78,1500,1.0,-0.5972663398361152,-7.676518480461749,7.079252140625634
Multi,79,1500,1.0,-0.19193527008603914,-1.6037742152631995,1.4118389451771605
Multi,80,1500,1.0,-0.16269946830473164,-323.5451511082786,323.3824516399739
Multi,81,1500,1.0,-0.09177215721781146,-0.13234934012807045,0.040577182910258996
Multi,82,1500,1.0,-0.2766674033841133,-0.7884125967022106,0.5117451933180974
Multi,83,1500,1.0,-0.27854952796280885,-3.294982211333518,3.016432683370709
Multi,84,1500,1.0,-0.38047909075489705,-0.25486382982863215,-0.1256152609262649
Multi,85,1500,1.0,-1.5648486216635094,-8.771976070560285,7.207127448896776
Multi,86,1500,1.0,-0.19000687571708702,-0.2308239360778876,0.04081706036080057
Multi,87,1500,1.0,-0.5986429130472565,-0.8712049753644366,0.27256206231718016
Multi,88,1500,1.0,-0.5420469251604557,-0.3449919850998352,-0.19705494006062052
Multi,89,1500,1.0,-0.28845938079904454,-2.712731056538653,2.4242716757396083
Multi,90,1500,1.0,-0.4324159551294883,-0.4991320414015326,0.06671608627204428
Multi,91,1500,1.0,-0.26840574172532305,-0.2531965547202538,-0.015209187005069236
Multi,92,1500,1.0,-0.09754345452690376,-0.42864003947621676,0.331096584949313
Multi,93,1500,1.0,-0.06865149282244241,-0.06554054685462644,-0.00311094596781597
Multi,94,1500,1.0,-0.3144448889294956,-0.20455978640728972,-0.1098851025222059
Multi,95,1500,1.0,-0.9605327178732745,-220.84464796650727,219.884115248634
Multi,96,1500,1.0,-2.781059625049801,-103.80595129019363,101.02489166514383
Multi,97,1500,1.0,-0.05095737048754042,-0.04536381785728351,-0.005593552630256911
Multi,98,1500,1.0,-0.10125312203085186,-0.14262558037541015,0.041372458344558286
Multi,99,1500,1.0,-1.059277319882087,-0.8051059209700504,-0.25417139891203666
Multi,100,1500,1.0,-0.2127315000932663,-0.9238810686698198,0.7111495685765534
Multi,101,1500,1.0,-0.45981209794202077,-0.6883668759388475,0.22855477799682672
Multi,102,1500,1.0,-2.1114865562039276,-3.0242553056725248,0.9127687494685972
Multi,103,1500,1.0,-0.1564113867394828,-0.9177854025212163,0.7613740157817335
Multi,104,1500,1.0,-0.09434830496432324,-0.09837717937132916,0.004028874407005917
Multi,105,1500,1.0,-0.16755488789869818,-0.5749560990162548,0.40740121111755656
Multi,106,1500,1.0,-0.26317018061780295,-9.291349416392988,9.028179235775186
Multi,107,1500,1.0,-0.12555715719582017,-0.12307092102689043,-0.002486236168929734
Multi,108,1500,1.0,-0.5361897326183666,-3.796542021155056,3.2603522885366893
Multi,109,1500,1.0,-0.2012378693753031,-0.413024475955179,0.21178660657987589
Multi,110,1500,1.0,-0.36201360202555793,-106.44448003617056,106.082466434145
Multi,111,1500,1.0,-0.3619877830090252,-10.085533361824451,9.723545578815425
Multi,112,1500,1.0,-0.42864762714834803,-52.191142114872676,51.762494487724325
Multi,113,1500,1.0,-0.6444733981945046,-3.556487974874281,2.9120145766797765
Multi,114,1500,1.0,-0.3301348140089244,-8.978258886391071,8.648124072382146
Multi,115,1500,1.0,-0.20817576486330802,-0.20849228025833444,0.0003165153950264177
Multi,116,1500,1.0,-0.15715224785776444,-0.27127429694276306,0.11412204908499862
Multi,117,1500,1.0,-0.3408767550357355,-0.4987599897220302,0.15788323468629467
Multi,118,1500,1.0,-0.09326068609757895,-0.22684904633766934,0.13358836024009038
Multi,119,1500,1.0,-0.17234338449251813,-0.3153574886904535,0.14301410419793537
Multi,120,1500,1.0,-0.2614691652091229,-0.3031055313970152,0.04163636618789229
Multi,121,1500,1.0,-0.13685564578723883,-1.080161776299301,0.9433061305120621
Multi,122,1500,1.0,-0.23299216599070513,-1.4385431469847643,1.2055509809940592
Multi,123,1500,1.0,-0.43648668707291094,-1.51425705388694,1.077770366814029
Multi,124,1500,1.0,-0.17102708149461224,-0.4484144432263209,0.27738736173170864
Multi,125,1500,1.0,-0.6138845479813613,-0.9802047317988863,0.36632018381752507
Multi,126,1500,1.0,-0.47462728149444483,-18.87475656016191,18.400129278667464
Multi,127,1500,1.0,-1.106098632471503,-9.485935213426131,8.379836580954628
Multi,128,1500,1.0,-0.1677152832539816,-0.20822238778860988,0.040507104534628274
Multi,129,1500,1.0,-0.5742172223744636,-0.8624962527856969,0.28827903041123326
Multi,130,1500,1.0,-0.15956243682928678,-0.46444508910683846,0.3048826522775517
Multi,131,1500,1.0,-0.31701847914212045,-6.504573872021092,6.187555392878972
Multi,132,1500,1.0,-0.31245223788856363,-0.3990216285591771,0.08656939067061348
Multi,133,1500,1.0,-0.16296972596566806,-0.46655517276391745,0.3035854467982494
Multi,134,1500,1.0,-0.5543597127176736,-1.6352408584714204,1.0808811457537468
Multi,135,1500,1.0,-0.3662783129926096,-0.453166284861092,0.0868879718684824
Multi,136,1500,1.0,-0.7574668411277179,-0.7751871107379151,0.017720269610197237
Multi,137,1500,1.0,-0.6164180858517493,-1.014351067188757,0.3979329813370077
Multi,138,1500,1.0,-3.9088803473937013,-6.4732436671233184,2.564363319729617
Multi,139,1500,1.0,-0.14399715455712095,-0.8086651300902739,0.6646679755331529
Multi,140,1500,1.0,-0.2550883875817404,-0.3545673561717408,0.09947896859000038
Multi,141,1500,1.0,-0.06917364486085711,-0.05859710573175625,-0.010576539129100865
Multi,142,1500,1.0,-0.4018088085809534,-0.2700823978532549,-0.13172641072769853
Multi,143,1500,1.0,-0.16774952312387253,-0.1464647721325758,-0.02128475099129673
Multi,144,1500,1.0,-1.2034399416445312,-8.048551473154044,6.845111531509513
Multi,145,1500,1.0,-0.14905332289800027,-0.26713420607458344,0.11808088317658316
Multi,146,1500,1.0,-0.07330254179688078,-0.07550910547066174,0.0022065636737809563
Multi,147,1500,1.0,-0.21185208460830154,-0.6854382244156332,0.47358613980733166
Multi,148,1500,1.0,-0.10153514474019627,-0.12341082510009141,0.021875680359895136
Multi,149,1500,1.0,-0.43984700421173173,-2.315822425662548,1.8759754214508164
Multi,150,1500,1.0,-0.19604760574591854,-4.2038285902090005,4.007780984463082
Multi,151,1500,1.0,-0.20196940543432942,-0.15090865729666933,-0.051060748137660095
Multi,152,1500,1.0,-0.45553332446359895,-0.5912536637893433,0.13572033932574434
Multi,153,1500,1.0,-0.31864474265694925,-0.520609680766263,0.20196493810931376
Multi,154,1500,1.0,-0.6013566808412936,-5.568398768979522,4.9670420881382285
Multi,155,1500,1.0,-0.11394034051142535,-0.17365817223913016,0.05971783172770481
Multi,156,1500,1.0,-1.3671128129273717,-3.5669585786688733,2.1998457657415016
Multi,157,1500,1.0,-0.7483113185473957,-1.6807858589852018,0.9324745404378061
Multi,158,1500,1.0,-0.39098245651737384,-0.25300408181463296,-0.13797837470274088
Multi,159,1500,1.0,-0.4426277846343346,-0.9102066835647928,0.46757889893045823
Multi,160,1500,1.0,-0.24570298014691647,-6.050079631231298,5.8043766510843815
Multi,161,1500,1.0,-0.2944949180716027,-0.22334177097871227,-0.07115314709289045
Multi,162,1500,1.0,-0.10943362017501235,-0.3214855471054891,0.21205192693047675
Multi,163,1500,1.0,-0.5554384770669817,-0.5644036604009954,0.008965183334013749
Multi,164,1500,1.0,-0.36960585505441246,-22.759410012598636,22.389804157544223
Multi,165,1500,1.0,-0.2870064352196587,-52.80579843978121,52.518792004561554
Multi,166,1500,1.0,-0.10604347600514688,-0.2437362745415948,0.13769279853644792
Multi,167,1500,1.0,-0.10297160341788977,-0.27298368930626604,0.17001208588837627
Multi,168,1500,1.0,-0.8617877229844719,-2.337267349933503,1.475479626949031
Multi,169,1500,1.0,-0.3499699137646593,-92.82260836245598,92.47263844869133
Multi,170,1500,1.0,-0.3848072246214212,-0.7667445472557886,0.38193732263436736
Multi,171,1500,1.0,-0.34067816293792463,-8.68165478522548,8.340976622287554
Multi,172,1500,1.0,-0.18543336577336408,-0.16389612361038272,-0.021537242162981363
Multi,173,1500,1.0,-0.08376947041598626,-0.090216870270768,0.006447399854781738
Multi,174,1500,1.0,-0.16035252445398573,-4.162308819444109,4.001956294990124
Multi,175,1500,1.0,-0.39005648350540456,-5.949829126787011,5.559772643281606
Multi,176,1500,1.0,-0.5130566832075013,-0.461901132769125,-0.05115555043837633
Multi,177,1500,1.0,-0.5861916650455693,-13.28107643719338,12.69488477214781
Multi,178,1500,1.0,-0.618286544515657,-76.77292360866078,76.15463706414512
Multi,179,1500,1.0,-0.7456987714959507,-0.5729962514605464,-0.1727025200354042
Multi,180,1500,1.0,-0.1442274554720206,-0.2724831614268463,0.12825570595482572
Multi,181,1500,1.0,-0.2702387235989131,-0.744116309410132,0.47387758581121886
Multi,182,1500,1.0,-0.29678029836386977,-0.5879147856431044,0.29113448727923463
Multi,183,1500,1.0,-0.5263674609505636,-0.4565224433962823,-0.06984501755428135
Multi,184,1500,1.0,-0.3391444142453741,-16.810734820943512,16.471590406698137
Multi,185,1500,1.0,-0.09743897368901874,-0.08782977619447421,-0.00960919749454453
Multi,186,1500,1.0,-0.23449206741013584,-0.5460756766129629,0.311583609202827
Multi,187,1500,1.0,-0.12689848836296885,-26.47774194780655,26.35084345944358
Multi,188,1500,1.0,-0.12752977678929706,-0.2757698260270044,0.14824004923770734
Multi,189,1500,1.0,-1.0097632378780732,-1.6429929984438023,0.6332297605657291
Multi,190,1500,1.0,-0.7390979269370886,-5.7937637885611695,5.0546658616240805
Multi,191,1500,1.0,-0.3019757337817143,-0.3374306018843899,0.03545486810267562
Multi,192,1500,1.0,-0.2008701742328482,-0.6297557310875025,0.4288855568546543
Multi,193,1500,1.0,-0.18510760290126543,-4.52766338478083,4.342555781879565
Multi,194,1500,1.0,-0.349304507906057,-8.145801625843337,7.79649711793728
Multi,195,1500,1.0,-0.12405761396725519,-0.43274337964379966,0.3086857656765445
Multi,196,1500,1.0,-0.3436755801454181,-3.1550430691706577,2.8113674890252396
Multi,197,1500,1.0,-1.3282691019658157,-32.60146042266966,31.273191320703845
Multi,198,1500,1.0,-0.5709575336267819,-6.405100092410616,5.834142558783834
Multi,199,1500,1.0,-0.4120339447223995,-4.866478423584043,4.454444478861644
Multi,200,1500,1.0,-0.06910500142892334,-0.06910355023861815,-1.4511903051878106e-06
Multi,201,1500,1.0,-0.6962946609439281,-7.563273247565794,6.866978586621866
Multi,202,1500,1.0,-0.3016806196480236,-0.4352748602791289,0.13359424063110525
Multi,203,1500,1.0,-0.6574692911236693,-3.2597714259302952,2.602302134806626
Multi,204,1500,1.0,-0.4652846657946991,-3.0964826615625123,2.6311979957678133
Multi,205,1500,1.0,-0.30564001930198326,-88.25487074165628,87.94923072235429
Multi,206,1500,1.0,-0.7591379929708713,-2.483704235571067,1.7245662426001958
Multi,207,1500,1.0,-0.09180300158929752,-0.13762521347071316,0.045822211881415637
Multi,208,1500,1.0,-0.07866739980214002,-0.1819271487811906,0.10325974897905058
Multi,209,1500,1.0,-0.2721629254890129,-0.32157851829970857,0.049415592810695685
Multi,210,1500,1.0,-0.9958379657651649,-4.2526445480987976,3.2568065823336325
Multi,211,1500,1.0,-0.5919910900866125,-44.04072651564945,43.44873542556284
Multi,212,1500,1.0,-0.23098018152892014,-0.5693061603074524,0.33832597877853227
Multi,213,1500,1.0,-0.5099087600053316,-0.7244240240575675,0.21451526405223587
Multi,214,1500,1.0,-0.20672734864122838,-0.5571718668259347,0.3504445181847063
Multi,215,1500,1.0,-1.199928848280779,-10.531155608227596,9.331226759946817
Multi,216,1500,1.0,-0.30318663010199665,-2.229908070154214,1.9267214400522175
Multi,217,1500,1.0,-0.2622621632569774,-0.7462009383790125,0.4839387751220351
Multi,218,1500,1.0,-0.3091342875104233,-0.662493667171941,0.3533593796615177
Multi,219,1500,1.0,-0.16499181946031855,-0.15282788798033206,-0.012163931479986484
Multi,220,1500,1.0,-0.08266731860826451,-0.2361284253645551,0.1534611067562906
Multi,221,1500,1.0,-0.48400317528572084,-10.895876079310606,10.411872904024884
Multi,222,1500,1.0,-0.7233073603663277,-0.9106781431126063,0.1873707827462786
Multi,223,1500,1.0,-0.7759975492785205,-3.1539238185910077,2.3779262693124874
Multi,224,1500,1.0,-0.12958411233749328,-0.5301770344889899,0.4005929221514966
Multi,225,1500,1.0,-0.41353038366105316,-0.6799783154650494,0.26644793180399623
Multi,226,1500,1.0,-0.23647453604960583,-0.13904399073465862,-0.09743054531494721
Multi,227,1500,1.0,-1.835575686324939,-2.531540297603317,0.6959646112783777
Multi,228,1500,1.0,-0.6882357948577749,-0.4151915033429262,-0.27304429151484866
Multi,229,1500,1.0,-0.25354957533513794,-0.38069822923869767,0.12714865390355973
Multi,230,1500,1.0,-0.3098074836925226,-0.6502336792137638,0.34042619552124126
Multi,231,1500,1.0,-0.7736424103480968,-0.9547144091069482,0.18107199875885138
Multi,232,1500,1.0,-0.9961640998040375,-31.74558177389965,30.749417674095614
Multi,233,1500,1.0,-0.18561363438997228,-0.7165354273727752,0.530921792982803
Multi,234,1500,1.0,-0.34991931757696737,-0.4216174686520426,0.07169815107507521
Multi,235,1500,1.0,-0.13056931565448965,-0.29511007721010685,0.1645407615556172
Multi,236,1500,1.0,-0.9023588272684547,-6.205718310380451,5.303359483111996
Multi,237,1500,1.0,-0.19366719199003576,-0.11224474693126407,-0.08142244505877169
Multi,238,1500,1.0,-1.831343936062693,-2.903131458224171,1.071787522161478
Multi,239,1500,1.0,-0.31409218121716437,-0.425345938268529,0.11125375705136464
Multi,240,1500,1.0,-0.09995892567649527,-0.20354867094008502,0.10358974526358976
Multi,241,1500,1.0,-1.2398483966894984,-5.920141895956673,4.680293499267175
Multi,242,1500,1.0,-0.20329407502660715,-0.6426045261432565,0.43931045111664935
Multi,243,1500,1.0,-0.22112325446167844,-8.115400875493759,7.89427762103208
Multi,244,1500,1.0,-0.5426867471174114,-84.51001777156057,83.96733102444315
Multi,245,1500,1.0,-0.30482688309875156,-4.602805413395517,4.297978530296765
Multi,246,1500,1.0,-0.16082240862093286,-0.4831720262868041,0.3223496176658712
Multi,247,1500,1.0,-0.45907461810398537,-1.1536294186630567,0.6945548005590714
Multi,248,1500,1.0,-4.750351003567281,-6.824321523553344,2.073970519986063
Multi,249,1500,1.0,-0.7526199197148333,-1.508110078927278,0.7554901592124448
Multi,250,1500,1.0,-0.21100360739657503,-0.41686965033065587,0.20586604293408084
Multi,251,1500,1.0,-0.46577303649615365,-6.460623660047986,5.994850623551832
Multi,252,1500,1.0,-0.2661311701939411,-0.9400181396616226,0.6738869694676815
Multi,253,1500,1.0,-0.401719842211062,-27.050720475292827,26.649000633081766
Multi,254,1500,1.0,-0.8417661683202438,-36.685778780105295,35.844012611785054
Multi,255,1500,1.0,-0.17198383486737787,-0.328503009456432,0.15651917458905415
Multi,256,1500,1.0,-0.8751897296278603,-11.001411755694436,10.126222026066575
Multi,257,1500,1.0,-0.3203124416529072,-4.128189545656272,3.807877104003365
Multi,258,1500,1.0,-0.26242849748828967,-9.914588909091213,9.652160411602923
Multi,259,1500,1.0,-0.09349194131235858,-0.10967632494159525,0.016184383629236673
Multi,260,1500,1.0,-0.573968614405466,-1.2285657937828325,0.6545971793773665
Multi,261,1500,1.0,-2.280899664663086,-12.631612868752494,10.35071320408941
Multi,262,1500,1.0,-1.0130697250921135,-35.607712148639074,34.59464242354696
Multi,263,1500,1.0,-0.48247958935656926,-3.1512721659338316,2.668792576577262
Multi,264,1500,1.0,-0.24461405001496955,-0.3857124594656844,0.14109840945071483
Multi,265,1500,1.0,-0.0883186946364454,-0.07205706834673745,-0.016261626289707953
Multi,266,1500,1.0,-0.1841075085918113,-0.41173759626238515,0.22763008767057386
Multi,267,1500,1.0,-0.2755508391385121,-0.4051068946905282,0.1295560555520161
Multi,268,1500,1.0,-0.22017746911416966,-0.5779965785056235,0.3578191093914538
Multi,269,1500,1.0,-0.08706480639419197,-0.08987857516988637,0.0028137687756944058
Multi,270,1500,1.0,-0.50820411131682,-5.083293139736734,4.575089028419914
Multi,271,1500,1.0,-2.0681147481550624,-2.3822052550986434,0.3140905069435811
Multi,272,1500,1.0,-0.28481998172277667,-7.721407531913934,7.436587550191158
Multi,273,1500,1.0,-0.8232401743896117,-19.511736303739934,18.688496129350323
Multi,274,1500,1.0,-0.3237627890630498,-9.786244023495426,9.462481234432376
Multi,275,1500,1.0,-0.10677136536234173,-0.18318645754938628,0.07641509218704455
Multi,276,1500,1.0,-1.13343673502753,-3.318213152925032,2.1847764178975018
Multi,277,1500,1.0,-1.152947268482262,-8.62663984778553,7.473692579303268
Multi,278,1500,1.0,-1.2256326297820612,-34.10403010557199,32.878397475789924
Multi,279,1500,1.0,-0.41440677385358715,-0.35844694551298434,-0.05595982834060281
Multi,280,1500,1.0,-0.3963670626709324,-14.017784955859081,13.621417893188148
Multi,281,1500,1.0,-0.2686198263062611,-43.774074025899765,43.5054541995935
Multi,282,1500,1.0,-0.0897581339239,-0.10115540593542242,0.011397272011522422
Multi,283,1500,1.0,-0.41951746468613954,-6.946012643358283,6.5264951786721435
Multi,284,1500,1.0,-0.7459774825663403,-8.707275969216706,7.9612984866503655
Multi,285,1500,1.0,-0.8605049607549585,-1.0591744895054518,0.19866952875049326
Multi,286,1500,1.0,-1.0639073548143994,-11.294734406277346,10.230827051462947
Multi,287,1500,1.0,-0.7969153627276507,-36.83921904873033,36.042303686002676
Multi,288,1500,1.0,-0.21062427290794344,-2.6770370819850724,2.466412809077129
Multi,289,1500,1.0,-0.1267447385269051,-0.22395030446389225,0.09720556593698715
Multi,290,1500,1.0,-2.047025410442992,-5.420015721589178,3.372990311146186
Multi,291,1500,1.0,-0.6280548785193523,-0.5920335766683528,-0.0360213018509995
Multi,292,1500,1.0,-1.8767359044457845,-6.274519459377404,4.397783554931619
Multi,293,1500,1.0,-0.8336539406316439,-5.499414893341668,4.665760952710024
Multi,294,1500,1.0,-0.28468521980649647,-0.19157217822517797,-0.0931130415813185
Multi,295,1500,1.0,-0.21999875936714625,-3.600360701708065,3.380361942340919
Multi,296,1500,1.0,-0.49267738022592766,-8.280586497409292,7.787909117183364
Multi,297,1500,1.0,-0.10691008496533254,-0.13713137282229787,0.03022128785696533
Multi,298,1500,1.0,-0.29849347366863915,-0.8141557170077988,0.5156622433391596
Multi,299,1500,1.0,-0.5732865753919393,-0.955478113535006,0.3821915381430667
Multi,300,1500,1.0,-0.3024432632357523,-1.6156089052403222,1.3131656420045699
Net,1,1500,1.0,-0.1289557360690063,-0.4163624662390896,0.28740673017008334
Net,2,1500,1.0,-0.13400996833869275,-0.28949675497936783,0.15548678664067508
Net,3,1500,1.0,-0.26000925869333297,-23.07715597963117,22.817146720937835
Net,4,1500,1.0,-0.5967332807251501,-1.2213476891164574,0.6246144083913073
Net,5,1500,1.0,-0.24189421436131248,-0.3481205927304244,0.10622637836911192
Net,6,1500,1.0,-0.1435258544071335,-11.839001108435317,11.695475254028183
Net,7,1500,1.0,-0.18577850869080464,-2.091301771513698,1.9055232628228933
Net,8,1500,1.0,-0.6228883623017117,-0.7148557824263488,0.0919674201246371
Net,9,1500,1.0,-0.10722808131965444,-0.13410391972016192,0.026875838400507474
Net,10,1500,1.0,-0.11643956521708516,-0.1917690017033511,0.07532943648626593
Net,11,1500,1.0,-0.4015325669531117,-1.8889121251907093,1.4873795582375977
Net,12,1500,1.0,-0.7930217914678089,-3.530392684244957,2.737370892777148
Net,13,1500,1.0,-0.5444117149909428,-0.5136821918852837,-0.030729523105659018
Net,14,1500,1.0,-0.6062352232842376,-1.4353614982789982,0.8291262749947605
Net,15,1500,1.0,-0.12269914837104637,-0.17374578104505084,0.05104663267400447
Net,16,1500,1.0,-0.43154569491844025,-0.5430951522468928,0.1115494573284525
Net,17,1500,1.0,-0.6810845124666681,-4.529536697658225,3.8484521851915567
Net,18,1500,1.0,-0.8828347397419588,-4.12190113384991,3.2390663941079514
Net,19,1500,1.0,-0.31473160509904174,-3.115275308666252,2.8005437035672105
Net,20,1500,1.0,-0.42302014202087923,-31.419305247606047,30.99628510558517
Net,21,1500,1.0,-0.5565766068168656,-0.882236906407688,0.32566029959082243
Net,22,1500,1.0,-0.606898788840535,-0.6520254731898232,0.045126684349288126
Net,23,1500,1.0,-0.39805504946413084,-0.2677102425326687,-0.13034480693146216
Net,24,1500,1.0,-0.14269763597492596,-0.12566189697136404,-0.017035739003561923
Net,25,1500,1.0,-0.6129989972473417,-42.09908488611866,41.486085888871315
Net,26,1500,1.0,-0.821487330213744,-1.4287938760398224,0.6073065458260785
Net,27,1500,1.0,-0.10964713528557232,-0.31492648671627244,0.2052793514307001
Net,28,1500,1.0,-0.5078141964905349,-1.4437595840275137,0.9359453875369788
Net,29,1500,1.0,-1.0015458793235044,-1.2022772819024579,0.2007314025789535
Net,30,1500,1.0,-0.08491281493528416,-0.24955610539537285,0.1646432904600887
Net,31,1500,1.0,-0.6425364973595956,-107.18692265183945,106.54438615447985
Net,32,1500,1.0,-0.12106149047239186,-0.19072783617468972,0.06966634570229786
Net,33,1500,1.0,-0.2648422944550027,-0.5558389579969238,0.29099666354192116
Net,34,1500,1.0,-0.44543943481636605,-44.089639499882516,43.64420006506615
Net,35,1500,1.0,-0.6389564839530956,-9.269521677132758,8.630565193179663
Net,36,1500,1.0,-0.3304217600821883,-0.42770745742244465,0.09728569734025633
Net,37,1500,1.0,-0.2999624451093533,-0.4356568834315565,0.13569443832220318
Net,38,1500,1.0,-1.3003829091749242,-0.8526742599267655,-0.4477086492481587
Net,39,1500,1.0,-1.643107457140149,-4.274660413206733,2.631552956066584
Net,40,1500,1.0,-0.5929147831016843,-1.5009957361444997,0.9080809530428153
Net,41,1500,1.0,-0.7806514519493822,-36.67648671781838,35.895835265868996
Net,42,1500,1.0,-0.3781997681526613,-1.2155553412841495,0.8373555731314882
Net,43,1500,1.0,-0.09670983906666585,-0.07349086867910203,-0.02321897038756382
Net,44,1500,1.0,-0.3056342691450453,-0.24545781057512905,-0.06017645856991627
Net,45,1500,1.0,-0.997140547896656,-172.43108820488118,171.43394765698451
Net,46,1500,1.0,-0.31453251027759277,-0.4295129907736806,0.11498048049608783
Net,47,1500,1.0,-0.45997475464173265,-0.46188543200314147,0.001910677361408819
Net,48,1500,1.0,-0.5756780891098385,-0.9769389426338698,0.4012608535240313
Net,49,1500,1.0,-0.9408164928176076,-2.450562534965137,1.5097460421475297
Net,50,1500,1.0,-0.43956819454051316,-53.32620255956897,52.886634365028456
Net,51,1500,1.0,-0.7529460252371325,-3.6532977999126297,2.900351774675497
Net,52,1500,1.0,-0.49513256737511097,-0.9546877574073527,0.4595551900322417
Net,53,1500,1.0,-0.40504902463127007,-0.9954461717265449,0.5903971470952749
Net,54,1500,1.0,-0.42925016986144293,-1.495965473526429,1.066715303664986
Net,55,1500,1.0,-0.6341419389407476,-2.0875947420353693,1.4534528030946219
Net,56,1500,1.0,-0.26450437447839,-0.38052423063840035,0.11601985616001037
Net,57,1500,1.0,-0.11645976117102345,-0.9091222814472962,0.7926625202762728
Net,58,1500,1.0,-0.7272877501515632,-0.7299492160607091,0.0026614659091458437
Net,59,1500,1.0,-0.7255980119556659,-4.1697705642744625,3.4441725523187965
Net,60,1500,1.0,-0.3285238642086937,-2.438241346825829,2.1097174826171354
Net,61,1500,1.0,-0.5012494833093426,-0.6886279102362097,0.18737842692686713
Net,62,1500,1.0,-0.18416087498343386,-32.22969126581004,32.045530390826606
Net,63,1500,1.0,-0.1462846243349871,-232.91632692887492,232.77004230453994
Net,64,1500,1.0,-0.42952589142699676,-1.5001599042118703,1.0706340127848735
Net,65,1500,1.0,-0.13880775657264852,-0.29720647472610096,0.15839871815345244
Net,66,1500,1.0,-0.4171924344719057,-2.8819459953854616,2.464753560913556
Net,67,1500,1.0,-0.3194469155293306,-0.41611813105484696,0.09667121552551639
Net,68,1500,1.0,-0.11177003170996799,-0.23046736292794048,0.11869733121797249
Net,69,1500,1.0,-0.401707509363876,-2.9523938953223725,2.5506863859584965
Net,70,1500,1.0,-0.4724151978014476,-0.5232266285132317,0.05081143071178407
Net,71,1500,1.0,-0.18183295973737143,-43.005608542491686,42.823775582754315
Net,72,1500,1.0,-0.3143069889218967,-0.4848517600276362,0.1705447711057395
Net,73,1500,1.0,-0.19559369356116546,-0.3400240747635203,0.14443038120235485
Net,74,1500,1.0,-0.42118096592355964,-0.49375435270596996,0.07257338678241032
Net,75,1500,1.0,-0.6054103138997088,-5.620082053502534,5.014671739602825
Net,76,1500,1.0,-0.2637556590938757,-125.94052071018314,125.67676505108926
Net,77,1500,1.0,-0.19716119344426553,-0.6822940781163275,0.48513288467206195
Net,78,1500,1.0,-0.35707231435867454,-0.6753495819843529,0.3182772676256784
Net,79,1500,1.0,-0.14050780085617087,-0.5449172369058711,0.40440943604970025
Net,80,1500,1.0,-0.6792656132247924,-0.800024073769366,0.12075846054457362
Net,81,1500,1.0,-0.1725360778559752,-0.1889283275025404,0.016392249646565216
Net,82,1500,1.0,-0.4612736788964414,-0.42124122698293476,-0.04003245191350663
Net,83,1500,1.0,-0.24375461132183637,-0.9871640858295843,0.7434094745077479
Net,84,1500,1.0,-0.6635682478887892,-1.8359260184993667,1.1723577706105774
Net,85,1500,1.0,-0.6742372333813309,-0.6400556481119322,-0.03418158526939874
Net,86,1500,1.0,-0.5909519119726205,-16.57514743471331,15.984195522740688
Net,87,1500,1.0,-0.7407549027957491,-3.0605541138970738,2.3197992111013246
Net,88,1500,1.0,-0.4526553936466948,-21.265141081066286,20.812485687419592
Net,89,1500,1.0,-0.823278540522038,-2.5118621663309595,1.6885836258089215
Net,90,1500,1.0,-0.25295841920257195,-0.2778845603417451,0.02492614113917313
Net,91,1500,1.0,-0.2840658380757749,-0.39389801103986655,0.10983217296409165
Net,92,1500,1.0,-0.13096049277500227,-0.14638136505442617,0.015420872279423903
Net,93,1500,1.0,-0.15260114607558423,-0.3160491081445515,0.16344796206896728
Net,94,1500,1.0,-0.5693222140186425,-2.176845094539738,1.6075228805210955
Net,95,1500,1.0,-0.5572240529634721,-4.681447737254796,4.124223684291324
Net,96,1500,1.0,-0.08266371242476865,-0.09646862710135043,0.013804914676581778
Net,97,1500,1.0,-0.8910383579794452,-2.5184094181790755,1.6273710601996303
Net,98,1500,1.0,-0.12333819495799785,-116.15547038243832,116.03213218748033
Net,99,1500,1.0,-0.15668635095921643,-0.13902442481497868,-0.017661926144237755
Net,100,1500,1.0,-0.32061255764985647,-0.29150597264115724,-0.029106585008699226
Net,101,1500,1.0,-0.1793022917370649,-0.3883234051143403,0.2090211133772754
Net,102,1500,1.0,-0.10011520332898582,-0.16477996706585635,0.06466476373687052
Net,103,1500,1.0,-0.43695740747021333,-3.09210720325384,2.6551497957836268
Net,104,1500,1.0,-0.43489455206702365,-2.371291501249176,1.9363969491821527
Net,105,1500,1.0,-0.31410791329739995,-30.146246361710848,29.83213844841345
Net,106,1500,1.0,-0.7306449622899354,-4.335398138343935,3.6047531760539995
Net,107,1500,1.0,-0.6590182568661382,-0.4457352884822103,-0.21328296838392796
Net,108,1500,1.0,-1.170232871941409,-0.711647852563354,-0.45858501937805496
Net,109,1500,1.0,-0.18877301116412648,-0.35796547701917697,0.1691924658550505
Net,110,1500,1.0,-0.41159399181299017,-1.2458367185893238,0.8342427267763336
Net,111,1500,1.0,-0.350295044736893,-1.1813527389842788,0.8310576942473858
Net,112,1500,1.0,-0.1476407933875755,-0.31774506140832726,0.17010426802075176
Net,113,1500,1.0,-0.6891858797470382,-1.4897474468678185,0.8005615671207803
Net,114,1500,1.0,-0.3391301944883943,-16.988213489590766,16.649083295102372
Net,115,1500,1.0,-0.1396513156824793,-0.5237921438582169,0.38414082817573764
Net,116,1500,1.0,-0.10657183697401855,-0.2040761533529316,0.09750431637891306
Net,117,1500,1.0,-1.8230573796616203,-9.87165350310239,8.04859612344077
Net,118,1500,1.0,-1.1539485313510787,-12.341600300652562,11.187651769301484
Net,119,1500,1.0,-0.11767346563714061,-0.11037427672228683,-0.007299188914853774
Net,120,1500,1.0,-0.16951487870415122,-195.3787632393642,195.20924836066004
Net,121,1500,1.0,-0.6949983384059296,-3.8519331714861247,3.156934833080195
Net,122,1500,1.0,-0.25901605546051,-0.8243415889637296,0.5653255335032196
Net,123,1500,1.0,-0.4776053248769725,-0.34948231587190615,-0.12812300900506635
Net,124,1500,1.0,-0.8684489130183586,-1.1655175693010722,0.2970686562827136
Net,125,1500,1.0,-0.2654180184671301,-0.3114910134550314,0.046072994987901295
Net,126,1500,1.0,-0.09659417139934894,-0.07646440667373931,-0.020129764725609622
Net,127,1500,1.0,-0.24648204911427177,-0.37147211778518996,0.12499006867091819
Net,128,1500,1.0,-0.3360576632772806,-5.586679808344535,5.250622145067254
Net,129,1500,1.0,-0.23362901768144995,-0.36840705841305416,0.1347780407316042
Net,130,1500,1.0,-0.24946804884758716,-0.9851776809832243,0.7357096321356371
Net,131,1500,1.0,-0.11761457927327064,-0.21146860474594037,0.09385402547266973
Net,132,1500,1.0,-0.3928418251023881,-3.6689922594289754,3.2761504343265875
Net,133,1500,1.0,-0.07275391289969128,-0.10388609365656098,0.0311321807568697
Net,134,1500,1.0,-0.2396072663736041,-0.23996313184969056,0.0003558654760864588
Net,135,1500,1.0,-0.16185846244561827,-0.14684503412046848,-0.015013428325149791
Net,136,1500,1.0,-0.3024820561270283,-37.20140766566523,36.8989256095382
Net,137,1500,1.0,-0.1196451473284488,-0.2479640149950364,0.1283188676665876
Net,138,1500,1.0,-0.15938059331052445,-0.15950556515408887,0.00012497184356441426
Net,139,1500,1.0,-0.897182834750837,-1.5131612323076717,0.6159783975568347
Net,140,1500,1.0,-0.4222237280416687,-0.4078136803860602,-0.014410047655608493
Net,141,1500,1.0,-0.5193534587056147,-10.164993709943527,9.645640251237912
Net,142,1500,1.0,-0.47429295408525796,-0.45723234934183077,-0.017060604743427188
Net,143,1500,1.0,-0.16257817639384173,-1.124078518744342,0.9615003423505003
Net,144,1500,1.0,-0.47670032120793,-0.9300409065213848,0.45334058531345484
Net,145,1500,1.0,-1.5889840151605195,-0.9590547786114488,-0.6299292365490706
Net,146,1500,1.0,-0.407170173798454,-0.7622083817539822,0.3550382079555282
Net,147,1500,1.0,-0.2855354352965443,-0.35066826357188335,0.06513282827533906
Net,148,1500,1.0,-0.6196181589881852,-0.6192563194029319,-0.0003618395852532652
Net,149,1500,1.0,-0.5684533392981073,-0.8029421628664734,0.2344888235683661
Net,150,1500,1.0,-0.8412408741232401,-2.4521912932471817,1.6109504191239417
Net,151,1500,1.0,-0.3347258227082748,-0.5878843727359484,0.2531585500276736
Net,152,1500,1.0,-0.12230266519048179,-0.17088136190705347,0.04857869671657168
Net,153,1500,1.0,-0.14330968652306617,-139.2232427013429,139.07993301481986
Net,154,1500,1.0,-0.36094878455909407,-0.3525834466782395,-0.008365337880854584
Net,155,1500,1.0,-0.22738779461652717,-68.94470502776808,68.71731723315155
Net,156,1500,1.0,-0.20189186202339351,-0.29329997834505467,0.09140811632166115
Net,157,1500,1.0,-0.37422075238775276,-0.48278467673377684,0.10856392434602408
Net,158,1500,1.0,-0.35153742851592984,-0.780798113545824,0.4292606850298941
Net,159,1500,1.0,-0.7926238585380055,-2.105223636582056,1.3125997780440506
Net,160,1500,1.0,-0.09720657217275464,-1.5301391742715313,1.4329326020987767
Net,161,1500,1.0,-0.12762900661136653,-0.43767654376001464,0.3100475371486481
Net,162,1500,1.0,-0.19574707434041713,-47.12897982307591,46.93323274873549
Net,163,1500,1.0,-0.11225092489684603,-0.1136455964522715,0.0013946715554254696
Net,164,1500,1.0,-0.19756374620356545,-0.3080932577548815,0.11052951155131605
Net,165,1500,1.0,-0.3158301825796813,-0.42941503080324245,0.11358484822356113
Net,166,1500,1.0,-0.363198791941375,-16.846163797222328,16.482965005280953
Net,167,1500,1.0,-0.28868263100996755,-0.656216252592917,0.3675336215829495
Net,168,1500,1.0,-0.1270600027621569,-0.1304278157590268,0.00336781299686989
Net,169,1500,1.0,-0.26054441315881294,-0.6500180828883864,0.3894736697295734
Net,170,1500,1.0,-0.18543160507958745,-0.25146091746097265,0.06602931238138521
Net,171,1500,1.0,-0.3781841128799258,-31.815172269029052,31.436988156149127
Net,172,1500,1.0,-0.13048209897421828,-0.23237150225142492,0.10188940327720664
Net,173,1500,1.0,-0.6373201418406914,-8.831108493513282,8.193788351672591
Net,174,1500,1.0,-0.2988267314166523,-2.4820140310178678,2.1831872996012156
Net,175,1500,1.0,-0.3587883518914642,-1.3929760968317482,1.0341877449402839
Net,176,1500,1.0,-0.2025534248508562,-22.739522188933613,22.536968764082758
Net,177,1500,1.0,-0.8057476576861834,-1.5573747813058187,0.7516271236196354
Net,178,1500,1.0,-0.2641813150689055,-0.33741112829193265,0.07322981322302713
Net,179,1500,1.0,-0.7224478741784923,-10.581348361553395,9.858900487374903
Net,180,1500,1.0,-0.3349689102125333,-0.5033587938550089,0.16838988364247565
Net,181,1500,1.0,-0.43551658483256084,-0.6114773049415493,0.17596072010898844
Net,182,1500,1.0,-0.424317517419213,-19.081620393735925,18.657302876316713
Net,183,1500,1.0,-0.17858723605026033,-6.398657773515162,6.220070537464902
Net,184,1500,1.0,-1.057753241516357,-0.9447298828738239,-0.11302335864253321
Net,185,1500,1.0,-0.15692731980274807,-0.7158432261408205,0.5589159063380724
Net,186,1500,1.0,-0.5685193609370155,-1.0316272688840407,0.46310790794702517
Net,187,1500,1.0,-0.23949024899546303,-0.7382983852292899,0.4988081362338269
Net,188,1500,1.0,-0.5076625575324571,-1.750236704876405,1.2425741473439478
Net,189,1500,1.0,-0.5287983074460096,-1.1756368474321817,0.646838539986172
Net,190,1500,1.0,-0.354954265791139,-4.908646382090742,4.553692116299604
Net,191,1500,1.0,-0.2607639184578741,-0.38240335429117744,0.12163943583330333
Net,192,1500,1.0,-0.09984006450821624,-3.4331743517041757,3.3333342871959597
Net,193,1500,1.0,-0.23396859197297232,-0.7354221061464659,0.5014535141734935
Net,194,1500,1.0,-0.5684994331277616,-6.08572750418586,5.517228071058098
Net,195,1500,1.0,-0.4898930990779031,-0.740303430537845,0.25041033145994185
Net,196,1500,1.0,-0.45949448118410663,-126.95507491242547,126.49558043124136
Net,197,1500,1.0,-0.1247693734955225,-0.31503311350903995,0.19026374001351745
Net,198,1500,1.0,-0.19907394061694622,-0.3512042456894455,0.1521303050724993
Net,199,1500,1.0,-0.9769501784869122,-0.7871395198300618,-0.18981065865685043
Net,200,1500,1.0,-0.14811373353490337,-0.12404193874255602,-0.024071794792347348
Net,201,1500,1.0,-0.5164249550679546,-0.6493719834093351,0.1329470283413805
Net,202,1500,1.0,-0.6887647705546086,-0.7019392496667842,0.013174479112175619
Net,203,1500,1.0,-0.3890993432602251,-0.5963250365235255,0.20722569326330043
Net,204,1500,1.0,-0.1950021336944867,-0.2178208302572656,0.02281869656277888
Net,205,1500,1.0,-0.5746758185383875,-20.799817458928786,20.225141640390397
Net,206,1500,1.0,-0.2195397209194764,-0.5255241623363128,0.30598444141683645
Net,207,1500,1.0,-0.39949312804112364,-54.39850793900206,53.99901481096094
Net,208,1500,1.0,-0.709259025912548,-0.806252906724192,0.09699388081164406
Net,209,1500,1.0,-0.8103256871721012,-4.785521065855667,3.9751953786835657
Net,210,1500,1.0,-0.4451323311622991,-0.5640838860658463,0.11895155490354714
Net,211,1500,1.0,-0.6061944333500252,-0.8013563404072851,0.1951619070572599
Net,212,1500,1.0,-0.44741366939896504,-1.2309199732869391,0.7835063038879742
Net,213,1500,1.0,-0.1255249526135132,-0.1620975836445768,0.03657263103106359
Net,214,1500,1.0,-0.13407358440157177,-0.30314066438167553,0.16906707998010376
Net,215,1500,1.0,-0.7749682951039982,-1.596778319302427,0.8218100241984287
Net,216,1500,1.0,-0.5653105582734332,-1.27986084230223,0.7145502840287967
Net,217,1500,1.0,-0.36825466899835285,-0.7490926352060908,0.38083796620773797
Net,218,1500,1.0,-0.30688568139219063,-0.44340566244773905,0.1365199810555484
Net,219,1500,1.0,-0.2992057867096544,-149.17900685668133,148.87980106997168
Net,220,1500,1.0,-0.44045077968573026,-0.4558172172146958,0.015366437528965549
Net,221,1500,1.0,-0.4486896503422909,-0.9756841567554939,0.526994506413203
Net,222,1500,1.0,-0.6039195532614345,-1.4678860196249124,0.8639664663634778
Net,223,1500,1.0,-0.16444164827700566,-0.2750066333927298,0.11056498511572413
Net,224,1500,1.0,-0.8796576910353119,-2.3451873698040075,1.4655296787686956
Net,225,1500,1.0,-0.30587586992459487,-3.2539241883811805,2.9480483184565855
Net,226,1500,1.0,-0.44495150265226596,-0.6624966975199665,0.21754519486770058
Net,227,1500,1.0,-0.2146166013247969,-13.303979148176802,13.089362546852005
Net,228,1500,1.0,-0.631902829026449,-0.8043441703646905,0.17244134133824152
Net,229,1500,1.0,-0.7382720850176385,-7.8085392440014925,7.070267158983854
Net,230,1500,1.0,-0.32735614589873674,-0.9027928040730757,0.575436658174339
Net,231,1500,1.0,-1.6360492369065311,-4.308925116501031,2.6728758795945002
Net,232,1500,1.0,-0.22298802454343997,-1.1670513536142104,0.9440633290707705
Net,233,1500,1.0,-0.3230651323153394,-0.42334348585990583,0.10027835354456643
Net,234,1500,1.0,-0.6645963929945686,-1.2930316816484526,0.628435288653884
Net,235,1500,1.0,-0.1370414047674537,-0.13269008168142177,-0.004351323086031922
Net,236,1500,1.0,-0.1135030976137259,-15.899239147281273,15.785736049667547
Net,237,1500,1.0,-0.1772152774589435,-0.21484794968187337,0.037632672222929875
Net,238,1500,1.0,-0.7442290014512485,-1.1592853312695202,0.4150563298182717
Net,239,1500,1.0,-0.5714241709868009,-2.988890231804065,2.4174660608172642
Net,240,1500,1.0,-0.4496148024745933,-0.7873558825299594,0.33774108005536607
Net,241,1500,1.0,-0.4126108955412115,-1.9584891083256604,1.5458782127844488
Net,242,1500,1.0,-0.40433826044515897,-17.779734795602387,17.37539653515723
Net,243,1500,1.0,-0.396836628840514,-10.365776322473051,9.968939693632537
Net,244,1500,1.0,-0.34625178100045095,-18.39798177586062,18.05172999486017
Net,245,1500,1.0,-0.2703170732447252,-0.4056429956842786,0.13532592243955338
Net,246,1500,1.0,-0.8659835980304946,-0.8883835263702748,0.022399928339780217
Net,247,1500,1.0,-0.22425549686756246,-0.2452888719277186,0.021033375060156123
Net,248,1500,1.0,-0.7032141752246727,-1.7494267116933486,1.0462125364686758
Net,249,1500,1.0,-0.2854138152525366,-65.33794777643024,65.0525339611777
Net,250,1500,1.0,-3.1547256473203547,-1.4510365648415984,-1.7036890824787563
Net,251,1500,1.0,-0.26886620753768653,-573.4882810265387,573.219414819001
Net,252,1500,1.0,-0.2206068422475584,-0.3535486403616336,0.1329417981140752
Net,253,1500,1.0,-0.5774450841104815,-2.4514706492799343,1.8740255651694528
Net,254,1500,1.0,-0.1232901564828252,-0.13461210165171966,0.011321945168894468
Net,255,1500,1.0,-0.2675691005006448,-10.609444666794488,10.341875566293844
Net,256,1500,1.0,-0.42707077418958467,-1.3884365345079115,0.9613657603183268
Net,257,1500,1.0,-0.1227768172615806,-0.07997562430824737,-0.042801192953333234
Net,258,1500,1.0,-0.5156893717461057,-3.6005758709923272,3.0848864992462213
Net,259,1500,1.0,-0.1747673379058272,-0.28326479951551947,0.10849746160969226
Net,260,1500,1.0,-0.07468286754286467,-0.12576864633814674,0.051085778795282075
Net,261,1500,1.0,-0.5401368779766391,-21.2873931670412,20.74725628906456
Net,262,1500,1.0,-0.11849393089870688,-0.1221512010022154,0.0036572701035085114
Net,263,1500,1.0,-0.5712339784835619,-1.033447426519432,0.46221344803587006
Net,264,1500,1.0,-0.29747540033242553,-0.34205075285355935,0.044575352521133815
Net,265,1500,1.0,-0.4804366860480174,-0.6947393914464798,0.21430270539846236
Net,266,1500,1.0,-0.5339782961179994,-0.7725516754675544,0.23857337934955503
Net,267,1500,1.0,-0.13081998013409254,-0.1881554140584566,0.05733543392436405
Net,268,1500,1.0,-0.562867759725979,-2.1079081280686975,1.5450403683427185
Net,269,1500,1.0,-0.5273679694592927,-0.5571957229887016,0.029827753529408918
Net,270,1500,1.0,-0.3001519864502026,-19.14149610746148,18.84134412101128
Net,271,1500,1.0,-0.10928923583643937,-0.10491988217109452,-0.004369353665344855
Net,272,1500,1.0,-0.12673014724691553,-0.12155757835008149,-0.00517256889683404
Net,273,1500,1.0,-0.09101047540012673,-0.15036229023426784,0.059351814834141106
Net,274,1500,1.0,-0.936484813286798,-1.6727509143012784,0.7362661010144804
Net,275,1500,1.0,-0.0797669810984314,-0.09538912216417372,0.01562214106574232
Net,276,1500,1.0,-0.8035657764629864,-6.949735652467936,6.14616987600495
Net,277,1500,1.0,-0.16778167363879828,-0.7081917162809213,0.540410042642123
Net,278,1500,1.0,-0.14567783498061654,-0.3371384610570697,0.19146062607645314
Net,279,1500,1.0,-0.48318982995301035,-0.6976525878176361,0.2144627578646257
Net,280,1500,1.0,-0.40208379162302677,-0.35234208373638837,-0.0497417078866384
Net,281,1500,1.0,-0.48970510483451324,-0.5129925434790743,0.023287438644561065
Net,282,1500,1.0,-0.2971742190173392,-0.3874036939601385,0.09022947494279931
Net,283,1500,1.0,-0.21715756639447276,-0.48377035668038043,0.2666127902859077
Net,284,1500,1.0,-0.1224886031020916,-0.10361906684920923,-0.018869536252882374
Net,285,1500,1.0,-0.2595591146698367,-0.27798380199956074,0.01842468732972402
Net,286,1500,1.0,-0.5185733412170084,-1.540523082707153,1.0219497414901446
Net,287,1500,1.0,-0.28204140992714155,-1.5169908761259765,1.234949466198835
Net,288,1500,1.0,-0.503299609700379,-6.209040334662563,5.705740724962184
Net,289,1500,1.0,-0.46325740701950524,-12.860098435010169,12.396841027990664
Net,290,1500,1.0,-0.06521395517363715,-0.0845818802021403,0.019367925028503152
Net,291,1500,1.0,-0.4925563077283351,-1.0842596199491223,0.5917033122207873
Net,292,1500,1.0,-0.10587603708810563,-0.10192367297260316,-0.003952364115502469
Net,293,1500,1.0,-0.3493895408784923,-0.42499680064424916,0.07560725976575688
Net,294,1500,1.0,-0.1344960524412858,-0.5249441376047981,0.39044808516351226
Net,295,1500,1.0,-0.11595722327065598,-0.15923739403079942,0.04328017076014344
Net,296,1500,1.0,-0.41331488520092713,-0.8654448058892003,0.4521299206882731
Net,297,1500,1.0,-0.13972279187168332,-0.1476215933040053,0.007898801432321967
Net,298,1500,1.0,-0.4893013396477791,-0.6517712604265476,0.16246992077876854
Net,299,1500,1.0,-0.2671867946936754,-1.4242588888493262,1.1570720941556507
Net,300,1500,1.0,-0.2999495933582684,-34.2263323642468,33.92638277088853
Tuebingen,1,349,0.166,-0.3547314186221783,-0.2841094757240921,-0.07062194289808615
Tuebingen,2,349,0.166,-0.419092015666026,-0.2621045257997855,-0.1569874898662405
Tuebingen,3,349,0.167,-0.9935131273174603,-0.934363266004174,-0.05914986131328637
Tuebingen,4,349,0.166,-0.5954359757459111,-1.112336208002456,0.5169002322565448
Tuebingen,5,4177,0.143,-0.8221970308839873,-1.0063070580897882,0.18411002720580083
Tuebingen,6,4177,0.143,-0.8005194580980775,-0.7536918282593595,-0.04682762983871791
Tuebingen,7,4177,0.143,-0.7076936822021124,-1.0992157250366081,0.39152204283449576
Tuebingen,8,4177,0.143,-2.44619258178777,-0.7791000161161445,-1.6670925656716253
Tuebingen,9,4177,0.143,-0.8783358753380492,-0.8264232846720171,-0.051912590666032155
Tuebingen,10,4177,0.143,-1.1734423576092905,-1.1015674981329864,-0.07187485947630412
Tuebingen,11,4177,0.142,-0.6956228038829053,-1.1891322198979757,0.49350941601507037
Tuebingen,12,5000,0.5,-48.0299978302183,-2.581826786201343,-45.44817104401696
Tuebingen,13,392,0.25,-0.4956678380974851,-0.5354376027727847,0.039769764675299635
Tuebingen,14,392,0.25,-0.5713779516385767,-0.5647016215465553,-0.006676330092021399
Tuebingen,15,392,0.25,-0.29531310268562827,-0.23851014410859356,-0.05680295857703471
Tuebingen,16,392,0.25,-0.7217542006711755,-1.0606541293503482,0.33889992867917274
Tuebingen,17,5000,0.5,-14.559203940328098,-0.6947215963301407,-13.864482343997958
Tuebingen,18,314,1.0,-0.41063692303240423,-0.4482071396816572,0.037570216649252974
Tuebingen,19,194,1.0,-0.29791880617319333,-0.6638860339458045,0.36596722777261115
Tuebingen,20,349,0.166,-0.7962591029953583,-0.7697016974077668,-0.026557405587591454
Tuebingen,21,349,0.167,-1.0023767409349367,-0.7459948270680883,-0.2563819138668484
Tuebingen,22,450,0.333,-3.8585192509576465,-4.976146352361531,1.1176271014038845
Tuebingen,23,452,0.333,-1.180764333293798,-2.1343088409303173,0.9535445076365192
Tuebingen,24,451,0.334,-1.330538849175493,-0.7660227245095054,-0.5645161246659877
Tuebingen,25,1030,0.125,-0.466949545691107,-0.5514567524602146,0.08450720676910761
Tuebingen,26,1030,0.125,-0.641603917309763,-1.4624421411202655,0.8208382238105025
Tuebingen,27,1030,0.125,-0.5893685765952588,-1.6613948558391964,1.0720262792439377
Tuebingen,28,1030,0.125,-0.8245233276280617,-1.3793273356287197,0.554804008000658
Tuebingen,29,1030,0.125,-0.3797885006769454,-0.8286866696143689,0.44889816893742346
Tuebingen,30,1030,0.125,-0.9765114505507897,-0.7440490848502158,-0.23246236570057388
Tuebingen,31,1030,0.125,-1.3229122534444004,-0.7718330816862737,-0.5510791717581267
Tuebingen,32,1030,0.125,-0.29465454589085843,-2.245929597880626,1.9512750519897677
Tuebingen,33,345,0.2,-0.4745452526667611,-0.4818959225170799,0.007350669850318792
Tuebingen,34,345,0.2,-0.5266302850262514,-0.776219528423728,0.24958924339747657
Tuebingen,35,345,0.2,-0.6323247265916823,-0.8584739683562456,0.2261492417645633
Tuebingen,36,345,0.2,-0.6945830209451078,-0.7955893395075415,0.1010063185624337
Tuebingen,37,345,0.2,-1.0040082459359503,-0.6254420749167722,-0.3785661710191781
Tuebingen,38,757,0.25,-0.45017231166615923,-1.0222076317164708,0.5720353200503115
Tuebingen,39,394,0.25,-0.671713875155881,-0.6857931772641622,0.014079302108281233
Tuebingen,40,733,0.25,-0.5247574802952442,-1.6466947940136596,1.1219373137184154
Tuebingen,41,763,0.25,-0.6401671887941702,-1.1058608961657024,0.46569370737153215
Tuebingen,42,9162,0.5,-0.5195536331505084,-27.018673032347834,26.499119399197326
Tuebingen,43,10369,0.25,-0.16794038044135676,-0.1729293496708706,0.004988969229513834
Tuebingen,44,10369,0.25,-0.20757299332639434,-0.1935407441054899,-0.01403224922090443
Tuebingen,45,10369,0.25,-0.9127227974654504,-0.7781964620423979,-0.13452633542305248
Tuebingen,46,10369,0.25,-2.458552895843913,-1.7621057255596493,-0.6964471702842636
Tuebingen,48,168,1.0,-0.38817908653711436,-0.4293864763639701,0.041207389826855734
Tuebingen,49,365,0.333,-0.39373984973726095,-0.3556689992123413,-0.03807085052491965
Tuebingen,50,365,0.333,-0.5739844667530186,-0.5592016724612926,-0.01478279429172602
Tuebingen,51,365,0.334,-0.5040859721572153,-0.388881256036583,-0.11520471612063227
Tuebingen,56,192,0.083,-1.111117923627289,-0.38096061825317945,-0.7301573053741095
Tuebingen,57,192,0.083,-1.0687996733609708,-0.6030820944507803,-0.4657175789101905
Tuebingen,58,192,0.084,-2.2797809112614993,-0.44779823319856815,-1.8319826780629311
Tuebingen,59,192,0.083,-0.7625441203205687,-0.6232437459654891,-0.13930037435507958
Tuebingen,60,192,0.083,-0.9021843917349608,-0.4676630516642045,-0.43452134007075627
Tuebingen,61,192,0.084,-0.9169916583394085,-0.47016069858231163,-0.4468309597570969
Tuebingen,62,192,0.083,-1.9974051551346381,-0.41346535087866376,-1.5839398042559742
Tuebingen,63,192,0.083,-0.7008874186656074,-0.6236606569370272,-0.07722676172858023
Tuebingen,64,162,0.084,-0.20804255520105777,-0.38238051258296196,0.1743379573819042
Tuebingen,65,1331,0.333,-1.5841466464155336,-1.5140677097058526,-0.07007893670968102
Tuebingen,66,1331,0.333,-2.9106663251994664,-21.603822143715306,18.69315581851584
Tuebingen,67,1331,0.334,-1.1623898175053629,-2.5813651699413045,1.4189753524359416
Tuebingen,68,498,1.0,-1.0407324160095448,-0.9302732658427368,-0.11045915016680796
Tuebingen,69,16382,1.0,-1.4090918974327586,-3.0062877852767125,1.5971958878439538
Tuebingen,72,1632,1.0,-0.730542547284309,-0.8183377829986282,0.08779523571431924
Tuebingen,73,5084,0.083,-61.44165306208106,-1.3043889986182657,-60.137264063462794
Tuebingen,74,194,0.083,-0.6090208117702142,-0.8155948247246301,0.2065740129544159
Tuebingen,75,205,0.084,-0.43059333327091653,-0.6818330174927578,0.2512396842218413
Tuebingen,76,347,1.0,-3.0788502695200703,-0.6500028249005402,-2.4288474446195303
Tuebingen,77,8401,0.5,-0.4544765805493543,-0.7236011835058943,0.26912460295654
Tuebingen,78,721,0.3333,-0.2413013006020404,-0.307926981133045,0.0666256805310046
Tuebingen,79,721,0.3333,-0.2943517622830815,-0.20045412603660479,-0.09389763624647673
Tuebingen,80,721,0.3334,-0.3904052083843799,-0.38786422245927793,-0.0025409859251019906
Tuebingen,81,365,0.3333,-0.6725448961720047,-0.9278541886367584,0.25530929246475365
Tuebingen,82,365,0.3333,-0.303880050970719,-0.3845097672134706,0.08062971624275156
Tuebingen,83,365,0.3334,-0.24619875983754377,-0.20438366031778626,-0.04181509951975751
Tuebingen,84,3102,1.0,-0.09121961456020813,-0.11128427830415563,0.020064663743947497
Tuebingen,85,994,1.0,-0.381049458953367,-1.3607073711631348,0.9796579122097677
Tuebingen,86,666,1.0,-0.7251828400148967,-0.8476237591376096,0.12244091912271282
Tuebingen,87,7753,1.0,-2.3181595729063074,-1.1259393613126174,-1.19222021159369
Tuebingen,88,261,1.0,-0.27810354622397176,-1.722575107368441,1.4444715611444692
Tuebingen,89,131,0.25,-0.856803924176841,-0.7924101266430412,-0.06439379753379981
Tuebingen,90,126,0.25,-0.9150692309699335,-0.7666716292928093,-0.14839760167712424
Tuebingen,91,149,0.25,-0.329411607378557,-0.5164987268295046,0.18708711945094758
Tuebingen,92,150,0.25,-0.2948589540286241,-0.35720199370737993,0.06234303967875582
Tuebingen,93,432,1.0,-0.3839127626439186,-0.35932629262462024,-0.024586470019298368
Tuebingen,94,9504,0.3333,-0.17682293706886926,-8.674446463430662,8.497623526361792
Tuebingen,95,9504,0.3333,-0.7178420900828428,-2.092795395124613,1.3749533050417704
Tuebingen,96,9504,0.3333,-82.28733093246379,-11.514463873296016,-70.77286705916777
Tuebingen,97,202,0.2,-0.2956075566083708,-0.5429407064056079,0.24733314979723708
Tuebingen,98,94,0.2,-0.09652703664191288,-0.12410204678132106,0.027575010139408176
Tuebingen,99,2287,1.0,-0.4052320400701895,-0.5412173499511083,0.13598530988091878
Tuebingen,100,209,1.0,-0.308138451033469,-0.3136883009218975,0.005549849888428493
Tuebingen,101,300,0.5,-0.15203284045639925,-0.2443643903570087,0.09233154990060943
Tuebingen,102,109,0.2,-0.49117330199651255,-0.29374249286144694,-0.1974308091350656
Tuebingen,103,109,0.2,-0.807209228139645,-0.46929748998743737,-0.33791173815220765
Tuebingen,104,109,0.2,-0.3905403824486577,-0.39424376913025794,0.0037033866816002514
Tuebingen,106,114,1.0,-0.655479655887278,-0.27265265282005,-0.38282700306722794
Tuebingen,108,112,1.0,-0.4449805446769136,-1.1258291703802599,0.6808486257033463
