benchmark,pair_id,weight,reci,reci_closed
AN,1,1.0,-0.010662995737512126,-0.01066299573751213
AN,2,1.0,0.006207772507848161,0.006207772507848161
AN,3,1.0,0.004716549576818028,0.004716549576818031
AN,4,1.0,-0.00326023824121785,-0.00326023824121785
AN,5,1.0,0.005987418262804779,0.005987418262804783
AN,6,1.0,-0.008457367784917135,-0.008457367784917135
AN,7,1.0,-0.030289909246736215,-0.030289909246736208
AN,8,1.0,0.00410111222642108,0.00410111222642108
AN,9,1.0,0.0018871421909156267,0.0018871421909156284
AN,10,1.0,-0.0014672647169440764,-0.0014672647169440764
AN,11,1.0,-0.01226156710522801,-0.012261567105228013
AN,12,1.0,0.0061307780375589125,0.006130778037558911
AN,13,1.0,-0.017634607129994317,-0.017634607129994317
AN,14,1.0,-0.04396313369716352,-0.04396313369716352
AN,15,1.0,-0.012287922419706917,-0.012287922419706917
AN,16,1.0,-0.012413090148115608,-0.012413090148115615
AN,17,1.0,-0.03065668354299911,-0.03065668354299911
AN,18,1.0,-0.006473926079635652,-0.006473926079635653
AN,19,1.0,-0.027709609298879785,-0.027709609298879792
AN,20,1.0,-0.013594329222278233,-0.013594329222278233
AN,21,1.0,-0.024033530925784988,-0.024033530925784984
AN,22,1.0,-0.0076187611804317094,-0.0076187611804317094
AN,23,1.0,-0.01326108175584916,-0.01326108175584916
AN,24,1.0,-0.013651202964632696,-0.013651202964632693
AN,25,1.0,-0.03442415832793959,-0.03442415832793959
AN,26,1.0,0.009547565463653967,0.009547565463653967
AN,27,1.0,-0.015067056122561361,-0.01506705612256136
AN,28,1.0,-0.006575794552257715,-0.006575794552257716
AN,29,1.0,0.002218893569375352,0.002218893569375352
AN,30,1.0,-0.003173952215668449,-0.0031739522156684526
AN,31,1.0,-0.023687169127538665,-0.02368716912753866
AN,32,1.0,0.014528480363526022,0.014528480363526022
AN,33,1.0,-0.00023711339953715743,-0.00023711339953715743
AN,34,1.0,0.0005049358509245198,0.0005049358509245198
AN,35,1.0,-0.021182890804708924,-0.021182890804708927
AN,36,1.0,-0.022811130847131024,-0.02281113084713102
AN,37,1.0,-0.004472030994458422,-0.004472030994458424
AN,38,1.0,-0.006290880605897336,-0.006290880605897336
AN,39,1.0,-0.0012488225857943576,-0.0012488225857943576
AN,40,1.0,-0.0069359689828335114,-0.0069359689828335114
AN,41,1.0,0.003534840251570791,0.0035348402515707946
AN,42,1.0,-0.0268491502783048,-0.02684915027830481
AN,43,1.0,-0.0062651125978482915,-0.006265112597848288
AN,44,1.0,-0.002168459981900909,-0.002168459981900909
AN,45,1.0,-0.006749806486324221,-0.0067498064863242176
AN,46,1.0,-0.026452597431831322,-0.02645259743183132
AN,47,1.0,-0.01023380329708188,-0.01023380329708188
AN,48,1.0,0.008794616842862733,0.008794616842862736
AN,49,1.0,-0.018306765513999866,-0.018306765513999873
AN,50,1.0,-0.021158522210116867,-0.021158522210116867
AN,51,1.0,-0.01992644514617436,-0.01992644514617436
AN,52,1.0,-0.014776422995006464,-0.014776422995006464
AN,53,1.0,-0.01836177012908714,-0.018361770129087143
AN,54,1.0,-0.04281563499196455,-0.04281563499196456
AN,55,1.0,-0.018138136915197063,-0.018138136915197063
AN,56,1.0,-0.014097818117067402,-0.014097818117067402
AN,57,1.0,0.0019803086790429053,0.0019803086790429053
AN,58,1.0,0.0002983570528621443,0.0002983570528621443
AN,59,1.0,-0.0025838605837608317,-0.0025838605837608334
AN,60,1.0,-0.008875113718041283,-0.008875113718041283
AN,61,1.0,-0.01774793813343594,-0.017747938133435934
AN,62,1.0,-0.01201577496442401,-0.01201577496442401
AN,63,1.0,0.008060368886036435,0.008060368886036435
AN,64,1.0,-0.036052916268833016,-0.036052916268833016
AN,65,1.0,-0.010546752874721812,-0.010546752874721812
AN,66,1.0,-0.032304936609050636,-0.03230493660905063
AN,67,1.0,-0.013680793072226244,-0.01368079307222624
AN,68,1.0,-0.0016813153510787729,-0.0016813153510787764
AN,69,1.0,-0.01114645664000925,-0.01114645664000925
AN,70,1.0,-0.015448951349977027,-0.015448951349977027
AN,71,1.0,-0.03156639879397541,-0.0315663987939754
AN,72,1.0,-0.009383314451466913,-0.009383314451466913
AN,73,1.0,-0.025519659106712722,-0.025519659106712722
AN,74,1.0,-0.004747438270685418,-0.004747438270685418
AN,75,1.0,-0.01611060016835615,-0.01611060016835615
AN,76,1.0,-0.0013076093122136572,-0.0013076093122136572
AN,77,1.0,-0.016570088933568317,-0.016570088933568317
AN,78,1.0,-0.016126772199812168,-0.016126772199812168
AN,79,1.0,-0.02436494558723805,-0.02436494558723805
AN,80,1.0,-0.01021848723085124,-0.010218487230851243
AN,81,1.0,-0.02123958176291911,-0.02123958176291911
AN,82,1.0,0.002842879219644559,0.002842879219644559
AN,83,1.0,-0.006869689572542928,-0.006869689572542928
AN,84,1.0,-0.014559366019298853,-0.014559366019298853
AN,85,1.0,0.004998663811987051,0.004998663811987051
AN,86,1.0,-0.013543651945659268,-0.013543651945659266
AN,87,1.0,-0.002824531783801428,-0.002824531783801428
AN,88,1.0,-0.0047945754436264955,-0.0047945754436264955
AN,89,1.0,-0.019190796330190135,-0.019190796330190142
AN,90,1.0,-0.02295980586960862,-0.02295980586960862
AN,91,1.0,-0.02499025616273382,-0.02499025616273382
AN,92,1.0,-0.0006405008372634483,-0.0006405008372634483
AN,93,1.0,0.002278511580419012,0.00227851158041901
AN,94,1.0,-0.018418182728639335,-0.018418182728639335
AN,95,1.0,-0.006307063805678793,-0.006307063805678796
AN,96,1.0,-0.02864763808123311,-0.02864763808123311
AN,97,1.0,-0.009180856630704413,-0.009180856630704413
AN,98,1.0,-0.002331912745128995,-0.002331912745128995
AN,99,1.0,-0.013346374849215584,-0.013346374849215584
AN,100,1.0,-0.014678319601286125,-0.014678319601286122
AN-s,1,1.0,0.0077401318153694386,0.007740131815369438
AN-s,2,1.0,-0.006877233526992167,-0.006877233526992167
AN-s,3,1.0,-0.013068739290879417,-0.013068739290879417
AN-s,4,1.0,0.003314117460130007,0.003314117460130007
AN-s,5,1.0,0.001087158208465817,0.001087158208465817
AN-s,6,1.0,-0.009768895828789863,-0.009768895828789863
AN-s,7,1.0,-0.008932502101621075,-0.008932502101621076
AN-s,8,1.0,-0.007720658703420952,-0.007720658703420951
AN-s,9,1.0,-0.005567472316068488,-0.005567472316068488
AN-s,10,1.0,-0.007094820027782568,-0.007094820027782568
AN-s,11,1.0,-0.0059399088659725305,-0.005939908865972532
AN-s,12,1.0,-0.005807005385151369,-0.0058070053851513705
AN-s,13,1.0,0.0027662483709223213,0.002766248370922323
AN-s,14,1.0,-0.0037545617967318073,-0.0037545617967318073
AN-s,15,1.0,-0.0067275532249863376,-0.006727553224986341
AN-s,16,1.0,-0.0029044926382676903,-0.0029044926382676903
AN-s,17,1.0,-0.00021095953566332287,-0.00021095953566332114
AN-s,18,1.0,-0.010055583656509636,-0.010055583656509636
AN-s,19,1.0,-0.00631005532871262,-0.00631005532871262
AN-s,20,1.0,-0.005174172006435921,-0.005174172006435921
AN-s,21,1.0,-0.014941878830349356,-0.014941878830349356
AN-s,22,1.0,-0.007689918557000535,-0.007689918557000536
AN-s,23,1.0,-0.012679286210491778,-0.012679286210491778
AN-s,24,1.0,-0.0032843042434037547,-0.0032843042434037547
AN-s,25,1.0,0.0005927765172233888,0.0005927765172233888
AN-s,26,1.0,-0.006937684659023455,-0.006937684659023453
AN-s,27,1.0,0.0002268306302339873,0.00022683063023398557
AN-s,28,1.0,0.008277071058387321,0.008277071058387321
AN-s,29,1.0,-0.011984165399187468,-0.011984165399187468
AN-s,30,1.0,-0.014363906306947663,-0.014363906306947664
AN-s,31,1.0,-0.010554247536516698,-0.010554247536516698
AN-s,32,1.0,0.000522072720470718,0.000522072720470718
AN-s,33,1.0,0.004641339708184271,0.0046413397081842694
AN-s,34,1.0,0.0016606229392124774,0.0016606229392124791
AN-s,35,1.0,-0.010106676529010539,-0.010106676529010539
AN-s,36,1.0,0.004442714924777179,0.004442714924777174
AN-s,37,1.0,-0.014975793641938392,-0.014975793641938392
AN-s,38,1.0,-0.0074773296842475315,-0.0074773296842475315
AN-s,39,1.0,-0.008273752857423695,-0.008273752857423699
AN-s,40,1.0,0.005822386369384186,0.005822386369384185
AN-s,41,1.0,-0.016155492717282678,-0.01615549271728268
AN-s,42,1.0,-0.013610674295598951,-0.013610674295598951
AN-s,43,1.0,0.007215176190894164,0.007215176190894164
AN-s,44,1.0,0.0015394594555424648,0.0015394594555424648
AN-s,45,1.0,-0.024336675852560868,-0.024336675852560864
AN-s,46,1.0,-0.0003574538640606466,-0.0003574538640606466
AN-s,47,1.0,0.0009351914203360248,0.0009351914203360283
AN-s,48,1.0,0.0002655221866716892,0.0002655221866716892
AN-s,49,1.0,0.0002603925623487647,0.00026039256234876296
AN-s,50,1.0,-0.004714962901485103,-0.004714962901485103
AN-s,51,1.0,0.0035493625266267634,0.003549362526626758
AN-s,52,1.0,0.007888493228527922,0.007888493228527919
AN-s,53,1.0,0.004271224640746786,0.004271224640746786
AN-s,54,1.0,3.604046106107234e-05,3.604046106107407e-05
AN-s,55,1.0,-0.004146078422295729,-0.004146078422295727
AN-s,56,1.0,-0.009824396839721342,-0.009824396839721344
AN-s,57,1.0,0.0007097150973325271,0.0007097150973325271
AN-s,58,1.0,-0.0032329773243982944,-0.0032329773243982944
AN-s,59,1.0,0.0076015672587102,0.0076015672587102
AN-s,60,1.0,0.00942492336671483,0.009424923366714829
AN-s,61,1.0,-0.0030697017047695563,-0.0030697017047695563
AN-s,62,1.0,-0.007977692464726448,-0.007977692464726448
AN-s,63,1.0,0.009764986054756392,0.009764986054756397
AN-s,64,1.0,0.000501492430403247,0.0005014924304032496
AN-s,65,1.0,-0.00815286221359739,-0.00815286221359739
AN-s,66,1.0,-0.013886260271503626,-0.013886260271503626
AN-s,67,1.0,-0.00047626497742850674,-0.00047626497742850674
AN-s,68,1.0,-0.016781085765415732,-0.016781085765415732
AN-s,69,1.0,-0.00037148512968610686,-0.00037148512968611033
AN-s,70,1.0,-0.008925726117640892,-0.008925726117640892
AN-s,71,1.0,0.0035622929781689676,0.0035622929781689693
AN-s,72,1.0,0.006247305604388865,0.006247305604388865
AN-s,73,1.0,-0.03171016431426853,-0.03171016431426853
AN-s,74,1.0,-0.003943237352752035,-0.003943237352752036
AN-s,75,1.0,-0.0019370737576328298,-0.001937073757632829
AN-s,76,1.0,-6.45987253322794e-05,-6.45987253322794e-05
AN-s,77,1.0,0.0034290701560073036,0.0034290701560073036
AN-s,78,1.0,0.0005878951633620493,0.0005878951633620476
AN-s,79,1.0,0.003938795699931276,0.00393879569993128
AN-s,80,1.0,-0.004496459869101457,-0.004496459869101457
AN-s,81,1.0,-0.0014964658524732558,-0.001496465852473254
AN-s,82,1.0,-0.003425239552835046,-0.003425239552835046
AN-s,83,1.0,-0.004951037120667601,-0.004951037120667601
AN-s,84,1.0,-0.0011916151248575202,-0.0011916151248575167
AN-s,85,1.0,0.003039745033447748,0.0030397450334477463
AN-s,86,1.0,-0.013636150311477059,-0.01363615031147706
AN-s,87,1.0,-0.0033114625817043525,-0.0033114625817043507
AN-s,88,1.0,-0.01353498510833453,-0.01353498510833453
AN-s,89,1.0,-0.00209151822057755,-0.00209151822057755
AN-s,90,1.0,-0.008948821960983,-0.008948821960983
AN-s,91,1.0,0.004964601830602086,0.004964601830602083
AN-s,92,1.0,-0.00887693420333693,-0.00887693420333693
AN-s,93,1.0,-0.017905285334525234,-0.017905285334525237
AN-s,94,1.0,-0.010017830191068125,-0.010017830191068122
AN-s,95,1.0,0.006271952114851749,0.006271952114851747
AN-s,96,1.0,-0.017193038477057804,-0.017193038477057804
AN-s,97,1.0,0.007177517017533216,0.007177517017533219
AN-s,98,1.0,-0.006525361898051247,-0.006525361898051247
AN-s,99,1.0,-0.00286461761128114,-0.0028646176112811367
AN-s,100,1.0,-0.0012876450754031547,-0.0012876450754031547
LS,1,1.0,-0.010944579594388982,-0.010944579594388982
LS,2,1.0,-0.0029462558863035983,-0.002946255886303588
LS,3,1.0,-0.018815669043030777,-0.018815669043030777
LS,4,1.0,-0.0005533351723080275,-0.0005533351723080275
LS,5,1.0,-0.007496751746947285,-0.007496751746947285
LS,6,1.0,-0.00877572879619564,-0.008775728796195637
LS,7,1.0,-0.011817126143083728,-0.011817126143083728
LS,8,1.0,-0.005564742677577228,-0.005564742677577228
LS,9,1.0,-0.011101980891939527,-0.011101980891939527
LS,10,1.0,-0.02408669690784168,-0.02408669690784168
LS,11,1.0,-0.0007389965840212918,-0.0007389965840212918
LS,12,1.0,-0.010615575270951989,-0.010615575270951989
LS,13,1.0,-0.0005592286954747769,-0.0005592286954747769
LS,14,1.0,-0.016446902402869175,-0.016446902402869175
LS,15,1.0,-0.0018703483077569562,-0.0018703483077569562
LS,16,1.0,-0.01796704469603064,-0.01796704469603064
LS,17,1.0,-0.00358308421633002,-0.00358308421633002
LS,18,1.0,0.009051265977205595,0.009051265977205595
LS,19,1.0,-0.02121343048225486,-0.021213430482254863
LS,20,1.0,0.0005194821670212318,0.0005194821670212318
LS,21,1.0,0.006798718754482912,0.006798718754482912
LS,22,1.0,-0.019814160025062068,-0.01981416002506205
LS,23,1.0,-0.009726486856506011,-0.009726486856506011
LS,24,1.0,-0.01898855375377113,-0.018988553753771127
LS,25,1.0,-0.0005685308930061077,-0.0005685308930061077
LS,26,1.0,-0.030048575439146557,-0.030048575439146557
LS,27,1.0,-0.005073816074762486,-0.005073816074762486
LS,28,1.0,-0.016321770524396314,-0.01632177052439631
LS,29,1.0,0.0061081579441744464,0.00610815794417445
LS,30,1.0,-0.0020913022877973586,-0.0020913022877973586
LS,31,1.0,-0.013332592666686231,-0.013332592666686231
LS,32,1.0,0.005659795513534734,0.005659795513534734
LS,33,1.0,-0.004816791426990248,-0.004816791426990248
LS,34,1.0,-0.010002580127958086,-0.010002580127958086
LS,35,1.0,0.007858368526035182,0.007858368526035185
LS,36,1.0,-0.001168131820603574,-0.0011681318206035775
LS,37,1.0,-0.011356077803453674,-0.011356077803453674
LS,38,1.0,0.0016365668312038721,0.0016365668312038721
LS,39,1.0,-0.0002840437093749558,-0.00028404370937495926
LS,40,1.0,0.0018064591000504712,0.0018064591000504712
LS,41,1.0,-0.002019147735270413,-0.0020191477352704094
LS,42,1.0,-0.021003306373260786,-0.021003306373260776
LS,43,1.0,0.0020541113452434076,0.002054111345243411
LS,44,1.0,-0.012059787106574724,-0.01205978710657472
LS,45,1.0,-0.006317063034314542,-0.006317063034314542
LS,46,1.0,-0.004281280501928105,-0.004281280501928109
LS,47,1.0,-0.025746885446342092,-0.02574688544634209
LS,48,1.0,-0.012327412957492023,-0.012327412957492023
LS,49,1.0,-0.016789331283851044,-0.016789331283851044
LS,50,1.0,0.010133142301921073,0.010133142301921073
LS,51,1.0,0.0031383467054935544,0.0031383467054935596
LS,52,1.0,-0.012850584341643672,-0.012850584341643675
LS,53,1.0,-0.0030992490713052066,-0.0030992490713052066
LS,54,1.0,-0.0015339097572515427,-0.0015339097572515427
LS,55,1.0,-0.0035605954427209256,-0.003560595442720929
LS,56,1.0,-0.012997604415155704,-0.012997604415155701
LS,57,1.0,-0.0062344931464133925,-0.006234493146413396
LS,58,1.0,-0.00185862817769155,-0.00185862817769155
LS,59,1.0,-0.018672982793776396,-0.018672982793776396
LS,60,1.0,0.005581491117490834,0.005581491117490836
LS,61,1.0,0.0026945179887725226,0.0026945179887725226
LS,62,1.0,-0.009617453764030875,-0.009617453764030875
LS,63,1.0,0.009341008214732351,0.009341008214732351
LS,64,1.0,0.004127270960890234,0.004127270960890234
LS,65,1.0,-0.03147964288341064,-0.03147964288341063
LS,66,1.0,-0.009868009142069992,-0.009868009142069992
LS,67,1.0,-0.012489996859068247,-0.012489996859068247
LS,68,1.0,-0.02634325665098474,-0.02634325665098474
LS,69,1.0,-0.02292186037783568,-0.022921860377835685
LS,70,1.0,-0.013198662592552101,-0.013198662592552094
LS,71,1.0,-0.017233447732208102,-0.0172334477322081
LS,72,1.0,0.0017429617879014328,0.0017429617879014363
LS,73,1.0,-0.002151608045913682,-0.002151608045913682
LS,74,1.0,-0.004260696939251744,-0.00426069693925174
LS,75,1.0,0.004027871364851436,0.004027871364851438
LS,76,1.0,-0.007842718728254811,-0.007842718728254813
LS,77,1.0,-0.011427660643580341,-0.011427660643580348
LS,78,1.0,-0.0018966429525945454,-0.0018966429525945454
LS,79,1.0,-0.014034885509850454,-0.014034885509850454
LS,80,1.0,-0.00868659253071255,-0.00868659253071255
LS,81,1.0,0.004742015366423394,0.004742015366423394
LS,82,1.0,-0.01206238715156326,-0.012062387151563266
LS,83,1.0,-0.000251433448110603,-0.00025143344811060647
LS,84,1.0,-0.01601622097366079,-0.01601622097366079
LS,85,1.0,-0.007962708311961907,-0.0079627083119619
LS,86,1.0,0.003171808585775149,0.003171808585775149
LS,87,1.0,-0.008278689135062987,-0.008278689135062984
LS,88,1.0,-0.022535073226997847,-0.022535073226997847
LS,89,1.0,-0.0016254718667398325,-0.001625471866739836
LS,90,1.0,0.009874177209339415,0.009874177209339413
LS,91,1.0,0.0024011111215266542,0.0024011111215266542
LS,92,1.0,-0.0012253695446304072,-0.0012253695446304072
LS,93,1.0,-0.006258485584207732,-0.006258485584207735
LS,94,1.0,-0.0005783374256555611,-0.0005783374256555611
LS,95,1.0,-0.0063141375274322065,-0.00631413752743221
LS,96,1.0,-0.0025505657607019713,-0.0025505657607019783
LS,97,1.0,-0.005695746104406849,-0.005695746104406849
LS,98,1.0,0.0006925696648167005,0.0006925696648167057
LS,99,1.0,-0.004529095321702953,-0.00452909532170296
LS,100,1.0,-0.010190790680752054,-0.010190790680752054
LS-s,1,1.0,-0.0068143232936186855,-0.006814323293618682
LS-s,2,1.0,0.007490078262194442,0.007490078262194446
LS-s,3,1.0,-0.003226507433833393,-0.003226507433833393
LS-s,4,1.0,0.0035611483135926728,0.0035611483135926693
LS-s,5,1.0,-0.004689414319525001,-0.004689414319525005
LS-s,6,1.0,-0.002350569837004362,-0.002350569837004362
LS-s,7,1.0,0.0058875018527363866,0.005887501852736386
LS-s,8,1.0,-0.001613022446795129,-0.0016130224467951308
LS-s,9,1.0,0.017437984728764313,0.017437984728764313
LS-s,10,1.0,-0.005135387202406028,-0.005135387202406028
LS-s,11,1.0,0.011227261814081999,0.011227261814081999
LS-s,12,1.0,0.006709088885995935,0.0067090888859959365
LS-s,13,1.0,0.004380653216634542,0.004380653216634542
LS-s,14,1.0,0.007392014711914932,0.007392014711914932
LS-s,15,1.0,0.004645829931894822,0.004645829931894826
LS-s,16,1.0,0.005377205551483331,0.005377205551483334
LS-s,17,1.0,-0.006574588848950909,-0.006574588848950905
LS-s,18,1.0,-0.010845725121275308,-0.010845725121275306
LS-s,19,1.0,0.003184688067347506,0.003184688067347506
LS-s,20,1.0,0.0011320412300932468,0.0011320412300932486
LS-s,21,1.0,-0.005383799079779953,-0.005383799079779957
LS-s,22,1.0,0.005958158291460848,0.005958158291460847
LS-s,23,1.0,0.003016202861955048,0.0030162028619550446
LS-s,24,1.0,0.0032686036276668926,0.0032686036276668926
LS-s,25,1.0,-0.00512454415837247,-0.00512454415837247
LS-s,26,1.0,-0.0016154587095073593,-0.0016154587095073593
LS-s,27,1.0,-0.0068222663397770195,-0.006822266339777016
LS-s,28,1.0,-0.010037156515621726,-0.010037156515621726
LS-s,29,1.0,-0.0011212559868866972,-0.001121255986886699
LS-s,30,1.0,0.011355300945851425,0.011355300945851424
LS-s,31,1.0,-0.017210337176976943,-0.017210337176976943
LS-s,32,1.0,0.006217684377233059,0.006217684377233059
LS-s,33,1.0,-0.0025139891596259387,-0.002513989159625937
LS-s,34,1.0,-0.006823814956468718,-0.006823814956468721
LS-s,35,1.0,0.0010126039319731887,0.0010126039319731887
LS-s,36,1.0,0.0022422044017706734,0.0022422044017706803
LS-s,37,1.0,-0.006567757229200338,-0.0065677572292003345
LS-s,38,1.0,0.00031422517557631174,0.0003142251755763187
LS-s,39,1.0,-0.0021747596610176903,-0.0021747596610176886
LS-s,40,1.0,0.002540273128958258,0.0025402731289582564
LS-s,41,1.0,-0.008392303596984025,-0.008392303596984025
LS-s,42,1.0,0.0005527409749296885,0.0005527409749296851
LS-s,43,1.0,0.00031858196141699296,0.00031858196141699296
LS-s,44,1.0,-0.010445020485021099,-0.010445020485021099
LS-s,45,1.0,-0.008656421181842408,-0.008656421181842408
LS-s,46,1.0,-0.005936801118844048,-0.005936801118844044
LS-s,47,1.0,-0.009584632414069302,-0.009584632414069302
LS-s,48,1.0,-0.008677262910646188,-0.008677262910646192
LS-s,49,1.0,0.0029871845233166838,0.0029871845233166838
LS-s,50,1.0,-0.0012353352694007818,-0.0012353352694007853
LS-s,51,1.0,0.00042098184819162193,0.00042098184819162193
LS-s,52,1.0,0.004686835246770403,0.004686835246770403
LS-s,53,1.0,-0.0022506847787476664,-0.002250684778747668
LS-s,54,1.0,0.0011541083700367001,0.0011541083700367001
LS-s,55,1.0,-0.017720568595847773,-0.017720568595847773
LS-s,56,1.0,-0.004994725980762223,-0.004994725980762223
LS-s,57,1.0,-0.008639428343127722,-0.008639428343127722
LS-s,58,1.0,-0.0022471935528999756,-0.0022471935528999756
LS-s,59,1.0,0.0014397379689292805,0.001439737968929284
LS-s,60,1.0,0.0025576715658512123,0.0025576715658512123
LS-s,61,1.0,-0.011515211416278037,-0.01151521141627804
LS-s,62,1.0,-0.007207655095081117,-0.007207655095081119
LS-s,63,1.0,0.013417161230548254,0.013417161230548251
LS-s,64,1.0,-0.011672823404074656,-0.01167282340407466
LS-s,65,1.0,-0.006439618624171143,-0.006439618624171143
LS-s,66,1.0,-0.010211616738884221,-0.01021161673888422
LS-s,67,1.0,0.005147283897030502,0.005147283897030503
LS-s,68,1.0,0.003940117673592364,0.003940117673592364
LS-s,69,1.0,-0.006142261323694711,-0.006142261323694711
LS-s,70,1.0,-0.005427230692966821,-0.005427230692966821
LS-s,71,1.0,0.0012065628652765167,0.0012065628652765167
LS-s,72,1.0,-0.006139344055557938,-0.006139344055557931
LS-s,73,1.0,-0.007403177244087416,-0.007403177244087416
LS-s,74,1.0,-0.0005982368564800434,-0.0005982368564800434
LS-s,75,1.0,-0.00771009762111248,-0.00771009762111248
LS-s,76,1.0,-0.004558054954325095,-0.004558054954325095
LS-s,77,1.0,-9.645028172703893e-05,-9.645028172703893e-05
LS-s,78,1.0,-0.006647866157730621,-0.006647866157730621
LS-s,79,1.0,0.008084730776948646,0.008084730776948643
LS-s,80,1.0,-0.005671834248960429,-0.005671834248960429
LS-s,81,1.0,0.0089712660522926,0.0089712660522926
LS-s,82,1.0,0.008391237266712712,0.008391237266712712
LS-s,83,1.0,-0.007415548465710199,-0.007415548465710199
LS-s,84,1.0,-0.003243856975601164,-0.0032438569756011656
LS-s,85,1.0,-0.01404237842047962,-0.01404237842047962
LS-s,86,1.0,-0.0004747784725809244,-0.00047477847258092266
LS-s,87,1.0,-0.003537871612678073,-0.003537871612678073
LS-s,88,1.0,0.01610176255027718,0.016101762550277177
LS-s,89,1.0,-0.009359567881708955,-0.009359567881708957
LS-s,90,1.0,0.002865914858061921,0.0028659148580619156
LS-s,91,1.0,0.003550197689999375,0.003550197689999375
LS-s,92,1.0,8.443022939069386e-05,8.443022939069386e-05
LS-s,93,1.0,0.016721467633158134,0.016721467633158134
LS-s,94,1.0,0.00010469981994561117,0.00010469981994561117
LS-s,95,1.0,-0.00671438468492341,-0.0067143846849234065
LS-s,96,1.0,-0.0006939594901883162,-0.0006939594901883162
LS-s,97,1.0,-0.0016111678658971736,-0.00161116786589717
LS-s,98,1.0,0.005086801430746196,0.0050868014307461976
LS-s,99,1.0,0.009492593194660713,0.009492593194660713
LS-s,100,1.0,-0.010762550308507075,-0.010762550308507077
MN-U,1,1.0,-0.004249160190248515,-0.004249160190248515
MN-U,2,1.0,0.0022855863749617344,0.0022855863749617344
MN-U,3,1.0,-0.004058328206489666,-0.004058328206489666
MN-U,4,1.0,-0.004404155513224251,-0.004404155513224251
MN-U,5,1.0,-0.007545663786671392,-0.0075456637866713906
MN-U,6,1.0,-0.0007486763078663177,-0.0007486763078663177
MN-U,7,1.0,-0.0022147223823319566,-0.00221472238233196
MN-U,8,1.0,-0.0005890601167379793,-0.0005890601167379793
MN-U,9,1.0,-0.0020517353839088655,-0.002051735383908862
MN-U,10,1.0,-0.00292416424384777,-0.00292416424384777
MN-U,11,1.0,0.0011537658169191028,0.0011537658169191028
MN-U,12,1.0,-0.012216059786348026,-0.012216059786348026
MN-U,13,1.0,-0.012614125748695054,-0.012614125748695056
MN-U,14,1.0,-0.009950447580940951,-0.009950447580940948
MN-U,15,1.0,0.0015912992559678346,0.001591299255967838
MN-U,16,1.0,-0.0007940623530867247,-0.000794062353086723
MN-U,17,1.0,0.0018899987420523626,0.001889998742052361
MN-U,18,1.0,-0.0049319106492369605,-0.0049319106492369605
MN-U,19,1.0,-0.010489079409551773,-0.010489079409551773
MN-U,20,1.0,-0.003553500653750947,-0.003553500653750945
MN-U,21,1.0,-0.015472445461689572,-0.015472445461689568
MN-U,22,1.0,-0.005700718974261623,-0.005700718974261623
MN-U,23,1.0,0.0024705826492369635,0.0024705826492369635
MN-U,24,1.0,-0.002063054100163223,-0.002063054100163223
MN-U,25,1.0,0.0015454661147499098,0.0015454661147499098
MN-U,26,1.0,-0.010494753656275285,-0.010494753656275285
MN-U,27,1.0,-0.0075875103090300815,-0.0075875103090300815
MN-U,28,1.0,-0.00413973709942014,-0.00413973709942014
MN-U,29,1.0,-0.008722599094329538,-0.00872259909432954
MN-U,30,1.0,-0.008291773571743257,-0.008291773571743257
MN-U,31,1.0,-0.01315158513781437,-0.013151585137814368
MN-U,32,1.0,-0.0003059869045419477,-0.00030598690454194596
MN-U,33,1.0,-0.0003403379786084768,-0.0003403379786084751
MN-U,34,1.0,-0.004527201521665662,-0.00452720152166566
MN-U,35,1.0,-0.00640214382259998,-0.00640214382259998
MN-U,36,1.0,-0.008728403166006241,-0.00872840316600624
MN-U,37,1.0,-0.0017151013680998164,-0.0017151013680998164
MN-U,38,1.0,0.0031228793113597143,0.0031228793113597126
MN-U,39,1.0,-0.013542238392442644,-0.01354223839244264
MN-U,40,1.0,-0.010640142367113957,-0.01064014236711396
MN-U,41,1.0,0.0071292058307791915,0.00712920583077919
MN-U,42,1.0,-0.009089259465612218,-0.009089259465612218
MN-U,43,1.0,-0.008104167651272358,-0.008104167651272358
MN-U,44,1.0,-0.007508927279607459,-0.007508927279607457
MN-U,45,1.0,-0.00973858557014502,-0.009738585570145024
MN-U,46,1.0,-0.004104861167314617,-0.004104861167314617
MN-U,47,1.0,-0.008006778992178295,-0.008006778992178292
MN-U,48,1.0,-0.013080263077430553,-0.013080263077430553
MN-U,49,1.0,-0.003968848998565927,-0.003968848998565927
MN-U,50,1.0,-0.0013328655212625738,-0.0013328655212625738
MN-U,51,1.0,-0.010717627115093012,-0.010717627115093015
MN-U,52,1.0,-0.009245783676830233,-0.009245783676830235
MN-U,53,1.0,-0.0027405906049910635,-0.0027405906049910635
MN-U,54,1.0,-0.01348628556225345,-0.013486285562253453
MN-U,55,1.0,-0.002945845559744996,-0.002945845559744996
MN-U,56,1.0,-0.0017486532325617088,-0.001748653232561707
MN-U,57,1.0,0.0007680617837165019,0.0007680617837165019
MN-U,58,1.0,-0.004738857358736021,-0.004738857358736021
MN-U,59,1.0,-0.011573644918679162,-0.011573644918679158
MN-U,60,1.0,-1.0098740173554444e-05,-1.0098740173554444e-05
MN-U,61,1.0,-0.0033089191024387836,-0.0033089191024387836
MN-U,62,1.0,0.0026388103782524607,0.0026388103782524607
MN-U,63,1.0,-0.001758967627499072,-0.0017589676274990737
MN-U,64,1.0,-0.005512057334751325,-0.005512057334751325
MN-U,65,1.0,-0.0035342242782903897,-0.003534224278290393
MN-U,66,1.0,-0.011981889535488349,-0.011981889535488347
MN-U,67,1.0,-0.011088923738827711,-0.011088923738827715
MN-U,68,1.0,-0.0074435520038929615,-0.00744355200389296
MN-U,69,1.0,-0.0113119003436068,-0.011311900343606799
MN-U,70,1.0,-0.0004658485317979976,-0.0004658485317979959
MN-U,71,1.0,-0.003305581153988331,-0.003305581153988331
MN-U,72,1.0,-0.006524487729714661,-0.006524487729714654
MN-U,73,1.0,-0.002936258299705426,-0.002936258299705426
MN-U,74,1.0,-0.006348121779884662,-0.0063481217798846586
MN-U,75,1.0,-0.008418658364299648,-0.008418658364299645
MN-U,76,1.0,-0.005902082597225867,-0.005902082597225869
MN-U,77,1.0,-0.002539657170451265,-0.0025396571704512615
MN-U,78,1.0,-0.002611874601405658,-0.00261187460140566
MN-U,79,1.0,-0.006335918372554403,-0.006335918372554403
MN-U,80,1.0,-0.010234706951682649,-0.010234706951682649
MN-U,81,1.0,-0.003577033177192348,-0.003577033177192348
MN-U,82,1.0,-0.011648135786433193,-0.011648135786433186
MN-U,83,1.0,-0.00696954557118456,-0.006969545571184559
MN-U,84,1.0,-0.01493219174421143,-0.014932191744211424
MN-U,85,1.0,-0.003689029654714182,-0.003689029654714182
MN-U,86,1.0,-0.0013782741085033526,-0.0013782741085033544
MN-U,87,1.0,0.001666345787601286,0.001666345787601286
MN-U,88,1.0,-0.003379188452910166,-0.003379188452910166
MN-U,89,1.0,-0.0026647061148581536,-0.0026647061148581553
MN-U,90,1.0,0.0014184432152853869,0.0014184432152853886
MN-U,91,1.0,-0.0019154770642451288,-0.0019154770642451262
MN-U,92,1.0,-0.0050402965592606565,-0.0050402965592606565
MN-U,93,1.0,-0.004308710370802224,-0.004308710370802224
MN-U,94,1.0,-0.009968938646300631,-0.009968938646300631
MN-U,95,1.0,-0.0038234740921817365,-0.003823474092181735
MN-U,96,1.0,-0.0049798928395647785,-0.0049798928395647785
MN-U,97,1.0,-0.010795441068644548,-0.01079544106864455
MN-U,98,1.0,-0.013333036080029389,-0.013333036080029389
MN-U,99,1.0,0.0014269352259521483,0.0014269352259521518
MN-U,100,1.0,-0.008654764661021276,-0.008654764661021276
SIM,1,1.0,-0.004894713767652121,-0.004894713767652121
SIM,2,1.0,-0.0002909217545256169,-0.0002909217545256169
SIM,3,1.0,-0.0054853920423988565,-0.0054853920423988565
SIM,4,1.0,-0.004678656901980536,-0.004678656901980537
SIM,5,1.0,0.0059207695150811125,0.0059207695150811125
SIM,6,1.0,0.0019197380518782142,0.0019197380518782125
SIM,7,1.0,0.005807662672553299,0.005807662672553298
SIM,8,1.0,-0.0092712219754604,-0.0092712219754604
SIM,9,1.0,-0.0006543503057421067,-0.0006543503057421067
SIM,10,1.0,-0.004776835925774926,-0.004776835925774929
SIM,11,1.0,0.0078074281317935335,0.007807428131793533
SIM,12,1.0,-0.0020677203468291005,-0.0020677203468290987
SIM,13,1.0,0.007933154483406205,0.007933154483406205
SIM,14,1.0,-0.0020213470131877865,-0.0020213470131877865
SIM,15,1.0,-0.003858787596896382,-0.0038587875968963785
SIM,16,1.0,0.01921001048626605,0.01921001048626605
SIM,17,1.0,-0.01117529102965016,-0.01117529102965016
SIM,18,1.0,-2.8236967463759338e-05,-2.823696746375847e-05
SIM,19,1.0,0.0025755032585535855,0.002575503258553583
SIM,20,1.0,-0.005452419090273768,-0.005452419090273768
SIM,21,1.0,0.025518800687349796,0.025518800687349796
SIM,22,1.0,0.005036386932402139,0.0050363869324021385
SIM,23,1.0,0.028472062686011754,0.02847206268601176
SIM,24,1.0,-0.006060300512443027,-0.006060300512443027
SIM,25,1.0,-0.0212313764255405,-0.021231376425540502
SIM,26,1.0,0.0012668647978188348,0.001266864797818833
SIM,27,1.0,-0.009635461615672764,-0.009635461615672764
SIM,28,1.0,-0.0023262989941622947,-0.002326298994162295
SIM,29,1.0,0.007844042141966753,0.007844042141966755
SIM,30,1.0,0.006674625190293174,0.00667462519029317
SIM,31,1.0,-0.01668950938883572,-0.01668950938883572
SIM,32,1.0,-0.0027655455197967086,-0.0027655455197967086
SIM,33,1.0,-0.015291877374344967,-0.015291877374344967
SIM,34,1.0,0.006356916289647628,0.0063569162896476294
SIM,35,1.0,0.0024467109016934555,0.002446710901693452
SIM,36,1.0,-0.0031879644853423537,-0.0031879644853423533
SIM,37,1.0,0.007153462481591518,0.007153462481591518
SIM,38,1.0,-0.0028941422139805925,-0.0028941422139805925
SIM,39,1.0,-0.004837437469608399,-0.004837437469608398
SIM,40,1.0,-0.006822060136474982,-0.006822060136474984
SIM,41,1.0,-0.008119964632130185,-0.008119964632130187
SIM,42,1.0,0.0007779356218657893,0.0007779356218657893
SIM,43,1.0,0.01783061349414858,0.01783061349414858
SIM,44,1.0,-0.006450111994068548,-0.006450111994068548
SIM,45,1.0,-0.008540898465206191,-0.008540898465206186
SIM,46,1.0,0.010320734511058176,0.010320734511058176
SIM,47,1.0,0.014321076616164174,0.014321076616164174
SIM,48,1.0,-0.016312256588067148,-0.01631225658806715
SIM,49,1.0,0.011795546360444121,0.011795546360444121
SIM,50,1.0,0.009548959908527983,0.009548959908527983
SIM,51,1.0,0.003261845078628034,0.003261845078628034
SIM,52,1.0,-4.559270969353539e-05,-4.559270969353539e-05
SIM,53,1.0,0.00823970567096246,0.00823970567096246
SIM,54,1.0,0.023539949359816126,0.02353994935981613
SIM,55,1.0,-0.009534267431375823,-0.009534267431375816
SIM,56,1.0,-0.0032655410086179,-0.0032655410086179035
SIM,57,1.0,-0.026887392878276684,-0.026887392878276684
SIM,58,1.0,-0.029853027573440195,-0.029853027573440195
SIM,59,1.0,0.008522921037506972,0.008522921037506972
SIM,60,1.0,-0.01758297092697262,-0.017582970926972627
SIM,61,1.0,0.0024473262234582247,0.0024473262234582264
SIM,62,1.0,0.0033335312946237046,0.0033335312946237046
SIM,63,1.0,-0.009344460260089314,-0.009344460260089303
SIM,64,1.0,0.04341545909953214,0.04341545909953215
SIM,65,1.0,-0.005111628864211085,-0.005111628864211085
SIM,66,1.0,0.003420609162660338,0.0034206091626603364
SIM,67,1.0,0.011244420208394643,0.01124442020839464
SIM,68,1.0,-0.009162221557194273,-0.009162221557194273
SIM,69,1.0,-0.0015215917681342074,-0.0015215917681342056
SIM,70,1.0,0.003436608741417075,0.003436608741417075
SIM,71,1.0,0.004028082439138858,0.004028082439138858
SIM,72,1.0,-0.000829345616061117,-0.000829345616061117
SIM,73,1.0,-0.0001811619670341229,-0.0001811619670341229
SIM,74,1.0,-0.0028363421055696246,-0.0028363421055696246
SIM,75,1.0,-0.008794396274319955,-0.008794396274319955
SIM,76,1.0,-0.014248819027949564,-0.014248819027949564
SIM,77,1.0,0.00901502973998438,0.009015029739984384
SIM,78,1.0,0.0025875247689754505,0.002587524768975451
SIM,79,1.0,-0.006196976027936398,-0.006196976027936401
SIM,80,1.0,-0.037672995876349515,-0.037672995876349515
SIM,81,1.0,0.018844259709223005,0.018844259709223005
SIM,82,1.0,0.005919441117936011,0.005919441117936007
SIM,83,1.0,0.0053124361936245255,0.0053124361936245255
SIM,84,1.0,-0.01796281078911607,-0.017962810789116067
SIM,85,1.0,-0.0177484084444317,-0.01774840844443169
SIM,86,1.0,-0.004369774838780038,-0.004369774838780038
SIM,87,1.0,-0.010571752371042416,-0.010571752371042414
SIM,88,1.0,7.942828941006827e-05,7.942828941006654e-05
SIM,89,1.0,0.0004607618882100477,0.00046076188821004855
SIM,90,1.0,0.0088569485601338,0.008856948560133804
SIM,91,1.0,-0.002707002503228538,-0.002707002503228538
SIM,92,1.0,-0.004225608268757641,-0.00422560826875764
SIM,93,1.0,0.00010472717663016079,0.00010472717663015385
SIM,94,1.0,-0.0022209605810225713,-0.0022209605810225713
SIM,95,1.0,0.003434913831550376,0.003434913831550376
SIM,96,1.0,-0.0016978731784581722,-0.0016978731784581735
SIM,97,1.0,-0.0054239805215492275,-0.0054239805215492275
SIM,98,1.0,-0.020608554757357497,-0.020608554757357497
SIM,99,1.0,0.008131992135355436,0.008131992135355436
SIM,100,1.0,-0.003503937422717124,-0.003503937422717122
SIM-c,1,1.0,0.018782419670505285,0.018782419670505285
SIM-c,2,1.0,0.0033055508228276506,0.0033055508228276506
SIM-c,3,1.0,0.0014032803645503006,0.0014032803645503008
SIM-c,4,1.0,0.016523124450225954,0.016523124450225954
SIM-c,5,1.0,0.007696534950364663,0.007696534950364663
SIM-c,6,1.0,-0.000977194461740001,-0.000977194461740001
SIM-c,7,1.0,0.023776277108952797,0.023776277108952797
SIM-c,8,1.0,0.0012064304470746044,0.001206430447074601
SIM-c,9,1.0,-0.004527441686737868,-0.00452744168673787
SIM-c,10,1.0,-1.981605136095084e-05,-1.9816051360956044e-05
SIM-c,11,1.0,0.03983736754969545,0.03983736754969545
SIM-c,12,1.0,-0.019432053974709367,-0.019432053974709367
SIM-c,13,1.0,-0.0036238179401501896,-0.0036238179401501896
SIM-c,14,1.0,0.009225516153984873,0.009225516153984877
SIM-c,15,1.0,0.013200514312829446,0.013200514312829446
SIM-c,16,1.0,0.007306165246548482,0.007306165246548485
SIM-c,17,1.0,-0.004883668757725546,-0.0048836687577255445
SIM-c,18,1.0,-0.0013165819542882203,-0.0013165819542882186
SIM-c,19,1.0,-0.016924135546308502,-0.016924135546308502
SIM-c,20,1.0,0.0068635551719413105,0.0068635551719413105
SIM-c,21,1.0,0.002348458254373867,0.002348458254373867
SIM-c,22,1.0,0.013888786633700988,0.013888786633700988
SIM-c,23,1.0,0.010061567012414199,0.010061567012414199
SIM-c,24,1.0,0.005715698827141334,0.0057156988271413346
SIM-c,25,1.0,-0.018392505434309606,-0.01839250543430961
SIM-c,26,1.0,-0.0035476393905440346,-0.0035476393905440363
SIM-c,27,1.0,0.0018040098961770515,0.0018040098961770515
SIM-c,28,1.0,0.00026533655178703416,0.00026533655178703416
SIM-c,29,1.0,0.00856959137899841,0.008569591378998407
SIM-c,30,1.0,-0.0009983724886386772,-0.0009983724886386807
SIM-c,31,1.0,0.005251552643148378,0.005251552643148378
SIM-c,32,1.0,-0.0014280323138496677,-0.0014280323138496677
SIM-c,33,1.0,0.01605026920908225,0.01605026920908225
SIM-c,34,1.0,-0.001231269439140789,-0.001231269439140789
SIM-c,35,1.0,0.02373641646027782,0.02373641646027781
SIM-c,36,1.0,-0.0008608739842994959,-0.0008608739842994942
SIM-c,37,1.0,0.0009204441601211016,0.0009204441601211016
SIM-c,38,1.0,0.0010578826483488239,0.0010578826483488239
SIM-c,39,1.0,0.01139606955065148,0.011396069550651483
SIM-c,40,1.0,0.00024171081830051764,0.00024171081830051764
SIM-c,41,1.0,-0.014630468635162725,-0.014630468635162727
SIM-c,42,1.0,0.0032345531992937077,0.0032345531992937077
SIM-c,43,1.0,0.0007368124803416977,0.000736812480341696
SIM-c,44,1.0,0.004633192948909407,0.004633192948909407
SIM-c,45,1.0,-0.02330350424552499,-0.023303504245524992
SIM-c,46,1.0,-0.03227501692022047,-0.032275016920220466
SIM-c,47,1.0,-0.013691010144336596,-0.013691010144336596
SIM-c,48,1.0,0.014558929393977713,0.014558929393977712
SIM-c,49,1.0,0.004392328215964928,0.004392328215964926
SIM-c,50,1.0,-0.0027360570583402077,-0.0027360570583402077
SIM-c,51,1.0,-0.0030517172839059294,-0.0030517172839059285
SIM-c,52,1.0,0.00017295122553290763,0.00017295122553290677
SIM-c,53,1.0,0.009399995135132245,0.009399995135132245
SIM-c,54,1.0,-0.02479566996074953,-0.024795669960749545
SIM-c,55,1.0,0.00031308007564684673,0.00031308007564684326
SIM-c,56,1.0,0.007235302382550365,0.007235302382550365
SIM-c,57,1.0,-0.06812240382676289,-0.06812240382676289
SIM-c,58,1.0,-0.00944531331131515,-0.009445313311315146
SIM-c,59,1.0,0.017184108886791345,0.017184108886791345
SIM-c,60,1.0,-0.0026175113450478127,-0.0026175113450478127
SIM-c,61,1.0,-0.0042859429627617966,-0.004285942962761796
SIM-c,62,1.0,0.0013660697420099614,0.0013660697420099614
SIM-c,63,1.0,-0.000739113703141378,-0.0007391137031413746
SIM-c,64,1.0,-5.86628066045862e-05,-5.86628066045862e-05
SIM-c,65,1.0,0.03917565976251546,0.03917565976251546
SIM-c,66,1.0,0.008708229550745884,0.008708229550745884
SIM-c,67,1.0,0.009979505436677952,0.009979505436677952
SIM-c,68,1.0,-0.0016497257393705044,-0.0016497257393705052
SIM-c,69,1.0,-0.013668013250354955,-0.013668013250354955
SIM-c,70,1.0,-0.009485518501006998,-0.009485518501006998
SIM-c,71,1.0,-0.01273510567262455,-0.01273510567262455
SIM-c,72,1.0,0.007778624154096202,0.007778624154096201
SIM-c,73,1.0,-0.0001336279727437318,-0.00013362797274373353
SIM-c,74,1.0,-0.01102542210889449,-0.01102542210889449
SIM-c,75,1.0,-0.010706371438679764,-0.010706371438679765
SIM-c,76,1.0,0.0018183354558627815,0.0018183354558627806
SIM-c,77,1.0,-0.0142245633215446,-0.014224563321544599
SIM-c,78,1.0,-0.0008872921989584517,-0.0008872921989584517
SIM-c,79,1.0,0.007324021887409216,0.007324021887409216
SIM-c,80,1.0,0.013040530533669105,0.013040530533669105
SIM-c,81,1.0,-0.007287796390401401,-0.007287796390401401
SIM-c,82,1.0,-0.007800090911712889,-0.0078000909117128875
SIM-c,83,1.0,0.03077073083961341,0.030770730839613403
SIM-c,84,1.0,-0.0009823536018173321,-0.0009823536018173304
SIM-c,85,1.0,0.023831170679866884,0.023831170679866887
SIM-c,86,1.0,0.012168549104029324,0.012168549104029324
SIM-c,87,1.0,-0.009236905833349929,-0.009236905833349927
SIM-c,88,1.0,0.03317052022480668,0.033170520224806696
SIM-c,89,1.0,-0.00643296084156247,-0.00643296084156247
SIM-c,90,1.0,-0.00419275604878583,-0.004192756048785827
SIM-c,91,1.0,0.0007582057840129965,0.0007582057840129957
SIM-c,92,1.0,-0.002109519398492018,-0.002109519398492018
SIM-c,93,1.0,-0.009343667546712191,-0.009343667546712191
SIM-c,94,1.0,-0.009867254225871747,-0.00986725422587175
SIM-c,95,1.0,0.034680760957835274,0.03468076095783528
SIM-c,96,1.0,0.003067664835619461,0.003067664835619463
SIM-c,97,1.0,-0.003516985254939684,-0.003516985254939684
SIM-c,98,1.0,0.02798450073252749,0.02798450073252749
SIM-c,99,1.0,0.00489386921015997,0.00489386921015997
SIM-c,100,1.0,-0.01973005676647907,-0.01973005676647907
SIM-G,1,1.0,-0.0024584898476624076,-0.0024584898476624093
SIM-G,2,1.0,-0.000925110009393318,-0.000925110009393318
SIM-G,3,1.0,-0.001782316915092291,-0.0017823169150922892
SIM-G,4,1.0,-0.005242580671468053,-0.005242580671468053
SIM-G,5,1.0,-0.0018344213127847002,-0.0018344213127847037
SIM-G,6,1.0,-0.010737565469844872,-0.010737565469844872
SIM-G,7,1.0,-0.007861362119044833,-0.007861362119044833
SIM-G,8,1.0,0.015001268100717448,0.015001268100717448
SIM-G,9,1.0,-0.006672985405986872,-0.0066729854059868685
SIM-G,10,1.0,0.0002740495788582896,0.0002740495788582896
SIM-G,11,1.0,0.0007502287278062097,0.0007502287278062097
SIM-G,12,1.0,-9.015858186641607e-05,-9.015858186641953e-05
SIM-G,13,1.0,0.014184417294769578,0.014184417294769578
SIM-G,14,1.0,-0.011944035601319531,-0.011944035601319531
SIM-G,15,1.0,-0.0010407554826243493,-0.0010407554826243493
SIM-G,16,1.0,-0.00362551140635339,-0.00362551140635339
SIM-G,17,1.0,-0.013256623766775515,-0.013256623766775522
SIM-G,18,1.0,0.0020601217879260367,0.002060121787926035
SIM-G,19,1.0,-0.0002604395111466245,-0.0002604395111466245
SIM-G,20,1.0,-0.00945373004746565,-0.00945373004746565
SIM-G,21,1.0,0.008783896033634098,0.008783896033634098
SIM-G,22,1.0,0.020373288769933714,0.020373288769933717
SIM-G,23,1.0,-0.001958064463778152,-0.001958064463778152
SIM-G,24,1.0,-0.0017471288598112557,-0.0017471288598112557
SIM-G,25,1.0,-0.007457310937828331,-0.007457310937828334
SIM-G,26,1.0,-0.0011714118667408534,-0.0011714118667408568
SIM-G,27,1.0,-0.012885496735843303,-0.012885496735843306
SIM-G,28,1.0,-0.0012452497695747723,-0.0012452497695747723
SIM-G,29,1.0,-0.0004968669149504465,-0.0004968669149504465
SIM-G,30,1.0,-0.0037233854990307578,-0.0037233854990307578
SIM-G,31,1.0,-0.006370263900295724,-0.0063702639002957235
SIM-G,32,1.0,-0.0022626379003381214,-0.0022626379003381214
SIM-G,33,1.0,-0.026957284450058797,-0.0269572844500588
SIM-G,34,1.0,0.008504670031717584,0.008504670031717584
SIM-G,35,1.0,-0.0009203058644401078,-0.0009203058644401078
SIM-G,36,1.0,0.0062435089440345155,0.006243508944034517
SIM-G,37,1.0,0.010262966890226734,0.010262966890226734
SIM-G,38,1.0,0.002457479337029455,0.002457479337029455
SIM-G,39,1.0,-0.00068421142408872,-0.0006842114240887204
SIM-G,40,1.0,-0.004653958243417508,-0.004653958243417509
SIM-G,41,1.0,-0.0012190249532167494,-0.0012190249532167477
SIM-G,42,1.0,-0.0003593278530749219,-0.0003593278530749219
SIM-G,43,1.0,0.012400974573440377,0.012400974573440377
SIM-G,44,1.0,-0.018406533061832726,-0.018406533061832726
SIM-G,45,1.0,-0.00674282054233603,-0.006742820542336032
SIM-G,46,1.0,0.004861799515495125,0.004861799515495123
SIM-G,47,1.0,0.001440731949038999,0.001440731949038999
SIM-G,48,1.0,-0.0029433954329316173,-0.0029433954329316173
SIM-G,49,1.0,-0.0005803334409934247,-0.0005803334409934247
SIM-G,50,1.0,0.007248023462743889,0.007248023462743889
SIM-G,51,1.0,0.007602214520006886,0.007602214520006886
SIM-G,52,1.0,0.0008043109306493214,0.0008043109306493214
SIM-G,53,1.0,-0.003310846907062969,-0.003310846907062969
SIM-G,54,1.0,0.003311664350294421,0.003311664350294421
SIM-G,55,1.0,0.014306892690854214,0.014306892690854216
SIM-G,56,1.0,0.003677338777610768,0.0036773387776107697
SIM-G,57,1.0,-9.197018573466314e-05,-9.197018573466227e-05
SIM-G,58,1.0,-0.020821549555031425,-0.020821549555031425
SIM-G,59,1.0,0.001074027156409758,0.0010740271564097584
SIM-G,60,1.0,-0.015333997478701896,-0.015333997478701896
SIM-G,61,1.0,0.006361531925017596,0.006361531925017596
SIM-G,62,1.0,-9.674698875204203e-05,-9.674698875204203e-05
SIM-G,63,1.0,-0.013287584664928423,-0.013287584664928423
SIM-G,64,1.0,-0.002073140360892397,-0.002073140360892397
SIM-G,65,1.0,-0.023110543401443154,-0.023110543401443154
SIM-G,66,1.0,-0.0018059478304416326,-0.0018059478304416326
SIM-G,67,1.0,0.012722510013358631,0.012722510013358631
SIM-G,68,1.0,-0.0030104679757769716,-0.003010467975776969
SIM-G,69,1.0,0.007335044664321626,0.007335044664321624
SIM-G,70,1.0,0.003875295770771384,0.0038752957707713833
SIM-G,71,1.0,0.0016537201059154336,0.0016537201059154336
SIM-G,72,1.0,0.009863588031392291,0.009863588031392291
SIM-G,73,1.0,-0.002345722547535651,-0.0023457225475356515
SIM-G,74,1.0,-0.014289161334512107,-0.014289161334512107
SIM-G,75,1.0,-0.011205690979829437,-0.011205690979829437
SIM-G,76,1.0,0.007806463078492695,0.0078064630784926954
SIM-G,77,1.0,0.00871771684544988,0.008717716845449879
SIM-G,78,1.0,-0.0012067945866274037,-0.0012067945866274037
SIM-G,79,1.0,0.007588555136879022,0.007588555136879022
SIM-G,80,1.0,0.008341326305668622,0.00834132630566862
SIM-G,81,1.0,0.007941151830871133,0.007941151830871133
SIM-G,82,1.0,0.005938749150802239,0.005938749150802239
SIM-G,83,1.0,-0.00027103747198305335,-0.00027103747198305335
SIM-G,84,1.0,-0.016427822713595313,-0.016427822713595313
SIM-G,85,1.0,-0.004439220888181843,-0.004439220888181843
SIM-G,86,1.0,-0.007370747664846057,-0.007370747664846055
SIM-G,87,1.0,-0.004158567512859251,-0.00415856751285925
SIM-G,88,1.0,0.007167386839478677,0.007167386839478677
SIM-G,89,1.0,0.010137991241635754,0.010137991241635754
SIM-G,90,1.0,0.000312310310298625,0.000312310310298625
SIM-G,91,1.0,0.005194657783811962,0.005194657783811963
SIM-G,92,1.0,-0.0020825567880824016,-0.0020825567880824016
SIM-G,93,1.0,-0.02097803727206584,-0.02097803727206584
SIM-G,94,1.0,-0.0018182269164939485,-0.0018182269164939485
SIM-G,95,1.0,0.004386613096112846,0.004386613096112846
SIM-G,96,1.0,0.0023569575853563986,0.0023569575853563986
SIM-G,97,1.0,-0.004123263324655069,-0.004123263324655065
SIM-G,98,1.0,-0.006955042740863358,-0.006955042740863358
SIM-G,99,1.0,-0.004830987559783567,-0.004830987559783565
SIM-G,100,1.0,-0.002878924401806173,-0.0028789244018061714
SIM-ln,1,1.0,-0.013141446677516327,-0.013141446677516327
SIM-ln,2,1.0,0.00014883537998469643,0.00014883537998469643
SIM-ln,3,1.0,-0.00764824485450453,-0.00764824485450453
SIM-ln,4,1.0,-0.007514590377828697,-0.007514590377828699
SIM-ln,5,1.0,-0.002756130063588825,-0.002756130063588825
SIM-ln,6,1.0,0.007926891826906823,0.007926891826906823
SIM-ln,7,1.0,0.007035261005997818,0.007035261005997818
SIM-ln,8,1.0,-0.0006552274049675538,-0.0006552274049675538
SIM-ln,9,1.0,-0.0022917696707027875,-0.0022917696707027875
SIM-ln,10,1.0,0.0012491769593238541,0.0012491769593238537
SIM-ln,11,1.0,-0.005573443643749719,-0.005573443643749719
SIM-ln,12,1.0,-0.005832473437733597,-0.005832473437733597
SIM-ln,13,1.0,0.008058974286089284,0.008058974286089284
SIM-ln,14,1.0,-0.0030037876184491183,-0.0030037876184491183
SIM-ln,15,1.0,0.0016409522103124075,0.0016409522103124079
SIM-ln,16,1.0,-0.00398879288475582,-0.0039887928847558195
SIM-ln,17,1.0,-0.025016509307088465,-0.02501650930708847
SIM-ln,18,1.0,0.005697549222185761,0.005697549222185761
SIM-ln,19,1.0,0.0008822401048074527,0.0008822401048074521
SIM-ln,20,1.0,-0.0019468327340106013,-0.0019468327340106013
SIM-ln,21,1.0,0.0037738335304752565,0.0037738335304752565
SIM-ln,22,1.0,0.005770829969257452,0.005770829969257452
SIM-ln,23,1.0,-0.010074853213681494,-0.010074853213681493
SIM-ln,24,1.0,-9.092155651415149e-05,-9.092155651415496e-05
SIM-ln,25,1.0,-0.044466937912524714,-0.044466937912524714
SIM-ln,26,1.0,-0.0066558837529210255,-0.0066558837529210255
SIM-ln,27,1.0,-0.032359727352920975,-0.032359727352920975
SIM-ln,28,1.0,-0.0027880241806728027,-0.0027880241806728027
SIM-ln,29,1.0,0.0029250658452050294,0.0029250658452050302
SIM-ln,30,1.0,-0.010191241970442595,-0.010191241970442598
SIM-ln,31,1.0,-0.026274461124100593,-0.026274461124100593
SIM-ln,32,1.0,-0.0032346503811442814,-0.0032346503811442814
SIM-ln,33,1.0,-0.02399605464016931,-0.02399605464016931
SIM-ln,34,1.0,0.007843166976125979,0.007843166976125979
SIM-ln,35,1.0,0.00545646403404678,0.005456464034046779
SIM-ln,36,1.0,-0.0016221887980773604,-0.0016221887980773606
SIM-ln,37,1.0,0.00820453648873601,0.008204536488736008
SIM-ln,38,1.0,-0.023470020059952433,-0.02347002005995244
SIM-ln,39,1.0,-0.00680035172030986,-0.00680035172030986
SIM-ln,40,1.0,-0.005377222112293374,-0.005377222112293374
SIM-ln,41,1.0,-0.007473470290891904,-0.007473470290891905
SIM-ln,42,1.0,0.004258492605855496,0.004258492605855495
SIM-ln,43,1.0,0.0035589999698398024,0.0035589999698398015
SIM-ln,44,1.0,-0.010559478203348821,-0.010559478203348821
SIM-ln,45,1.0,-0.015943557337090495,-0.015943557337090495
SIM-ln,46,1.0,-0.014308017122170379,-0.014308017122170379
SIM-ln,47,1.0,0.030302735483918847,0.030302735483918847
SIM-ln,48,1.0,-0.017773790350932732,-0.01777379035093273
SIM-ln,49,1.0,-0.0031351845941899356,-0.003135184594189935
SIM-ln,50,1.0,0.010197112956555097,0.010197112956555097
SIM-ln,51,1.0,0.011707831764884671,0.011707831764884673
SIM-ln,52,1.0,-0.010246752747788366,-0.010246752747788367
SIM-ln,53,1.0,0.015257788389913839,0.015257788389913839
SIM-ln,54,1.0,0.03819434425468309,0.03819434425468309
SIM-ln,55,1.0,0.0036437133255708886,0.0036437133255708886
SIM-ln,56,1.0,0.009636919814257424,0.009636919814257424
SIM-ln,57,1.0,-0.050035342644599745,-0.050035342644599745
SIM-ln,58,1.0,-0.010935064570865325,-0.010935064570865322
SIM-ln,59,1.0,0.008211783756953035,0.008211783756953035
SIM-ln,60,1.0,-0.006513920390943308,-0.0065139203909433075
SIM-ln,61,1.0,0.0015297461411012494,0.0015297461411012485
SIM-ln,62,1.0,0.004210841369194998,0.004210841369195
SIM-ln,63,1.0,0.028175282549903286,0.028175282549903286
SIM-ln,64,1.0,-0.0004478091979259512,-0.0004478091979259512
SIM-ln,65,1.0,-0.014555596073420496,-0.014555596073420496
SIM-ln,66,1.0,-0.005832862610327902,-0.005832862610327901
SIM-ln,67,1.0,0.006851042988483949,0.006851042988483949
SIM-ln,68,1.0,-0.013063662101075619,-0.013063662101075624
SIM-ln,69,1.0,0.019048244236633642,0.019048244236633635
SIM-ln,70,1.0,0.007382192812384282,0.007382192812384282
SIM-ln,71,1.0,0.02184833883593102,0.02184833883593102
SIM-ln,72,1.0,0.000650465935935424,0.0006504659359354236
SIM-ln,73,1.0,0.0020807088899707942,0.002080708889970792
SIM-ln,74,1.0,0.0053862746550654185,0.005386274655065418
SIM-ln,75,1.0,0.0021743209556433062,0.0021743209556433062
SIM-ln,76,1.0,-0.011557547921877406,-0.011557547921877406
SIM-ln,77,1.0,-0.005139276160970734,-0.005139276160970736
SIM-ln,78,1.0,0.00093893205584696,0.0009389320558469599
SIM-ln,79,1.0,0.0022765701734156502,0.0022765701734156502
SIM-ln,80,1.0,-0.048873361283948855,-0.048873361283948855
SIM-ln,81,1.0,-0.007447941253117223,-0.007447941253117223
SIM-ln,82,1.0,0.0055687383675514165,0.005568738367551418
SIM-ln,83,1.0,-0.0014882370639700616,-0.0014882370639700616
SIM-ln,84,1.0,-0.010747937848194585,-0.01074793784819459
SIM-ln,85,1.0,0.0018745031026382603,0.0018745031026382603
SIM-ln,86,1.0,-0.00719167214026141,-0.00719167214026141
SIM-ln,87,1.0,-0.01504520319290374,-0.015045203192903736
SIM-ln,88,1.0,0.003741739665009628,0.0037417396650096264
SIM-ln,89,1.0,-0.0014419477176248023,-0.001441947717624804
SIM-ln,90,1.0,0.004771311279568927,0.004771311279568927
SIM-ln,91,1.0,-0.006525474806577228,-0.006525474806577229
SIM-ln,92,1.0,-0.0011235050378498018,-0.0011235050378498026
SIM-ln,93,1.0,-0.018424387775008468,-0.018424387775008468
SIM-ln,94,1.0,0.0017113552591101029,0.0017113552591101024
SIM-ln,95,1.0,0.001850816991665069,0.0018508169916650699
SIM-ln,96,1.0,0.001717063682556864,0.0017170636825568643
SIM-ln,97,1.0,-0.000668948579709506,-0.000668948579709506
SIM-ln,98,1.0,-0.04847505272528179,-0.0484750527252818
SIM-ln,99,1.0,-0.0047227046842928805,-0.00472270468429288
SIM-ln,100,1.0,-0.010360510491765812,-0.010360510491765812
Cha,1,1.0,0.05152329982844081,0.05152329982844081
Cha,2,1.0,-0.006414491102675972,-0.006414491102675972
Cha,3,1.0,-0.0017690264934570026,-0.0017690264934570018
Cha,4,1.0,0.030942128042821617,0.030942128042821617
Cha,5,1.0,0.01104298184172499,0.01104298184172499
Cha,6,1.0,0.011377001278831168,0.011377001278831168
Cha,7,1.0,0.00968418225137753,0.00968418225137753
Cha,8,1.0,0.014276112915960794,0.014276112915960794
Cha,9,1.0,0.010437011011368172,0.010437011011368168
Cha,10,1.0,0.00405624453853747,0.00405624453853747
Cha,11,1.0,0.0013779706392276683,0.0013779706392276683
Cha,12,1.0,0.018121825296877718,0.018121825296877718
Cha,13,1.0,-0.0039546917147960875,-0.0039546917147960875
Cha,14,1.0,0.001456346285374924,0.001456346285374924
Cha,15,1.0,0.020189714292611204,0.02018971429261121
Cha,16,1.0,-0.010986522625428551,-0.010986522625428551
Cha,17,1.0,-0.0004891002235445901,-0.0004891002235445901
Cha,18,1.0,-0.004097279963841488,-0.004097279963841488
Cha,19,1.0,0.004359404526353476,0.004359404526353476
Cha,20,1.0,0.00882701625936387,0.00882701625936387
Cha,21,1.0,0.009423799157455783,0.009423799157455781
Cha,22,1.0,0.009969608558870502,0.009969608558870502
Cha,23,1.0,-0.0016765206009256156,-0.0016765206009256156
Cha,24,1.0,-0.013282373565660284,-0.01328237356566028
Cha,25,1.0,0.006472418004483972,0.006472418004483972
Cha,26,1.0,0.012674736920161217,0.012674736920161217
Cha,27,1.0,-0.006686685585324956,-0.006686685585324956
Cha,28,1.0,0.0065249556611889446,0.0065249556611889446
Cha,29,1.0,0.02260828162605962,0.02260828162605962
Cha,30,1.0,0.0018113812931707593,0.0018113812931707593
Cha,31,1.0,0.007465767805251246,0.007465767805251246
Cha,32,1.0,-0.026388803219643008,-0.026388803219643008
Cha,33,1.0,0.0124627524733966,0.0124627524733966
Cha,34,1.0,0.012245467624047008,0.012245467624047008
Cha,35,1.0,-0.002884752154962386,-0.0028847521549623875
Cha,36,1.0,-0.0008029950566240448,-0.0008029950566240448
Cha,37,1.0,0.04307857801116209,0.04307857801116209
Cha,38,1.0,-0.005548807917003559,-0.005548807917003561
Cha,39,1.0,-0.015513688403351421,-0.015513688403351421
Cha,40,1.0,0.004001918545692708,0.00400191854569271
Cha,41,1.0,0.008623823195294558,0.008623823195294561
Cha,42,1.0,-0.0004894806820487348,-0.0004894806820487348
Cha,43,1.0,0.004243403041318941,0.004243403041318941
Cha,44,1.0,0.013423907667432287,0.013423907667432285
Cha,45,1.0,-0.003497019709383202,-0.0034970197093832003
Cha,46,1.0,-0.029180326393315165,-0.029180326393315154
Cha,47,1.0,0.009725400083057268,0.009725400083057268
Cha,48,1.0,0.01511412520753986,0.015114125207539863
Cha,49,1.0,0.004118990778412214,0.004118990778412213
Cha,50,1.0,-0.012147922310416795,-0.012147922310416795
Cha,51,1.0,0.01291029295513409,0.01291029295513409
Cha,52,1.0,0.0017005706297410425,0.0017005706297410425
Cha,53,1.0,-0.0087559619551506,-0.008755961955150602
Cha,54,1.0,-0.0006892218710275572,-0.0006892218710275577
Cha,55,1.0,0.010522972932257317,0.010522972932257317
Cha,56,1.0,0.014485421101467864,0.01448542110146786
Cha,57,1.0,-0.011990553981953882,-0.011990553981953887
Cha,58,1.0,-0.016248578972484627,-0.01624857897248463
Cha,59,1.0,-0.011941266861976024,-0.011941266861976031
Cha,60,1.0,0.017372477366787372,0.017372477366787376
Cha,61,1.0,0.018685333743223998,0.018685333743224
Cha,62,1.0,-0.00024227619395524426,-0.0002422761939552447
Cha,63,1.0,0.019851452260557508,0.01985145226055751
Cha,64,1.0,-0.006147540662828693,-0.006147540662828692
Cha,65,1.0,-0.0005956879764716181,-0.0005956879764716181
Cha,66,1.0,0.03861840592876393,0.03861840592876393
Cha,67,1.0,0.02161219991197132,0.02161219991197132
Cha,68,1.0,-0.004421957508161659,-0.004421957508161659
Cha,69,1.0,0.0008432515706439554,0.0008432515706439554
Cha,70,1.0,0.021560429879008653,0.021560429879008657
Cha,71,1.0,-0.01768744120253713,-0.01768744120253713
Cha,72,1.0,0.015745323032386457,0.015745323032386457
Cha,73,1.0,0.01017351017198052,0.010173510171980522
Cha,74,1.0,0.0009914683620421676,0.0009914683620421676
Cha,75,1.0,-0.00787483821697918,-0.00787483821697918
Cha,76,1.0,-0.0008772823457533791,-0.0008772823457533808
Cha,77,1.0,0.013295907431577169,0.013295907431577169
Cha,78,1.0,0.006408880491228099,0.006408880491228099
Cha,79,1.0,0.007879090097111918,0.007879090097111918
Cha,80,1.0,-0.002452539437535737,-0.002452539437535737
Cha,81,1.0,0.00984080210004953,0.009840802100049532
Cha,82,1.0,0.009673938739821013,0.009673938739821013
Cha,83,1.0,0.0005680133621244563,0.0005680133621244572
Cha,84,1.0,-0.0018427632996114145,-0.0018427632996114128
Cha,85,1.0,0.0037226799970855387,0.003722679997085537
Cha,86,1.0,-0.05854912352636127,-0.05854912352636127
Cha,87,1.0,0.01430184971646736,0.01430184971646736
Cha,88,1.0,0.05177099311053165,0.05177099311053165
Cha,89,1.0,-0.0015561448166014438,-0.0015561448166014438
Cha,90,1.0,0.007170952935337371,0.007170952935337371
Cha,91,1.0,-0.00023468116270440945,-0.000234681162704409
Cha,92,1.0,0.003580783663071928,0.0035807836630719295
Cha,93,1.0,-0.0028865146759502157,-0.0028865146759502157
Cha,94,1.0,-0.01241835250726945,-0.01241835250726945
Cha,95,1.0,-0.008059796933546144,-0.008059796933546144
Cha,96,1.0,-0.0031989070367161583,-0.0031989070367161583
Cha,97,1.0,-0.008966697806805646,-0.008966697806805646
Cha,98,1.0,0.022326572166590293,0.022326572166590293
Cha,99,1.0,0.0016673074462260195,0.0016673074462260212
Cha,100,1.0,-0.007407830177942062,-0.007407830177942061
Cha,101,1.0,-0.0003576533526375746,-0.0003576533526375745
Cha,102,1.0,-0.0005935410415888465,-0.0005935410415888465
Cha,103,1.0,-0.0028396992693335583,-0.002839699269333553
Cha,104,1.0,0.007832135551072409,0.007832135551072412
Cha,105,1.0,0.0003779448874698388,0.00037794488746984226
Cha,106,1.0,-0.0028861634843463874,-0.002886163484346389
Cha,107,1.0,0.01816221161583538,0.018162211615835387
Cha,108,1.0,-0.00019270560885558392,-0.00019270560885558392
Cha,109,1.0,0.00847761075402419,0.00847761075402419
Cha,110,1.0,-0.0018520628389346863,-0.0018520628389346858
Cha,111,1.0,0.008760197562012743,0.00876019756201275
Cha,112,1.0,-0.0050902317448794105,-0.0050902317448794105
Cha,113,1.0,0.00037873152992620686,0.000378731529926206
Cha,114,1.0,0.0009437474507779896,0.0009437474507779896
Cha,115,1.0,0.00027933575579602854,0.00027933575579602854
Cha,116,1.0,0.010166139142975459,0.010166139142975459
Cha,117,1.0,0.010834925932145995,0.010834925932145995
Cha,118,1.0,-0.043143429437862875,-0.043143429437862875
Cha,119,1.0,0.018972634097053017,0.01897263409705302
Cha,120,1.0,-0.021453376717579176,-0.021453376717579176
Cha,121,1.0,-0.0020054413336601917,-0.0020054413336601917
Cha,122,1.0,-0.0003745541652028237,-0.0003745541652028237
Cha,123,1.0,-0.01435685874112911,-0.01435685874112911
Cha,124,1.0,-0.0023849394192582557,-0.0023849394192582557
Cha,125,1.0,-0.05348375002669914,-0.05348375002669914
Cha,126,1.0,0.007701962427604528,0.007701962427604531
Cha,127,1.0,0.00187058534355131,0.00187058534355131
Cha,128,1.0,-0.019496967234587728,-0.019496967234587735
Cha,129,1.0,-0.014211713962042937,-0.014211713962042937
Cha,130,1.0,0.007848411190746803,0.007848411190746803
Cha,131,1.0,-0.0019739045186575044,-0.0019739045186575044
Cha,132,1.0,-0.015713072680266425,-0.015713072680266428
Cha,133,1.0,0.012276219430797038,0.012276219430797035
Cha,134,1.0,0.00929000506255876,0.00929000506255876
Cha,135,1.0,0.017246618484652216,0.017246618484652216
Cha,136,1.0,-0.0015054324050755561,-0.0015054324050755563
Cha,137,1.0,-0.05115506704215499,-0.051155067042154986
Cha,138,1.0,-0.0017082961502292737,-0.0017082961502292737
Cha,139,1.0,-0.006832163391999645,-0.006832163391999646
Cha,140,1.0,-0.00493803768170176,-0.00493803768170176
Cha,141,1.0,-0.003511117040929397,-0.003511117040929397
Cha,142,1.0,0.010081056059962836,0.010081056059962836
Cha,143,1.0,-0.03449222990448182,-0.03449222990448183
Cha,144,1.0,0.005948870285332494,0.005948870285332492
Cha,145,1.0,0.00013756269818635588,0.00013756269818635545
Cha,146,1.0,0.0030169615758105714,0.0030169615758105714
Cha,147,1.0,0.014903084415160289,0.014903084415160289
Cha,148,1.0,0.001208507663334188,0.0012085076633341898
Cha,149,1.0,0.009782915855241658,0.009782915855241658
Cha,150,1.0,-0.010518599031990178,-0.010518599031990176
Cha,151,1.0,-0.008784799963168409,-0.008784799963168409
Cha,152,1.0,-0.017703275888331937,-0.017703275888331937
Cha,153,1.0,0.014250790091503273,0.014250790091503273
Cha,154,1.0,-0.06511085098044087,-0.06511085098044087
Cha,155,1.0,9.166609047365701e-05,9.166609047365701e-05
Cha,156,1.0,0.010130504540675721,0.010130504540675721
Cha,157,1.0,-0.0012717279007605723,-0.0012717279007605706
Cha,158,1.0,0.006264046277383591,0.00626404627738359
Cha,159,1.0,-0.012847703436201317,-0.012847703436201317
Cha,160,1.0,0.007989043284685537,0.007989043284685537
Cha,161,1.0,0.014797779796537305,0.014797779796537305
Cha,162,1.0,-0.005545758947415765,-0.005545758947415769
Cha,163,1.0,-0.0007263157409522626,-0.0007263157409522625
Cha,164,1.0,0.002444291681471986,0.002444291681471985
Cha,165,1.0,0.00327651573412721,0.0032765157341272115
Cha,166,1.0,-0.004997045580324058,-0.004997045580324058
Cha,167,1.0,-0.002524715937079189,-0.002524715937079189
Cha,168,1.0,0.016863998576951242,0.016863998576951242
Cha,169,1.0,0.05807901615059083,0.05807901615059083
Cha,170,1.0,-0.0016197675322581328,-0.0016197675322581328
Cha,171,1.0,0.011832127541300471,0.011832127541300471
Cha,172,1.0,-0.0016128940850056207,-0.0016128940850056225
Cha,173,1.0,0.0010238467355193626,0.001023846735519366
Cha,174,1.0,-0.00014979617814814272,-0.00014979617814814272
Cha,175,1.0,0.00020675626690562499,0.00020675626690562499
Cha,176,1.0,-0.0010219109183232785,-0.0010219109183232777
Cha,177,1.0,-0.014523815121130091,-0.014523815121130088
Cha,178,1.0,1.510198611529576e-05,1.510198611529576e-05
Cha,179,1.0,-0.00010147719632186587,-0.00010147719632186587
Cha,180,1.0,-0.0004569641042459192,-0.0004569641042459192
Cha,181,1.0,0.008934581313445078,0.008934581313445078
Cha,182,1.0,0.0052532788162779,0.005253278816277899
Cha,183,1.0,0.0050569396803795495,0.005056939680379549
Cha,184,1.0,0.02038237099343309,0.02038237099343309
Cha,185,1.0,-0.010674430179726791,-0.010674430179726788
Cha,186,1.0,-0.014408029319907662,-0.014408029319907662
Cha,187,1.0,-0.07415509184061635,-0.07415509184061636
Cha,188,1.0,0.01724095968404254,0.01724095968404254
Cha,189,1.0,0.011510304532975843,0.011510304532975843
Cha,190,1.0,0.0016034371987907504,0.0016034371987907504
Cha,191,1.0,0.0389165652987882,0.0389165652987882
Cha,192,1.0,-0.0027677370997897513,-0.0027677370997897513
Cha,193,1.0,0.01579774353805039,0.01579774353805039
Cha,194,1.0,0.00026300399999667633,0.00026300399999667644
Cha,195,1.0,0.008080259116840422,0.008080259116840422
Cha,196,1.0,-0.006141550272155384,-0.006141550272155384
Cha,197,1.0,0.004197446829159197,0.004197446829159197
Cha,198,1.0,0.0009996221015987818,0.0009996221015987836
Cha,199,1.0,-0.02033808524075388,-0.02033808524075388
Cha,200,1.0,-0.09174345017228693,-0.09174345017228693
Cha,201,1.0,0.024144507167888445,0.024144507167888445
Cha,202,1.0,0.0015695353681046444,0.0015695353681046444
Cha,203,1.0,0.02728234811572706,0.02728234811572706
Cha,204,1.0,0.013973737613460968,0.013973737613460968
Cha,205,1.0,-0.007497279378708583,-0.007497279378708583
Cha,206,1.0,0.023921982533360486,0.023921982533360482
Cha,207,1.0,-0.09441503700634603,-0.094415037006346
Cha,208,1.0,0.0003722134571956361,0.0003722134571956361
Cha,209,1.0,-0.007801416812846137,-0.0078014168128461335
Cha,210,1.0,0.0031884199191401646,0.0031884199191401646
Cha,211,1.0,0.001981483189880613,0.0019814831898806147
Cha,212,1.0,-1.2233239175834628e-05,-1.2233239175834651e-05
Cha,213,1.0,0.045529523165053425,0.04552952316505344
Cha,214,1.0,0.06578418184189454,0.06578418184189454
Cha,215,1.0,-0.0060139969092414996,-0.0060139969092414996
Cha,216,1.0,-0.0028150696529810545,-0.0028150696529810563
Cha,217,1.0,0.004797389777761618,0.004797389777761623
Cha,218,1.0,0.01382610747369116,0.01382610747369116
Cha,219,1.0,-0.0019392780384932225,-0.001939278038493223
Cha,220,1.0,0.01152203157371493,0.011522031573714932
Cha,221,1.0,-0.018044879174910395,-0.0180448791749104
Cha,222,1.0,-0.01339939604441492,-0.01339939604441492
Cha,223,1.0,-0.000784862021697497,-0.000784862021697497
Cha,224,1.0,-0.003555204626259724,-0.0035552046262597257
Cha,225,1.0,-0.025559890055440015,-0.025559890055440015
Cha,226,1.0,-0.047125125232972305,-0.04712512523297231
Cha,227,1.0,0.001098791682153549,0.0010987916821535485
Cha,228,1.0,0.0618841115646882,0.0618841115646882
Cha,229,1.0,-0.002450478026099611,-0.002450478026099611
Cha,230,1.0,-0.006038217659215271,-0.006038217659215271
Cha,231,1.0,0.005656007717359994,0.005656007717359994
Cha,232,1.0,-0.00016165065644110216,-0.00016165065644110042
Cha,233,1.0,0.004022416698585929,0.004022416698585929
Cha,234,1.0,-0.004730467046111037,-0.004730467046111037
Cha,235,1.0,0.04117605935430353,0.041176059354303546
Cha,236,1.0,-0.009353824371091484,-0.009353824371091484
Cha,237,1.0,-0.00453414087950681,-0.004534140879506803
Cha,238,1.0,-0.001587532753651301,-0.0015875327536513015
Cha,239,1.0,-0.006080937896328643,-0.006080937896328642
Cha,240,1.0,-0.004680642599303507,-0.004680642599303507
Cha,241,1.0,0.003163067225086767,0.003163067225086767
Cha,242,1.0,0.006266850476632469,0.006266850476632469
Cha,243,1.0,0.03449050928189249,0.03449050928189249
Cha,244,1.0,0.00283858246608509,0.002838582466085088
Cha,245,1.0,0.002862736231778947,0.002862736231778947
Cha,246,1.0,0.000823176504089077,0.0008231765040890768
Cha,247,1.0,-0.0024574709428657714,-0.0024574709428657714
Cha,248,1.0,0.0021454583266766933,0.0021454583266766933
Cha,249,1.0,0.002606469823627491,0.002606469823627491
Cha,250,1.0,0.010728965120016483,0.010728965120016483
Cha,251,1.0,-0.003762621776408432,-0.003762621776408432
Cha,252,1.0,0.0032016958180222915,0.0032016958180222915
Cha,253,1.0,-0.0077567927986137725,-0.0077567927986137725
Cha,254,1.0,-0.00015202444743501325,-0.00015202444743500979
Cha,255,1.0,-0.06417248293446552,-0.06417248293446552
Cha,256,1.0,0.002619196426856627,0.002619196426856627
Cha,257,1.0,-0.02011016924876694,-0.02011016924876694
Cha,258,1.0,0.0014221695373362615,0.0014221695373362597
Cha,259,1.0,-0.01321584870806452,-0.01321584870806452
Cha,260,1.0,0.0036156525852943083,0.0036156525852943074
Cha,261,1.0,0.004975988214958588,0.00497598821495859
Cha,262,1.0,0.0006031440122927442,0.000603144012292744
Cha,263,1.0,0.0025049302539123103,0.0025049302539123137
Cha,264,1.0,-0.013693065536577734,-0.013693065536577734
Cha,265,1.0,-0.023083165878699033,-0.023083165878699033
Cha,266,1.0,0.003720268026778953,0.0037202680267789537
Cha,267,1.0,-0.006103231924898084,-0.006103231924898084
Cha,268,1.0,0.007562258258300466,0.007562258258300466
Cha,269,1.0,0.0035708923089669414,0.0035708923089669414
Cha,270,1.0,0.0011148585850137749,0.001114858585013775
Cha,271,1.0,0.008564380971538166,0.008564380971538168
Cha,272,1.0,0.0007265274487059286,0.0007265274487059268
Cha,273,1.0,0.007723695451548326,0.007723695451548326
Cha,274,1.0,-0.015171296705043408,-0.015171296705043408
Cha,275,1.0,0.003048793969458766,0.0030487939694587678
Cha,276,1.0,0.004292293706610677,0.004292293706610677
Cha,277,1.0,0.021620705844611548,0.02162070584461155
Cha,278,1.0,0.0062195834355888175,0.0062195834355888175
Cha,279,1.0,-0.0006369897002941908,-0.00063698970029419
Cha,280,1.0,0.05637262655016134,0.05637262655016134
Cha,281,1.0,0.06982210294545403,0.06982210294545403
Cha,282,1.0,0.007358175860815792,0.007358175860815797
Cha,283,1.0,0.001278465594741587,0.0012784655947415905
Cha,284,1.0,-3.4102668167361114e-05,-3.4102668167357644e-05
Cha,285,1.0,0.023387286292739302,0.023387286292739295
Cha,286,1.0,0.03458638086230977,0.03458638086230977
Cha,287,1.0,-0.004749826893662944,-0.004749826893662942
Cha,288,1.0,-0.008104167349697145,-0.008104167349697145
Cha,289,1.0,-0.00868437679683294,-0.00868437679683294
Cha,290,1.0,0.007819659716869994,0.007819659716869994
Cha,291,1.0,-0.013101222172319064,-0.013101222172319064
Cha,292,1.0,0.0017222084285589837,0.0017222084285589828
Cha,293,1.0,-0.012852408031490362,-0.012852408031490362
Cha,294,1.0,0.010293441417131077,0.010293441417131075
Cha,295,1.0,-0.0069675661746039525,-0.0069675661746039525
Cha,296,1.0,0.02537099370818495,0.025370993708184946
Cha,297,1.0,0.006018572543890197,0.006018572543890197
Cha,298,1.0,0.0010371230960855484,0.0010371230960855519
Cha,299,1.0,-0.010221318755597014,-0.01022131875559701
Cha,300,1.0,0.003393794361191434,0.003393794361191434
Multi,1,1.0,-0.007624737706481456,-0.00762473770648146
Multi,2,1.0,0.005493746370826572,0.005493746370826572
Multi,3,1.0,0.0465194128489824,0.04651941284898239
Multi,4,1.0,0.07538644867828441,0.07538644867828441
Multi,5,1.0,0.015924972437372814,0.015924972437372814
Multi,6,1.0,0.0005548368234905583,0.0005548368234905578
Multi,7,1.0,0.004149432262321541,0.004149432262321543
Multi,8,1.0,0.008720658494320459,0.008720658494320459
Multi,9,1.0,0.006615859496916437,0.00661585949691644
Multi,10,1.0,0.026857055089961585,0.026857055089961585
Multi,11,1.0,0.00780208016528661,0.007802080165286619
Multi,12,1.0,0.0028673645409116183,0.0028673645409116183
Multi,13,1.0,0.059879676376705326,0.059879676376705326
Multi,14,1.0,0.007174891781811941,0.007174891781811934
Multi,15,1.0,-0.002361890993649283,-0.002361890993649283
Multi,16,1.0,0.0006422144269888491,0.0006422144269888491
Multi,17,1.0,-4.900823419341782e-05,-4.900823419341782e-05
Multi,18,1.0,0.003163240973211452,0.0031632409732114536
Multi,19,1.0,0.012908564504293507,0.012908564504293507
Multi,20,1.0,0.016746596562276027,0.016746596562276027
Multi,21,1.0,0.011102357081581658,0.01110235708158166
Multi,22,1.0,0.0038505668673858504,0.003850566867385847
Multi,23,1.0,0.020228460234316743,0.020228460234316743
Multi,24,1.0,0.007968716669615598,0.007968716669615595
Multi,25,1.0,0.0011960481625091276,0.0011960481625091285
Multi,26,1.0,0.04513017470984089,0.04513017470984089
Multi,27,1.0,0.01616950186807095,0.016169501868070948
Multi,28,1.0,0.0025038274125745996,0.0025038274125745996
Multi,29,1.0,0.0077078193521203636,0.0077078193521203636
Multi,30,1.0,0.04162154855258055,0.041621548552580566
Multi,31,1.0,-2.8436429513718168e-05,-2.8436429513718168e-05
Multi,32,1.0,0.044727786331074916,0.0447277863310749
Multi,33,1.0,0.020258709200867198,0.020258709200867198
Multi,34,1.0,-5.597503771069133e-05,-5.597503771069133e-05
Multi,35,1.0,0.044933582039818384,0.044933582039818384
Multi,36,1.0,0.0577564389657405,0.0577564389657405
Multi,37,1.0,0.001047953022920909,0.0010479530229209055
Multi,38,1.0,0.05631874857717486,0.05631874857717486
Multi,39,1.0,0.004945458987592873,0.004945458987592873
Multi,40,1.0,0.002410775241617903,0.0024107752416178962
Multi,41,1.0,0.03286854048777388,0.03286854048777388
Multi,42,1.0,0.036715893216792306,0.036715893216792306
Multi,43,1.0,0.0584941114095804,0.0584941114095804
Multi,44,1.0,0.015541081897365444,0.015541081897365444
Multi,45,1.0,0.0060632759892604235,0.0060632759892604235
Multi,46,1.0,0.016559022234276174,0.016559022234276174
Multi,47,1.0,0.05466404120102701,0.05466404120102701
Multi,48,1.0,-0.007184531179629375,-0.007184531179629378
Multi,49,1.0,0.019052978898446822,0.019052978898446822
Multi,50,1.0,0.027290442892893757,0.027290442892893757
Multi,51,1.0,0.01431162973358727,0.01431162973358727
Multi,52,1.0,0.014534376864782723,0.01453437686478272
Multi,53,1.0,0.041260366476963434,0.041260366476963434
Multi,54,1.0,0.006227335061179352,0.006227335061179352
Multi,55,1.0,-0.0010215783760234142,-0.0010215783760234142
Multi,56,1.0,0.04239199931842427,0.04239199931842428
Multi,57,1.0,0.018836099356761914,0.018836099356761914
Multi,58,1.0,0.05773924977735542,0.05773924977735542
Multi,59,1.0,0.013903138109374212,0.013903138109374212
Multi,60,1.0,0.07628179529140205,0.07628179529140207
Multi,61,1.0,0.010502838936912257,0.010502838936912253
Multi,62,1.0,0.001608260392708752,0.001608260392708752
Multi,63,1.0,0.010329575588520743,0.010329575588520747
Multi,64,1.0,0.057222243908529855,0.057222243908529855
Multi,65,1.0,-0.005939585675137635,-0.005939585675137635
Multi,66,1.0,0.02721144264974007,0.027211442649740063
Multi,67,1.0,0.007834661721162369,0.007834661721162369
Multi,68,1.0,-0.00024384390303784642,-0.00024384390303784642
Multi,69,1.0,0.026574667384127268,0.02657466738412726
Multi,70,1.0,0.04888800668637501,0.04888800668637501
Multi,71,1.0,0.014160921169334283,0.014160921169334283
Multi,72,1.0,0.017819610980292586,0.017819610980292583
Multi,73,1.0,0.052989766693289156,0.052989766693289184
Multi,74,1.0,0.0004041525833062597,0.0004041525833062597
Multi,75,1.0,0.028840918184230808,0.028840918184230804
Multi,76,1.0,0.00918362250698352,0.00918362250698352
Multi,77,1.0,0.046917220796836814,0.046917220796836814
Multi,78,1.0,-0.0021957830719006068,-0.0021957830719006068
Multi,79,1.0,0.01922597040105732,0.019225970401057325
Multi,80,1.0,0.002881547714495964,0.002881547714495964
Multi,81,1.0,-0.001739899484648688,-0.001739899484648688
Multi,82,1.0,0.04785207841844615,0.04785207841844615
Multi,83,1.0,0.021677832564479443,0.021677832564479443
Multi,84,1.0,0.0010571211340396234,0.0010571211340396234
Multi,85,1.0,0.01610625770750675,0.01610625770750675
Multi,86,1.0,-0.0012264370803626665,-0.0012264370803626683
Multi,87,1.0,0.014117959153078875,0.014117959153078875
Multi,88,1.0,0.0052281523258505035,0.0052281523258505035
Multi,89,1.0,0.04011880220031096,0.04011880220031096
Multi,90,1.0,-0.010443306923639258,-0.010443306923639258
Multi,91,1.0,0.0041902576113763985,0.0041902576113763985
Multi,92,1.0,0.019998723901623355,0.019998723901623355
Multi,93,1.0,0.00017801316344893264,0.00017801316344893264
Multi,94,1.0,-0.00041207778902097036,-0.00041207778902097036
Multi,95,1.0,0.008007708865405942,0.008007708865405942
Multi,96,1.0,0.018930601335146003,0.018930601335146003
Multi,97,1.0,0.0006624935677462473,0.0006624935677462473
Multi,98,1.0,-0.0013849737316485172,-0.0013849737316485172
Multi,99,1.0,0.006843214949041788,0.006843214949041788
Multi,100,1.0,0.04652124272458384,0.04652124272458384
Multi,101,1.0,0.003963944632940497,0.003963944632940497
Multi,102,1.0,0.07137691936875966,0.07137691936875966
Multi,103,1.0,0.0033870420584415453,0.003387042058441546
Multi,104,1.0,-0.000864520411956041,-0.0008645204119560393
Multi,105,1.0,0.028723591400976606,0.02872359140097661
Multi,106,1.0,0.04582010827625847,0.04582010827625847
Multi,107,1.0,0.0018621000377699523,0.0018621000377699523
Multi,108,1.0,0.037992851046403806,0.037992851046403806
Multi,109,1.0,0.019820344188177047,0.019820344188177047
Multi,110,1.0,0.008499944420432346,0.008499944420432344
Multi,111,1.0,0.047015139264281636,0.047015139264281636
Multi,112,1.0,0.008399377869848453,0.008399377869848455
Multi,113,1.0,0.07487772158742242,0.07487772158742242
Multi,114,1.0,0.048881617316067896,0.048881617316067896
Multi,115,1.0,-0.0014332336729018626,-0.0014332336729018635
Multi,116,1.0,0.03373015610461548,0.03373015610461548
Multi,117,1.0,-0.0039482631982120375,-0.003948263198212031
Multi,118,1.0,0.004984791744746388,0.00498479174474639
Multi,119,1.0,-0.0016402871965928885,-0.001640287196592892
Multi,120,1.0,-0.00011983215599582243,-0.00011983215599582243
Multi,121,1.0,0.01292213241453549,0.01292213241453549
Multi,122,1.0,0.00735265738147607,0.00735265738147607
Multi,123,1.0,0.07087764424549521,0.07087764424549521
Multi,124,1.0,0.022714673232061507,0.022714673232061507
Multi,125,1.0,0.04547353941453097,0.04547353941453097
Multi,126,1.0,0.008881739342785328,0.008881739342785328
Multi,127,1.0,0.01712108756228717,0.017121087562287175
Multi,128,1.0,0.0004908481475026615,0.0004908481475026615
Multi,129,1.0,0.009256083088457653,0.00925608308845765
Multi,130,1.0,0.023744595595606124,0.023744595595606124
Multi,131,1.0,0.03576699326573984,0.03576699326573984
Multi,132,1.0,-0.0002698167180904872,-0.00026981671809048896
Multi,133,1.0,0.022081708639783575,0.02208170863978358
Multi,134,1.0,-0.003758587937085247,-0.003758587937085247
Multi,135,1.0,-0.0037119213987373105,-0.0037119213987373105
Multi,136,1.0,0.010756190279492001,0.010756190279492001
Multi,137,1.0,0.033024219234532526,0.03302421923453251
Multi,138,1.0,0.020688010034884442,0.020688010034884442
Multi,139,1.0,0.01866379708181146,0.01866379708181146
Multi,140,1.0,-0.004898681375009775,-0.004898681375009775
Multi,141,1.0,2.5610237215364018e-05,2.5610237215364018e-05
Multi,142,1.0,0.004807599214140969,0.004807599214140971
Multi,143,1.0,-0.0008074609110241423,-0.0008074609110241414
Multi,144,1.0,0.01742103242843733,0.01742103242843733
Multi,145,1.0,-0.0003358775136300639,-0.0003358775136300639
Multi,146,1.0,0.002280696963398209,0.002280696963398209
Multi,147,1.0,0.0010159917630199675,0.0010159917630199675
Multi,148,1.0,0.0023927338154399215,0.002392733815439918
Multi,149,1.0,0.027705396499725247,0.027705396499725247
Multi,150,1.0,0.03210894445865163,0.03210894445865163
Multi,151,1.0,0.0007169688533522596,0.0007169688533522596
Multi,152,1.0,0.06768179114650494,0.06768179114650494
Multi,153,1.0,-0.007812730050810943,-0.00781273005081094
Multi,154,1.0,0.05604361567125586,0.05604361567125586
Multi,155,1.0,0.013401049867350665,0.01340104986735066
Multi,156,1.0,0.009332613109924308,0.009332613109924306
Multi,157,1.0,0.007403984385394271,0.007403984385394271
Multi,158,1.0,0.050741304650962715,0.050741304650962715
Multi,159,1.0,0.05272712194629292,0.05272712194629292
Multi,160,1.0,0.0637671639498118,0.06376716394981177
Multi,161,1.0,0.00017480447299777178,0.00017480447299777178
Multi,162,1.0,0.012168064663749815,0.012168064663749815
Multi,163,1.0,-0.013647530579199676,-0.013647530579199665
Multi,164,1.0,0.02441323772539094,0.02441323772539094
Multi,165,1.0,0.0028230193606654554,0.0028230193606654554
Multi,166,1.0,0.011210417584788902,0.0112104175847889
Multi,167,1.0,0.009917032742280153,0.009917032742280153
Multi,168,1.0,0.05852741713617271,0.05852741713617271
Multi,169,1.0,-0.005181169005600039,-0.005181169005600039
Multi,170,1.0,0.063895100071763,0.063895100071763
Multi,171,1.0,0.057664951524095245,0.057664951524095245
Multi,172,1.0,-0.00011691568454067283,-0.0001169156845406711
Multi,173,1.0,0.0004566462850901839,0.0004566462850901856
Multi,174,1.0,0.05742132640237245,0.05742132640237245
Multi,175,1.0,0.03782919216971561,0.03782919216971561
Multi,176,1.0,0.06735656050022482,0.06735656050022482
Multi,177,1.0,0.05158405489265104,0.05158405489265104
Multi,178,1.0,0.014897020659225078,0.014897020659225078
Multi,179,1.0,0.04915514994074796,0.04915514994074796
Multi,180,1.0,0.023506509207656047,0.023506509207656043
Multi,181,1.0,0.033353496520844246,0.03335349652084424
Multi,182,1.0,0.029905538402548913,0.029905538402548917
Multi,183,1.0,0.05218813801818349,0.05218813801818349
Multi,184,1.0,0.01665898493015259,0.01665898493015258
Multi,185,1.0,-5.222867648857965e-05,-5.222867648857965e-05
Multi,186,1.0,0.031160776185209564,0.031160776185209564
Multi,187,1.0,0.004142160629057386,0.004142160629057385
Multi,188,1.0,0.012496307449536928,0.012496307449536937
Multi,189,1.0,0.012156550738955663,0.012156550738955661
Multi,190,1.0,0.06445631005892823,0.06445631005892825
Multi,191,1.0,0.06321148381919678,0.06321148381919678
Multi,192,1.0,0.026462146721104883,0.026462146721104883
Multi,193,1.0,0.017993096678906285,0.017993096678906285
Multi,194,1.0,0.06544153934274685,0.06544153934274685
Multi,195,1.0,0.007230154542747886,0.007230154542747886
Multi,196,1.0,0.014178723842261178,0.014178723842261178
Multi,197,1.0,0.005729213820900438,0.005729213820900442
Multi,198,1.0,0.005808023835747248,0.005808023835747248
Multi,199,1.0,0.06264582938759386,0.06264582938759386
Multi,200,1.0,0.00048479018479805243,0.000484790184798052
Multi,201,1.0,0.013932366892874134,0.013932366892874134
Multi,202,1.0,-0.009131706014712741,-0.009131706014712745
Multi,203,1.0,0.016862462608608294,0.016862462608608287
Multi,204,1.0,0.057692886983865106,0.057692886983865106
Multi,205,1.0,0.006584679337939017,0.006584679337939017
Multi,206,1.0,0.05102028507874808,0.051020285078748076
Multi,207,1.0,0.0035768593336005117,0.0035768593336005135
Multi,208,1.0,0.009274948858659234,0.00927494885865923
Multi,209,1.0,-0.0026165099165156042,-0.0026165099165156042
Multi,210,1.0,0.009044274758438036,0.009044274758438038
Multi,211,1.0,0.006096102354681108,0.006096102354681105
Multi,212,1.0,0.02638358901277733,0.02638358901277733
Multi,213,1.0,0.05076603218919264,0.05076603218919264
Multi,214,1.0,0.026378849934976245,0.02637884993497623
Multi,215,1.0,0.013556137370100823,0.013556137370100823
Multi,216,1.0,0.045194619689005636,0.045194619689005636
Multi,217,1.0,0.006889342317362428,0.006889342317362428
Multi,218,1.0,0.059752845272739614,0.059752845272739614
Multi,219,1.0,-0.0007393199248617388,-0.0007393199248617388
Multi,220,1.0,0.00846752427815363,0.008467524278153631
Multi,221,1.0,0.04392475147907228,0.04392475147907228
Multi,222,1.0,0.010774520671454263,0.010774520671454261
Multi,223,1.0,0.04558996115005835,0.04558996115005837
Multi,224,1.0,0.028906562650485634,0.028906562650485645
Multi,225,1.0,0.054420747955149354,0.05442074795514937
Multi,226,1.0,0.0028246285167291075,0.0028246285167291075
Multi,227,1.0,0.06822209211072722,0.06822209211072722
Multi,228,1.0,0.07639716237746148,0.07639716237746148
Multi,229,1.0,0.00045467714160452553,0.00045467714160452553
Multi,230,1.0,0.032080026926999135,0.032080026926999135
Multi,231,1.0,0.008910204413761858,0.008910204413761856
Multi,232,1.0,0.01764406518347876,0.017644065183478753
Multi,233,1.0,0.0043758037335642,0.0043758037335642
Multi,234,1.0,0.004540608319237735,0.004540608319237735
Multi,235,1.0,0.012320091156499647,0.012320091156499647
Multi,236,1.0,0.05596721118839115,0.05596721118839117
Multi,237,1.0,0.002837259816354057,0.002837259816354056
Multi,238,1.0,0.07344327227793901,0.07344327227793901
Multi,239,1.0,-0.0023708027665483664,-0.0023708027665483664
Multi,240,1.0,0.005828050938261688,0.005828050938261685
Multi,241,1.0,0.010473806955627215,0.010473806955627218
Multi,242,1.0,0.034278350063212046,0.034278350063212046
Multi,243,1.0,0.013825710987430177,0.01382571098743017
Multi,244,1.0,0.0023153550909462625,0.0023153550909462625
Multi,245,1.0,0.03959663566437159,0.03959663566437159
Multi,246,1.0,0.007849667802543724,0.007849667802543724
Multi,247,1.0,0.06216083447892317,0.06216083447892317
Multi,248,1.0,0.014816906402386587,0.014816906402386584
Multi,249,1.0,0.004238613284674897,0.004238613284674897
Multi,250,1.0,0.0371725446012522,0.0371725446012522
Multi,251,1.0,0.010079953036928714,0.010079953036928714
Multi,252,1.0,0.006072371379763707,0.006072371379763706
Multi,253,1.0,0.007738581591505456,0.007738581591505456
Multi,254,1.0,0.011723624924385896,0.011723624924385896
Multi,255,1.0,0.016844472249361475,0.016844472249361475
Multi,256,1.0,0.004095293002872969,0.004095293002872969
Multi,257,1.0,0.005914514713721434,0.005914514713721434
Multi,258,1.0,0.03671472735002378,0.036714727350023804
Multi,259,1.0,0.001579555134545465,0.0015795551345454666
Multi,260,1.0,0.0790634626141299,0.0790634626141299
Multi,261,1.0,0.014501867656663364,0.014501867656663362
Multi,262,1.0,0.013378033192576704,0.013378033192576704
Multi,263,1.0,0.004643924199390749,0.004643924199390749
Multi,264,1.0,-0.0018483125850769638,-0.0018483125850769673
Multi,265,1.0,0.0002066021696325122,0.00020660216963251134
Multi,266,1.0,0.017565341155706092,0.017565341155706085
Multi,267,1.0,-0.010370542781193415,-0.010370542781193415
Multi,268,1.0,0.02786294806141467,0.027862948061414657
Multi,269,1.0,7.133899723345272e-05,7.133899723345142e-05
Multi,270,1.0,0.030151942101946428,0.030151942101946428
Multi,271,1.0,0.07344548718022334,0.07344548718022334
Multi,272,1.0,0.056076571654671295,0.056076571654671295
Multi,273,1.0,0.018629329771313857,0.018629329771313857
Multi,274,1.0,0.050910111044529735,0.050910111044529735
Multi,275,1.0,0.0038316133440275324,0.003831613344027534
Multi,276,1.0,0.06976175241470192,0.06976175241470192
Multi,277,1.0,0.021615825654226713,0.02161582565422671
Multi,278,1.0,0.02172503560523132,0.02172503560523132
Multi,279,1.0,0.03369008788785174,0.033690087887851716
Multi,280,1.0,0.012764114898997009,0.012764114898997009
Multi,281,1.0,0.003511657537394344,0.0035116575373943457
Multi,282,1.0,-0.0004268408339979171,-0.0004268408339979171
Multi,283,1.0,0.009924326398247474,0.009924326398247474
Multi,284,1.0,-0.0024350525357466624,-0.0024350525357466624
Multi,285,1.0,0.009710856947905801,0.009710856947905798
Multi,286,1.0,0.008152326642440935,0.008152326642440935
Multi,287,1.0,0.01491872983612446,0.014918729836124462
Multi,288,1.0,-0.0007605830093129276,-0.0007605830093129276
Multi,289,1.0,0.023251631070904975,0.023251631070904975
Multi,290,1.0,0.012572355193418969,0.012572355193418969
Multi,291,1.0,0.013372637402658247,0.013372637402658247
Multi,292,1.0,0.01796117806192238,0.01796117806192238
Multi,293,1.0,0.04762180381909901,0.04762180381909901
Multi,294,1.0,-0.00581982619916854,-0.005819826199168537
Multi,295,1.0,-0.014783342062611955,-0.014783342062611955
Multi,296,1.0,-0.0031216551863946923,-0.0031216551863946923
Multi,297,1.0,-0.0002849530608674015,-0.00028495306086740065
Multi,298,1.0,0.057009922676136575,0.05700992267613657
Multi,299,1.0,0.01862032468359056,0.01862032468359056
Multi,300,1.0,0.024035737715116398,0.024035737715116412
Net,1,1.0,-0.0045572946892213995,-0.0045572946892213995
Net,2,1.0,0.0020323401870794887,0.002032340187079487
Net,3,1.0,0.007924947878263925,0.007924947878263925
Net,4,1.0,0.0004946651465019478,0.0004946651465019512
Net,5,1.0,-0.0014043630509114665,-0.0014043630509114648
Net,6,1.0,-0.023565901695845902,-0.023565901695845902
Net,7,1.0,-0.024022213145198562,-0.024022213145198562
Net,8,1.0,0.008011655359992813,0.008011655359992813
Net,9,1.0,0.007813316209328146,0.007813316209328146
Net,10,1.0,-0.0004084386765595188,-0.00040843867655951903
Net,11,1.0,-0.0010621211736545882,-0.0010621211736545864
Net,12,1.0,0.034841182070469726,0.034841182070469726
Net,13,1.0,0.0024341778720390547,0.0024341778720390547
Net,14,1.0,-0.00017841697141258994,-0.00017841697141258994
Net,15,1.0,0.002105631159249377,0.002105631159249377
Net,16,1.0,0.004609162011379505,0.004609162011379507
Net,17,1.0,0.005017840003691957,0.005017840003691957
Net,18,1.0,0.01177493947495683,0.01177493947495683
Net,19,1.0,-3.8887270706475935e-05,-3.8887270706475935e-05
Net,20,1.0,0.01348490407627806,0.013484904076278052
Net,21,1.0,-0.0008166232601624496,-0.0008166232601624496
Net,22,1.0,0.0010990112732254288,0.0010990112732254288
Net,23,1.0,0.0023537596179140008,0.0023537596179140016
Net,24,1.0,-0.002860521950798483,-0.002860521950798482
Net,25,1.0,0.0003405677607081978,0.00034056776070820124
Net,26,1.0,0.0033766509952958303,0.0033766509952958303
Net,27,1.0,-0.0013888577472395951,-0.0013888577472395951
Net,28,1.0,0.024770833284083284,0.024770833284083284
Net,29,1.0,0.020197095035643913,0.020197095035643913
Net,30,1.0,-0.0037104763934242375,-0.0037104763934242366
Net,31,1.0,0.005413481019083691,0.005413481019083694
Net,32,1.0,-0.012042514545615755,-0.012042514545615755
Net,33,1.0,0.0011703786325470422,0.0011703786325470422
Net,34,1.0,0.01741852395542415,0.01741852395542415
Net,35,1.0,-0.008794311286935263,-0.008794311286935266
Net,36,1.0,-0.007487800800258653,-0.007487800800258653
Net,37,1.0,0.0019983467263361403,0.0019983467263361403
Net,38,1.0,-0.0016259904164144592,-0.0016259904164144592
Net,39,1.0,0.011322717515806852,0.011322717515806852
Net,40,1.0,0.0037228988974089185,0.0037228988974089185
Net,41,1.0,0.017834120356584573,0.017834120356584573
Net,42,1.0,-0.0022481358776600896,-0.0022481358776600888
Net,43,1.0,-0.0026053265927337933,-0.0026053265927337924
Net,44,1.0,0.0019614493742785553,0.0019614493742785553
Net,45,1.0,0.0022216475549741294,0.002221647554974131
Net,46,1.0,0.0011352084440676602,0.001135208444067661
Net,47,1.0,-0.006261180270730676,-0.006261180270730676
Net,48,1.0,-0.011715019358627773,-0.011715019358627773
Net,49,1.0,0.004109815380002258,0.004109815380002258
Net,50,1.0,0.0032694454999584524,0.0032694454999584524
Net,51,1.0,0.005724875893627395,0.005724875893627395
Net,52,1.0,0.017353072031086228,0.017353072031086228
Net,53,1.0,0.003428523222727289,0.003428523222727289
Net,54,1.0,0.009410789419959709,0.009410789419959709
Net,55,1.0,0.012526611448987252,0.012526611448987252
Net,56,1.0,-0.0011462116461898406,-0.0011462116461898406
Net,57,1.0,0.008646008235416489,0.008646008235416489
Net,58,1.0,0.015067288207532071,0.015067288207532064
Net,59,1.0,0.004994373348863665,0.004994373348863665
Net,60,1.0,0.006214687909434469,0.006214687909434462
Net,61,1.0,0.000120679276619318,0.00012067927661931453
Net,62,1.0,0.013063021477510659,0.013063021477510659
Net,63,1.0,0.007199991796314673,0.007199991796314673
Net,64,1.0,0.0026154039939642413,0.002615403993964242
Net,65,1.0,0.006773971067922952,0.006773971067922954
Net,66,1.0,0.017182177386852484,0.01718217738685248
Net,67,1.0,0.0005304855615613432,0.0005304855615613432
Net,68,1.0,0.004401949713486597,0.004401949713486597
Net,69,1.0,-0.010023939268829465,-0.010023939268829465
Net,70,1.0,-0.0012895126309253498,-0.0012895126309253532
Net,71,1.0,0.004926076640132599,0.0049260766401326
Net,72,1.0,-0.004113868155209868,-0.004113868155209865
Net,73,1.0,-0.01010631027235474,-0.01010631027235474
Net,74,1.0,0.009886491098223905,0.009886491098223905
Net,75,1.0,0.0019218777435272612,0.0019218777435272612
Net,76,1.0,-0.03172665498806869,-0.03172665498806869
Net,77,1.0,0.0031649074433255397,0.003164907443325539
Net,78,1.0,0.012340117533195364,0.012340117533195371
Net,79,1.0,0.005444449693735937,0.005444449693735939
Net,80,1.0,-0.004895418744209387,-0.004895418744209387
Net,81,1.0,7.00533786848678e-05,7.00533786848678e-05
Net,82,1.0,-0.0012240353057814297,-0.0012240353057814315
Net,83,1.0,-0.0009948038984468228,-0.0009948038984468202
Net,84,1.0,-0.001733309880257626,-0.0017333098802576226
Net,85,1.0,-0.0013236962538704915,-0.0013236962538704898
Net,86,1.0,-0.0018948737072665544,-0.0018948737072665544
Net,87,1.0,0.0003137791836471428,0.0003137791836471428
Net,88,1.0,0.005335757388388143,0.005335757388388143
Net,89,1.0,0.01886266284059852,0.01886266284059852
Net,90,1.0,0.004840514937745264,0.004840514937745264
Net,91,1.0,-0.017435927833580788,-0.017435927833580788
Net,92,1.0,0.004220074580266318,0.004220074580266318
Net,93,1.0,-0.0045587775218849744,-0.0045587775218849744
Net,94,1.0,0.009635264900279859,0.009635264900279855
Net,95,1.0,0.002967065796143597,0.0029670657961435986
Net,96,1.0,0.0007666144755620308,0.0007666144755620304
Net,97,1.0,0.0035271534027328973,0.0035271534027328903
Net,98,1.0,-0.009775032192664112,-0.009775032192664112
Net,99,1.0,0.00012146373074394803,0.00012146373074394846
Net,100,1.0,0.0007866597620353822,0.0007866597620353822
Net,101,1.0,-0.001908467220951609,-0.0019084672209516086
Net,102,1.0,-0.0034390201466276485,-0.0034390201466276485
Net,103,1.0,0.0019846157998164495,0.0019846157998164495
Net,104,1.0,-0.010994289479194352,-0.010994289479194352
Net,105,1.0,0.005530184175448087,0.005530184175448085
Net,106,1.0,-0.0038298126243718183,-0.0038298126243718183
Net,107,1.0,0.003669951508917786,0.0036699515089177867
Net,108,1.0,0.0092635168053024,0.0092635168053024
Net,109,1.0,-0.0012310270618366079,-0.001231027061836607
Net,110,1.0,0.007534137433994166,0.007534137433994166
Net,111,1.0,0.004090291538263211,0.004090291538263211
Net,112,1.0,-0.0006925414947208464,-0.0006925414947208455
Net,113,1.0,0.0037231447640484437,0.0037231447640484437
Net,114,1.0,-0.009636974728658019,-0.009636974728658026
Net,115,1.0,-0.004086647564522391,-0.004086647564522392
Net,116,1.0,0.0026903685503041944,0.0026903685503041957
Net,117,1.0,0.06927433093367161,0.06927433093367161
Net,118,1.0,0.022193287700525893,0.022193287700525893
Net,119,1.0,0.0004954634119939574,0.0004954634119939574
Net,120,1.0,0.001090928737705752,0.0010909287377057486
Net,121,1.0,-0.003273376762453789,-0.0032733767624537925
Net,122,1.0,-0.0010980375993914744,-0.0010980375993914736
Net,123,1.0,0.003370523269278369,0.003370523269278369
Net,124,1.0,0.007044536483382949,0.007044536483382949
Net,125,1.0,-0.0007289537698192839,-0.0007289537698192848
Net,126,1.0,0.0035763492038692205,0.0035763492038692222
Net,127,1.0,0.005224673768687352,0.005224673768687352
Net,128,1.0,0.001209459739754748,0.0012094597397547479
Net,129,1.0,-0.003990691681303324,-0.003990691681303324
Net,130,1.0,0.006137295443334997,0.006137295443334999
Net,131,1.0,-0.004733991763393113,-0.004733991763393113
Net,132,1.0,0.024562278145612664,0.024562278145612664
Net,133,1.0,0.006754581032050082,0.006754581032050081
Net,134,1.0,0.002310994990828064,0.002310994990828064
Net,135,1.0,-0.001964267074134271,-0.001964267074134271
Net,136,1.0,0.002496931979236257,0.002496931979236257
Net,137,1.0,-0.00500664205820201,-0.00500664205820201
Net,138,1.0,0.002929124839028987,0.002929124839028987
Net,139,1.0,0.004460136783439449,0.004460136783439449
Net,140,1.0,-0.0033851452244893915,-0.0033851452244893906
Net,141,1.0,0.006361021405978929,0.006361021405978929
Net,142,1.0,0.0015777350919532335,0.0015777350919532335
Net,143,1.0,-0.010129513727795107,-0.010129513727795107
Net,144,1.0,0.013969729708092493,0.013969729708092493
Net,145,1.0,0.0007639480312112354,0.0007639480312112319
Net,146,1.0,-0.006160419786263043,-0.006160419786263045
Net,147,1.0,-0.0030170704167919856,-0.0030170704167919848
Net,148,1.0,0.007427171405371781,0.007427171405371781
Net,149,1.0,0.003588095305532047,0.003588095305532047
Net,150,1.0,0.001895883680157852,0.001895883680157852
Net,151,1.0,-0.00015495579168506475,-0.00015495579168506302
Net,152,1.0,-0.01598329880130143,-0.015983298801301435
Net,153,1.0,-0.005882535545637337,-0.005882535545637337
Net,154,1.0,-0.002795335883982739,-0.002795335883982739
Net,155,1.0,-0.013015026213680704,-0.013015026213680704
Net,156,1.0,0.0006040799435640962,0.0006040799435640962
Net,157,1.0,0.0055668443426964715,0.005566844342696471
Net,158,1.0,0.0014719462702897264,0.0014719462702897264
Net,159,1.0,-0.0029347328438947403,-0.0029347328438947386
Net,160,1.0,0.00012631706049703956,0.00012631706049703956
Net,161,1.0,0.010885176856817369,0.01088517685681737
Net,162,1.0,0.008448541073241507,0.008448541073241507
Net,163,1.0,-0.0042145441324470964,-0.004214544132447096
Net,164,1.0,0.013183299352286692,0.013183299352286687
Net,165,1.0,-0.004577649377067693,-0.004577649377067693
Net,166,1.0,-0.0033358187585203133,-0.0033358187585203185
Net,167,1.0,-0.005726209696140489,-0.005726209696140486
Net,168,1.0,-0.0011681418293521505,-0.0011681418293521505
Net,169,1.0,0.0003563979806377477,0.00035639798063774684
Net,170,1.0,0.0001652601983384884,0.00016526019833848493
Net,171,1.0,0.0037845755040065926,0.003784575504006591
Net,172,1.0,-0.002598514296049053,-0.002598514296049054
Net,173,1.0,-0.0008677118161876489,-0.0008677118161876489
Net,174,1.0,0.0037171466989653866,0.0037171466989653866
Net,175,1.0,0.006275577657338745,0.006275577657338745
Net,176,1.0,0.004522217194617737,0.004522217194617741
Net,177,1.0,0.0046111641270831765,0.0046111641270831765
Net,178,1.0,0.00048310124529443894,0.0004831012452944407
Net,179,1.0,0.005719501737039832,0.005719501737039834
Net,180,1.0,-0.0010885978423594948,-0.0010885978423594948
Net,181,1.0,0.004971668152372053,0.004971668152372053
Net,182,1.0,0.002943864881356603,0.002943864881356603
Net,183,1.0,-2.541598634712896e-05,-2.5415986347129826e-05
Net,184,1.0,0.006432404706068338,0.006432404706068338
Net,185,1.0,-0.003782457774343987,-0.003782457774343987
Net,186,1.0,0.004007342399417638,0.004007342399417635
Net,187,1.0,0.0003451967466133396,0.000345196746613337
Net,188,1.0,0.0029649435604702824,0.002964943560470284
Net,189,1.0,0.002947848489858079,0.0029478484898580806
Net,190,1.0,0.015200671199912282,0.015200671199912282
Net,191,1.0,-0.005583725338149629,-0.005583725338149629
Net,192,1.0,0.004221659581107059,0.00422165958110706
Net,193,1.0,0.0179749771083378,0.0179749771083378
Net,194,1.0,-0.0043819907143130225,-0.004381990714313024
Net,195,1.0,-0.0008999669613896678,-0.0008999669613896678
Net,196,1.0,-0.0037763971471035107,-0.0037763971471035107
Net,197,1.0,-0.00843953646103287,-0.00843953646103287
Net,198,1.0,-0.003340722568854566,-0.0033407225688545676
Net,199,1.0,0.011484624342540314,0.011484624342540314
Net,200,1.0,0.0013647285303167583,0.0013647285303167588
Net,201,1.0,0.005030581984593791,0.005030581984593793
Net,202,1.0,-0.0006564179135801402,-0.0006564179135801404
Net,203,1.0,-0.002586029053417477,-0.002586029053417477
Net,204,1.0,-0.013147010973175756,-0.013147010973175756
Net,205,1.0,-0.00016063063057000088,-0.00016063063057000088
Net,206,1.0,-0.00018206131508750976,-0.00018206131508750976
Net,207,1.0,-0.011369469365238045,-0.011369469365238045
Net,208,1.0,0.004824318908377771,0.004824318908377771
Net,209,1.0,0.010493812403390373,0.010493812403390373
Net,210,1.0,0.011426054856421416,0.011426054856421423
Net,211,1.0,-0.0012854675623984995,-0.0012854675623984995
Net,212,1.0,0.0039014365368299454,0.003901436536829949
Net,213,1.0,0.003169783514919285,0.0031697835149192867
Net,214,1.0,-0.0016328418160293523,-0.0016328418160293523
Net,215,1.0,0.035739304895381255,0.03573930489538125
Net,216,1.0,0.01033935525863177,0.010339355258631777
Net,217,1.0,0.0024183967333604676,0.0024183967333604676
Net,218,1.0,0.0020589131914914,0.0020589131914914016
Net,219,1.0,-0.0007586717551053253,-0.0007586717551053253
Net,220,1.0,0.0002757396393923469,0.0002757396393923469
Net,221,1.0,0.00010829980117905459,0.00010829980117905372
Net,222,1.0,0.006438704813213465,0.006438704813213465
Net,223,1.0,-0.001096244713146408,-0.001096244713146408
Net,224,1.0,0.013186329106229064,0.01318632910622906
Net,225,1.0,0.008320483264091717,0.008320483264091717
Net,226,1.0,-0.004521608897725486,-0.004521608897725484
Net,227,1.0,-0.006219326324716267,-0.006219326324716265
Net,228,1.0,-0.0007159633345625305,-0.0007159633345625305
Net,229,1.0,0.002307969865057557,0.0023079698650575586
Net,230,1.0,0.005974586207145062,0.005974586207145062
Net,231,1.0,0.00411457912079735,0.00411457912079735
Net,232,1.0,0.026682630740485616,0.026682630740485616
Net,233,1.0,-0.0012939272932027367,-0.0012939272932027384
Net,234,1.0,0.004631912300254032,0.004631912300254032
Net,235,1.0,-0.003300492734378429,-0.003300492734378429
Net,236,1.0,-0.0035870554537945666,-0.0035870554537945597
Net,237,1.0,0.0019528424986688456,0.0019528424986688438
Net,238,1.0,0.0033887348943704362,0.0033887348943704362
Net,239,1.0,0.016049806216052315,0.01604980621605231
Net,240,1.0,0.002110157994542005,0.002110157994542005
Net,241,1.0,0.009839649350592797,0.009839649350592797
Net,242,1.0,-0.009144388669357172,-0.009144388669357172
Net,243,1.0,0.004694369635997866,0.004694369635997866
Net,244,1.0,0.008490425760425009,0.008490425760425009
Net,245,1.0,0.004834489561711553,0.00483448956171155
Net,246,1.0,0.00654379659173681,0.00654379659173681
Net,247,1.0,-0.005468596952210077,-0.005468596952210077
Net,248,1.0,0.05186886469134454,0.05186886469134455
Net,249,1.0,0.014712374667065589,0.014712374667065587
Net,250,1.0,0.004675464874772697,0.004675464874772697
Net,251,1.0,0.0006801229102709975,0.0006801229102709975
Net,252,1.0,0.002831118508088362,0.00283111850808836
Net,253,1.0,0.0003170171642748708,0.00031701716427486905
Net,254,1.0,-0.002146186654253186,-0.002146186654253186
Net,255,1.0,-0.006303866290545137,-0.006303866290545137
Net,256,1.0,0.021282767793719203,0.021282767793719203
Net,257,1.0,-0.00252900850964577,-0.002529008509645769
Net,258,1.0,0.025761090150540594,0.025761090150540594
Net,259,1.0,-0.002603599879533391,-0.002603599879533391
Net,260,1.0,-0.0013787441139749763,-0.001378744113974976
Net,261,1.0,0.0043626223772689,0.004362622377268897
Net,262,1.0,0.0004133217188680891,0.00041332171886808916
Net,263,1.0,0.004533428300901223,0.004533428300901221
Net,264,1.0,-0.0022065908246102616,-0.0022065908246102616
Net,265,1.0,-0.003105759798510509,-0.0031057597985105056
Net,266,1.0,-0.003331853269725205,-0.0033318532697252067
Net,267,1.0,0.0018013498911865758,0.0018013498911865766
Net,268,1.0,-0.00027322418574028673,-0.00027322418574028673
Net,269,1.0,0.0067291101448593085,0.006729110144859306
Net,270,1.0,0.015468798192944184,0.015468798192944186
Net,271,1.0,-0.0043884494870071265,-0.004388449487007125
Net,272,1.0,-0.00259933899506824,-0.00259933899506824
Net,273,1.0,-0.0008294332585127876,-0.0008294332585127876
Net,274,1.0,0.0022646428061522117,0.0022646428061522117
Net,275,1.0,-0.0009369564388908343,-0.0009369564388908343
Net,276,1.0,0.03162082400681761,0.031620824006817615
Net,277,1.0,-6.655967250730407e-05,-6.655967250730407e-05
Net,278,1.0,0.00027932855406113954,0.00027932855406113954
Net,279,1.0,-0.004339657929354384,-0.004339657929354384
Net,280,1.0,0.006994934417563499,0.006994934417563498
Net,281,1.0,-0.0024551127907329554,-0.002455112790732957
Net,282,1.0,0.008996914420188405,0.008996914420188405
Net,283,1.0,0.01847987706342242,0.01847987706342242
Net,284,1.0,0.0007436491112416295,0.0007436491112416291
Net,285,1.0,0.001545411811506016,0.001545411811506016
Net,286,1.0,0.009667561960948179,0.009667561960948175
Net,287,1.0,-0.0019039172285314557,-0.0019039172285314557
Net,288,1.0,0.02599272713663872,0.02599272713663872
Net,289,1.0,-0.006871628158412538,-0.006871628158412538
Net,290,1.0,-0.00030287081005139294,-0.0003028708100513923
Net,291,1.0,0.002886998816578251,0.0028869988165782477
Net,292,1.0,-0.000974626627262519,-0.000974626627262519
Net,293,1.0,-0.0010615058346430907,-0.0010615058346430907
Net,294,1.0,-0.017163641619163502,-0.017163641619163502
Net,295,1.0,-0.0002054393649915942,-0.0002054393649915942
Net,296,1.0,0.008797354846893445,0.008797354846893445
Net,297,1.0,0.003930745013267749,0.003930745013267747
Net,298,1.0,0.0005413786302688652,0.0005413786302688652
Net,299,1.0,-0.041094878605416885,-0.041094878605416885
Net,300,1.0,-0.004256369660171977,-0.004256369660171977
Tuebingen,1,0.166,-0.0005503301007355509,-0.0005503301007355509
Tuebingen,2,0.166,-0.028342774543810713,-0.028342774543810713
Tuebingen,3,0.167,0.03565484466889596,0.03565484466889596
Tuebingen,4,0.166,-0.015046847487098997,-0.015046847487098999
Tuebingen,5,0.143,-0.013660863050540204,-0.013660863050540198
Tuebingen,6,0.143,-0.004777148730134332,-0.004777148730134332
Tuebingen,7,0.143,-0.01494006735071777,-0.014940067350717765
Tuebingen,8,0.143,0.012031044975870648,0.012031044975870648
Tuebingen,9,0.143,-0.014900783370199896,-0.014900783370199898
Tuebingen,10,0.143,-0.008448396222775559,-0.00844839622277556
Tuebingen,11,0.142,-0.006878976446274878,-0.006878976446274877
Tuebingen,12,0.5,0.026299743723573223,0.026299743723573223
Tuebingen,13,0.25,0.024261786807900834,0.024261786807900844
Tuebingen,14,0.25,0.00034220634963972804,0.00034220634963972457
Tuebingen,15,0.25,0.01469868360760453,0.01469868360760453
Tuebingen,16,0.25,0.014423742553212208,0.014423742553212202
Tuebingen,17,0.5,0.0422797020917346,0.0422797020917346
Tuebingen,18,1.0,0.04997108950767028,0.04997108950767028
Tuebingen,19,1.0,0.009547350213698718,0.009547350213698718
Tuebingen,20,0.166,0.06073929313249389,0.06073929313249389
Tuebingen,21,0.167,0.009611300018177484,0.009611300018177484
Tuebingen,22,0.333,0.02353614110587146,0.02353614110587146
Tuebingen,23,0.333,0.028839190757815714,0.028839190757815717
Tuebingen,24,0.334,0.023655182287455084,0.023655182287455084
Tuebingen,25,0.125,0.010247887632437058,0.010247887632437065
Tuebingen,26,0.125,0.012898513464110674,0.01289851346411066
Tuebingen,27,0.125,0.05730540421518778,0.057305404215187795
Tuebingen,28,0.125,-0.016200228121411964,-0.016200228121411964
Tuebingen,29,0.125,-0.010310437672227814,-0.010310437672227817
Tuebingen,30,0.125,0.0073700581315730845,0.007370058131573071
Tuebingen,31,0.125,-0.00273691493446359,-0.00273691493446359
Tuebingen,32,0.125,-0.01416220786970989,-0.01416220786970989
Tuebingen,33,0.2,0.011834176392042843,0.011834176392042843
Tuebingen,34,0.2,0.002493632209714519,0.002493632209714512
Tuebingen,35,0.2,0.011720771402515453,0.011720771402515453
Tuebingen,36,0.2,0.010934788122571763,0.010934788122571763
Tuebingen,37,0.2,0.01033272378000593,0.01033272378000593
Tuebingen,38,0.25,0.018011712614081854,0.018011712614081854
Tuebingen,39,0.25,0.008434120154096312,0.008434120154096312
Tuebingen,40,0.25,0.02040099966379052,0.02040099966379052
Tuebingen,41,0.25,-0.0013345152522095602,-0.0013345152522095602
Tuebingen,42,0.5,0.06149884864858669,0.05933885935148239
Tuebingen,43,0.25,-0.00026739814052355315,0.0001274150738535592
Tuebingen,44,0.25,4.466219404071492e-05,-9.066813730810729e-05
Tuebingen,45,0.25,0.003026347100416063,0.002080509983890635
Tuebingen,46,0.25,-0.0076792158102079525,-0.0034858225877616687
Tuebingen,48,1.0,-0.0028343966801523124,-0.0028343966801523193
Tuebingen,49,0.333,0.006889951849954508,0.006889951849954515
Tuebingen,50,0.333,0.008475151567859742,0.008475151567859742
Tuebingen,51,0.334,0.024663547091168223,0.024663547091168237
Tuebingen,56,0.083,-0.0071626293924618376,-0.0071626293924618376
Tuebingen,57,0.083,-0.005845005619381317,-0.005845005619381317
Tuebingen,58,0.084,0.012821463464969828,0.012821463464969821
Tuebingen,59,0.083,-0.013717953341150058,-0.013717953341150037
Tuebingen,60,0.083,-0.01279462164558514,-0.012794621645585126
Tuebingen,61,0.084,-0.0012339783973748936,-0.0012339783973748936
Tuebingen,62,0.083,0.016741508522436464,0.016741508522436464
Tuebingen,63,0.083,-0.005081492631973439,-0.005081492631973439
Tuebingen,64,0.084,0.01130182199511199,0.01130182199511199
Tuebingen,65,0.333,0.0005116844409785021,0.0005116844409785012
Tuebingen,66,0.333,-0.0012329057501041275,-0.001232905750104127
Tuebingen,67,0.334,-0.0012273828848679159,-0.0012273828848679141
Tuebingen,68,1.0,-0.005829821840227691,-0.005829821840227693
Tuebingen,69,1.0,-0.005307500956995705,-0.006383625033777495
Tuebingen,72,1.0,0.019878565804830214,0.019878565804830224
Tuebingen,73,0.083,0.00894060832439652,0.008940608324396523
Tuebingen,74,0.083,-0.04853754175889784,-0.048537541758897844
Tuebingen,75,0.084,-0.01442617251990828,-0.01442617251990828
Tuebingen,76,1.0,0.004593555343739688,0.004593555343739688
Tuebingen,77,0.5,0.03761521323553252,0.016142807285574233
Tuebingen,78,0.3333,0.001929641126006923,0.001929641126006923
Tuebingen,79,0.3333,-0.009520392752255954,-0.009520392752255958
Tuebingen,80,0.3334,0.004421184585766923,0.004421184585766923
Tuebingen,81,0.3333,0.0193436078000391,0.019343607800039107
Tuebingen,82,0.3333,0.008217441462329278,0.008217441462329278
Tuebingen,83,0.3334,0.011038329650263126,0.011038329650263128
Tuebingen,84,1.0,0.00022468291983772652,0.00022468291983772696
Tuebingen,85,1.0,0.06720083800019479,0.06720083800019479
Tuebingen,86,1.0,-0.011613026331312457,-0.011613026331312457
Tuebingen,87,1.0,0.012545777778618485,0.012545777778618485
Tuebingen,88,1.0,0.036496608395355984,0.036496608395355984
Tuebingen,89,0.25,-0.00880845495785414,-0.00880845495785414
Tuebingen,90,0.25,-0.006950743006036479,-0.006950743006036476
Tuebingen,91,0.25,0.01448552823276953,0.014485528232769537
Tuebingen,92,0.25,0.03404705952276335,0.03404705952276336
Tuebingen,93,1.0,0.007715251054733333,0.007715251054733333
Tuebingen,94,0.3333,0.04561203928131255,0.04595466911024127
Tuebingen,95,0.3333,0.07643742881235892,0.07370287512709334
Tuebingen,96,0.3333,0.03075147970247654,0.022471658594953356
Tuebingen,97,0.2,-0.01708799095536461,-0.01708799095536461
Tuebingen,98,0.2,-0.0020032793084887417,-0.002003279308488738
Tuebingen,99,1.0,0.03441136367531443,0.03441136367531443
Tuebingen,100,1.0,0.006990363934446239,0.006990363934446239
Tuebingen,101,0.5,0.04181096357541599,0.04181096357541599
Tuebingen,102,0.2,-0.030142364023434363,-0.030142364023434363
Tuebingen,103,0.2,0.004618270317051615,0.004618270317051615
Tuebingen,104,0.2,0.043101388001819806,0.04310138800181979
Tuebingen,106,1.0,0.00829400612054668,0.008294006120546678
Tuebingen,108,1.0,0.05422948605712831,0.05422948605712831
